fault_label,metric,direction_interpreted_as_degradation,meaningful_threshold,n_pairs,observed_mean_difference,observed_sd_difference,posterior_mean_effect,posterior_median_effect,credible_interval_95_lower,credible_interval_95_upper,p_degradation,p_meaningful_degradation
frontal_masking,actual_path_length_m,positive,0.1,54,0.2046315707004973,1.0994305726137341,0.20393630777383798,0.20511941126453567,-0.09125720090882282,0.5005047207602912,0.9097,0.75765
frontal_masking,completion_time_s,positive,5.0,54,9.209574074074071,36.318039728171605,9.180502569219602,9.201315456437205,-0.7911548262794864,18.92549781512259,0.96495,0.7989
frontal_masking,controller_new_path_count,positive,5.0,54,9.314814814814815,31.63996998905744,9.312734524097753,9.320140041159178,0.7435891556632853,17.956970024563695,0.9839,0.83735
frontal_masking,whole_max_stop_streak_s,positive,5.0,54,14.017962962962963,35.30578542465007,14.060637703672986,14.06756093826814,4.4426925903661525,23.732196618639133,0.9979,0.96735
frontal_masking,whole_mean_speed_mps,negative,0.005,54,-0.0010328346738543595,0.0033772608868668473,-0.0010353008330062736,-0.0010347869138454576,-0.0019442031392051544,-0.00012079095490087186,0.98595,0.0
frontal_masking,whole_stop_ratio,positive,0.05,54,0.04944878535313299,0.07769589644369373,0.049438983962024646,0.049462285374572784,0.02802899665571132,0.07073725577176998,0.99995,0.48025
lidar_dropout,actual_path_length_m,positive,0.1,54,0.12551053713639615,1.0413484401975084,0.12685930303192877,0.12703995484390268,-0.1544937102589827,0.4079859873822324,0.8101,0.5746
lidar_dropout,completion_time_s,positive,5.0,54,6.430922222222221,30.576961575118762,6.4207698724181475,6.428226603527053,-1.893450278077241,14.685818720005056,0.93545,0.63245
lidar_dropout,controller_new_path_count,positive,5.0,54,5.685185185185185,29.395047762912842,5.66325041979303,5.6256683499920115,-2.2643880851897085,13.765683480045055,0.9194,0.563
lidar_dropout,whole_max_stop_streak_s,positive,5.0,54,11.43148148148148,46.48432336302765,11.428933506844368,11.411381196420518,-1.334589653549121,24.021835836184923,0.9617,0.8442
lidar_dropout,whole_mean_speed_mps,negative,0.005,54,-0.0009532469302657999,0.003129213881572084,-0.0009536947802368477,-0.0009526463178548331,-0.0018091100052937208,-0.0001116958372582256,0.9862,0.0
lidar_dropout,whole_stop_ratio,positive,0.05,54,0.025907425019688138,0.12108868004706258,0.025821138458840386,0.0259274352009341,-0.00740221697764089,0.0584930895148887,0.9374,0.07265
