world_idx,fault_label,metric,direction_interpreted_as_degradation,meaningful_threshold,n_pairs,observed_mean_difference,observed_sd_difference,posterior_mean_effect,posterior_median_effect,credible_interval_95_lower,credible_interval_95_upper,p_degradation,p_meaningful_degradation
274,frontal_masking,completion_time_s,positive,5.0,6,7.568100000000001,5.3597875428042965,7.5684349887862465,7.571486287246551,1.9926443711777142,13.191721231004028,0.9917,0.85545
8,frontal_masking,completion_time_s,positive,5.0,6,6.80865,3.848335528381058,6.812148924381815,6.817580152010946,2.8039351525595193,10.849369837840243,0.99635,0.8478
173,frontal_masking,completion_time_s,positive,5.0,6,44.94606666666668,93.93958537729804,44.756809696763746,44.69088697903157,-53.9573653230403,142.8035451835761,0.854,0.8267
86,frontal_masking,completion_time_s,positive,5.0,6,8.145616666666669,9.841802584977346,8.110700023147166,8.102635152302252,-2.1937828079888964,18.408058522961625,0.9518,0.763
76,frontal_masking,completion_time_s,positive,5.0,6,5.157716666666668,5.787738452078378,5.132541268465751,5.153015464364509,-0.8410945769151896,11.04025816352558,0.96135,0.5258
250,frontal_masking,completion_time_s,positive,5.0,6,4.521149999999977,9.66186809074725,4.588210541933545,4.581724473324232,-5.555030484827978,14.69195941767109,0.85335,0.46015
239,frontal_masking,completion_time_s,positive,5.0,6,0.7819333333333182,54.79590489270769,0.5560265382196231,0.4301563944266428,-57.48117504429369,58.13101044475133,0.50745,0.42755
240,frontal_masking,completion_time_s,positive,5.0,6,3.942199999999995,3.2699189867640444,3.948125850419003,3.9357677096420343,0.5603999846177661,7.3449645264906085,0.9838,0.2328
94,frontal_masking,completion_time_s,positive,5.0,6,1.0147333333333393,9.327820344467762,0.9803922359878928,0.9915258380137204,-8.648996952643984,10.587016541505708,0.59625,0.16955
94,lidar_dropout,completion_time_s,positive,5.0,6,8.19286666666668,7.726615543086541,8.189915311260949,8.171509282660045,0.23500911342880906,16.207982811530613,0.9771,0.81955
76,lidar_dropout,completion_time_s,positive,5.0,6,35.60366666666666,78.27641428314577,35.33627471962123,35.55609086574218,-46.84131806132173,116.49437232336909,0.8418,0.80735
240,lidar_dropout,completion_time_s,positive,5.0,6,6.4719666666666695,4.019788504220911,6.471687566127991,6.482685780152238,2.2323638147630214,10.78289102338913,0.9947,0.79535
274,lidar_dropout,completion_time_s,positive,5.0,6,6.000016666666663,3.7848807602970274,6.013012398483352,6.003775824301975,2.07899086981844,9.990868069387917,0.9947,0.7305
239,lidar_dropout,completion_time_s,positive,5.0,6,10.72471666666666,21.512791314231322,10.644450087603113,10.623567197246857,-11.633461141126304,33.02784420133272,0.8606,0.72595
86,lidar_dropout,completion_time_s,positive,5.0,6,3.7196,5.455837551100657,3.764999666007653,3.7647785375849017,-1.941351759281816,9.51273725813677,0.9239,0.30145
8,lidar_dropout,completion_time_s,positive,5.0,6,-11.007883333333345,40.14198046596191,-10.749908028764256,-10.559252634241853,-52.558487784813444,29.965080937304688,0.26755,0.1874
173,lidar_dropout,completion_time_s,positive,5.0,6,0.20426666666665008,4.87073951209328,0.19536659575240942,0.19157356732371145,-4.872266813567469,5.3012917025435105,0.5363,0.03005
250,lidar_dropout,completion_time_s,positive,5.0,6,-2.0309166666666507,3.4478754022827833,-2.0336720853084174,-2.04011451674342,-5.604687474810487,1.6351767678910656,0.10385,0.00165
