,mean,sd,eti95_lb,eti95_ub,ess_bulk,ess_tail,r_hat,mcse_mean,mcse_sd
mu,4.515495,1.370306,1.629109,7.271631,1498.487247,1357.21182,1.001966,0.03737,0.034856
tau,2.42044,1.826688,0.082585,6.696806,724.743691,1174.021999,1.004086,0.065334,0.080955
sigma,5.202105,0.786392,3.737316,6.84395,2198.40076,2361.897293,1.001291,0.016634,0.012099
nu,31.352039,27.931364,3.31793,104.78672,2785.405013,1965.997805,1.000526,0.440255,0.542915
theta[8],4.933138,1.701311,1.593171,8.524248,5810.825229,3355.057504,1.00096,0.02267,0.018746
theta[76],4.201585,1.687365,0.588457,7.457457,4571.925752,3511.576104,0.999694,0.02564,0.021747
theta[86],4.196473,1.685276,0.760594,7.362792,4053.58762,3102.408064,1.001319,0.026703,0.021725
theta[94],5.898811,1.89532,2.64969,10.074593,2439.844261,2763.670371,1.001971,0.038168,0.030135
theta[173],3.66474,2.505905,-2.135766,8.132031,2421.529779,2634.070657,1.002642,0.050081,0.048214
theta[239],5.715181,2.717951,0.939274,12.262548,2873.591923,2357.368293,1.001611,0.051947,0.049381
theta[240],5.398427,1.653793,2.311421,8.887756,3967.553557,3373.057877,1.000518,0.026258,0.021709
theta[250],1.687391,3.026707,-5.040175,6.163752,1093.067837,2182.859056,1.003019,0.092114,0.063024
theta[274],5.210969,1.656825,2.116324,8.752496,4202.391529,3255.04503,0.999536,0.025873,0.023057
