world_idx,condition,run_id,status,completion_time_s,nav_metric,sample_count,nominal_path_length_m,actual_path_length_m,net_displacement_m,path_efficiency_ratio,max_ref_progress_m,max_ref_progress_ratio,min_goal_distance_m,final_goal_distance_m,fault_config_start_s,fault_config_duration_s,scan_fault_mode,fault_center_deg,fault_width_deg,fault_replacement,scan_dropout_period_s,scan_dropout_duty_cycle,odom_linear_scale,odom_yaw_rate_bias_deg_s,fault_active_t_s,fault_end_t_s,fault_timing_source,progress_at_fault_start_m,progress_at_fault_end_m,progress_delta_during_fault_m,whole_path_length_m,whole_mean_speed_mps,whole_stop_ratio,whole_max_stop_streak_s,pre_fault_mean_speed_mps,pre_fault_stop_ratio,during_fault_mean_speed_mps,during_fault_stop_ratio,during_fault_path_length_m,during_fault_max_stop_streak_s,post_fault_mean_speed_mps,post_fault_stop_ratio,post_fault_path_length_m,post_fault_max_stop_streak_s,local_costmap_warn_count,global_costmap_warn_count,controller_warn_count,planner_warn_count,behavior_warn_count,bt_warn_count,controller_new_path_count,robot_out_of_bounds_count,raytrace_oob_count,recovery_spin_mentions,recovery_backup_mentions,recovery_drive_on_heading_mentions,recovery_wait_mentions,recovery_assisted_teleop_mentions,recovery_mentions_total
8,baseline,1,succeeded,199.4981,0.125,40,11.241805096548905,9.469380641065946,8.937661886645746,1.0697004173912126,10.12940042418451,0.9010475041320642,1.1321660655575227,1.1321660655575227,nan,nan,,nan,nan,,nan,nan,nan,nan,nan,nan,,nan,nan,nan,9.359380641065943,0.04789366820727635,0.6666154948316446,35.080000000000005,0.04789366820727635,0.6666154948316446,0.0,0.0,0.0,0.0,0.0,0.0,0.0,0.0,0,0,72,0,0,0,199,0,0,3,3,3,4,3,16
8,baseline,2,succeeded,196.0094,0.125,40,11.241805096548905,9.556232879492708,9.036398618918932,1.0707878552143897,10.232698108961227,0.9102362139424156,1.0278618584226196,1.0278618584226196,nan,nan,,nan,nan,,nan,nan,nan,nan,nan,nan,,nan,nan,nan,9.446232879492705,0.04834058072510468,0.5637889565528889,45.05,0.04834058072510468,0.5637889565528889,0.0,0.0,0.0,0.0,0.0,0.0,0.0,0.0,0,0,48,0,0,0,196,0,0,3,3,3,4,3,16
8,baseline,3,succeeded,199.6984,0.125,40,11.241805096548905,9.434614251566567,8.917269761535758,1.0716988882049692,10.111065604046647,0.8994165542996844,1.1479111463872105,1.1479111463872105,nan,nan,,nan,nan,,nan,nan,nan,nan,nan,nan,,nan,nan,nan,9.324614251566567,0.04771332063432722,0.7436422248375378,50.11999999999999,0.04771332063432722,0.7436422248375378,0.0,0.0,0.0,0.0,0.0,0.0,0.0,0.0,0,0,52,0,0,0,200,0,0,3,3,3,4,3,16
8,baseline,4,timeout,300.0153,0.0,60,11.241805096548905,8.842396312845317,8.346843714842155,1.0757853273017477,9.512520211546066,0.8461737354320698,1.7520844728494114,1.7520844728494114,nan,nan,,nan,nan,,nan,nan,nan,nan,nan,nan,,nan,nan,nan,8.732396312845317,0.029527275014693037,1.0,295.73999999999995,0.029527275014693037,1.0,0.0,0.0,0.0,0.0,0.0,0.0,0.0,0.0,0,0,945,0,0,0,298,0,0,3,3,3,4,3,16
8,baseline,5,succeeded,143.8965,0.125,29,11.241805096548905,9.450912580213936,8.938081449617696,1.0716369863982305,10.127947476173587,0.9009182590510079,1.1354734695271398,1.1354734695271398,nan,nan,,nan,nan,,nan,nan,nan,nan,nan,nan,,nan,nan,nan,9.340912580213937,0.06656390351467212,0.03563030000712607,5.0,0.06656390351467212,0.03563030000712607,0.0,0.0,0.0,0.0,0.0,0.0,0.0,0.0,0,0,12,0,0,0,144,0,0,3,3,3,4,3,16
8,baseline,6,succeeded,153.7662,0.125,31,11.241805096548905,9.453142487941072,8.917269761535758,1.0695983496435029,10.111065604046647,0.8994165542996844,1.1479111463872105,1.1479111463872105,nan,nan,,nan,nan,,nan,nan,nan,nan,nan,nan,,nan,nan,nan,9.343142487941071,0.062130220028867346,0.033315600478787205,5.010000000000019,0.062130220028867346,0.033315600478787205,0.0,0.0,0.0,0.0,0.0,0.0,0.0,0.0,0,0,29,0,0,2,154,0,0,3,3,3,4,3,16
8,fault,1,succeeded,198.5801,0.125,40,11.241805096548905,9.514272645700311,8.966833331784416,1.0680782810046914,10.161987972429545,0.903946286664332,1.0973149046650184,1.0973149046650184,15.0,20.0,dropout,0.0,90.0,range_max,1.0,0.5,nan,nan,15.02,35.019999999999996,logged,0.6118950340967964,1.621800459486548,1.0099054253897517,9.404272645700312,0.04811354060012438,0.6155735188785431,55.16,0.0509173888847459,0.5,0.05019490318678283,0.3333333333333334,0.754429394897346,5.010000000000002,0.04773954329451942,0.6564837905236908,7.657422744440915,55.16,0,0,70,0,0,0,198,0,0,3,3,3,4,3,16
8,fault,2,succeeded,205.9458,0.125,42,11.241805096548905,9.575306138057883,9.046021224825862,1.069839939668425,10.244044941046546,0.9112455564801902,1.0151354589413186,1.0151354589413186,15.0,20.0,dropout,0.0,90.0,range_max,1.0,0.5,nan,nan,15.01,35.01,logged,0.572532671895646,1.529678304576025,0.9571456326803789,9.465306138057882,0.046062125349447085,0.8294807533213293,60.17999999999999,0.04683266136094982,1.0,0.04807042869380167,0.6673320026613441,0.722498543267839,10.030000000000001,0.04571061578946533,0.8237089201877932,7.789088930524892,45.129999999999995,0,0,67,0,0,3,206,0,0,3,3,3,4,3,16
8,fault,3,succeeded,207.902,0.125,42,11.241805096548905,9.507405889083993,8.986434220534862,1.0710838274277545,10.183228688589256,0.9058357266588247,1.0751744044572484,1.0751744044572484,15.0,20.0,dropout,0.0,90.0,range_max,1.0,0.5,nan,nan,15.0,35.0,logged,0.5922138529962212,1.5412973151052802,0.949083462109059,9.397405889083991,0.045729469046637425,0.8780048661800486,110.27,0.04882552221008829,1.0,0.048860290256338104,0.6664447403462052,0.7338815596501983,5.010000000000002,0.045248334693933204,0.8822908109376832,7.711221198540097,100.25,0,0,71,0,0,0,207,0,0,3,3,3,4,3,16
8,fault,4,succeeded,207.4227,0.125,42,11.241805096548905,9.539558773618193,9.007197122301699,1.0692434317743047,10.200110560716194,0.907337431410148,1.0628264204469138,1.0628264204469138,15.0,20.0,dropout,0.0,90.0,range_max,1.0,0.5,nan,nan,15.01,35.01,logged,0.5823732624459333,1.6003408584070058,1.0179675959610726,9.429558773618194,0.04590603560497636,0.8051214643882967,100.2,0.04782867729720478,1.0,0.050792161273603684,0.3333333333333334,0.7634061839422634,5.010000000000002,0.04516120520394684,0.8532260905301474,7.692308082388267,90.19,0,0,92,0,0,0,207,0,0,3,3,3,4,3,16
8,fault,5,succeeded,148.8811,0.125,30,11.241805096548905,9.435232344412727,8.908108665704523,1.0702720882046224,10.098265823950404,0.8982779666808534,1.163786922078092,1.163786922078092,15.0,20.0,dropout,0.0,90.0,range_max,1.0,0.5,nan,nan,15.02,35.019999999999996,logged,0.7791850734516848,2.1536132883959547,1.37442821494427,9.325232344412727,0.06416591443206995,0.034542076653134315,5.02000000000001,0.0678798614642358,0.0,0.0664305539487715,0.0,0.9991155313895231,0.0,0.06350905386052792,0.04552462138387603,7.003143369200414,5.02000000000001,0,0,8,0,0,0,149,0,0,3,3,3,4,3,16
8,fault,6,succeeded,158.1049,0.125,32,11.241805096548905,9.461935881257016,8.94684860719125,1.0718948354291074,10.142200204280755,0.9021860917508955,1.1162884931772794,1.1162884931772794,15.0,20.0,dropout,0.0,90.0,range_max,1.0,0.5,nan,nan,15.0,35.0,logged,0.7201415301499593,1.9965728297209937,1.2764312995710343,9.351935881257017,0.060206887795384134,0.06457220112019568,5.020000000000003,0.06183013079477991,0.0,0.06311067101696004,0.0,0.9491844920950789,0.0,0.05963891803532722,0.08342343840971467,7.170387115387392,5.020000000000003,0,0,21,0,0,0,158,0,0,3,3,3,4,3,16
