category,file,source,status,thesis_use,note,size_bytes,sha256_16
bayesian_diagnostic,04_bayesian_dissertation_diagnostics/bayesian_dissertation_diagnostics_report.md,/home/student24/dissertation/barn_ros2/fault_campaigns/thesis_fault12_analysis/bayesian_dissertation_diagnostics/bayesian_dissertation_diagnostics_report.md,available,Bayesian model convergence/PPC/tau/prior evidence,,3375,57aa3a272e4df4c8
bayesian_diagnostic,04_bayesian_dissertation_diagnostics/convergence_diagnostics_full.csv,/home/student24/dissertation/barn_ros2/fault_campaigns/thesis_fault12_analysis/bayesian_dissertation_diagnostics/convergence_diagnostics_full.csv,available,Bayesian model convergence/PPC/tau/prior evidence,,3389,f8cb29ad342ab2d9
bayesian_diagnostic,04_bayesian_dissertation_diagnostics/frontal_masking__completion_time_s_full_arviz_summary_95.csv,/home/student24/dissertation/barn_ros2/fault_campaigns/thesis_fault12_analysis/bayesian_dissertation_diagnostics/frontal_masking__completion_time_s_full_arviz_summary_95.csv,available,Bayesian model convergence/PPC/tau/prior evidence,,1301,ecd28c27584d8944
bayesian_diagnostic,04_bayesian_dissertation_diagnostics/frontal_masking__completion_time_s_ppc_hist.svg,/home/student24/dissertation/barn_ros2/fault_campaigns/thesis_fault12_analysis/bayesian_dissertation_diagnostics/frontal_masking__completion_time_s_ppc_hist.svg,available,Bayesian model convergence/PPC/tau/prior evidence,,4990,650dfc78c558db3c
bayesian_diagnostic,04_bayesian_dissertation_diagnostics/lidar_dropout__completion_time_s_full_arviz_summary_95.csv,/home/student24/dissertation/barn_ros2/fault_campaigns/thesis_fault12_analysis/bayesian_dissertation_diagnostics/lidar_dropout__completion_time_s_full_arviz_summary_95.csv,available,Bayesian model convergence/PPC/tau/prior evidence,,1302,a1ec26533cc8cc29
bayesian_diagnostic,04_bayesian_dissertation_diagnostics/lidar_dropout__completion_time_s_ppc_hist.svg,/home/student24/dissertation/barn_ros2/fault_campaigns/thesis_fault12_analysis/bayesian_dissertation_diagnostics/lidar_dropout__completion_time_s_ppc_hist.svg,available,Bayesian model convergence/PPC/tau/prior evidence,,4985,c2945d81aed294c3
bayesian_diagnostic,04_bayesian_dissertation_diagnostics/posterior_predictive_checks.csv,/home/student24/dissertation/barn_ros2/fault_campaigns/thesis_fault12_analysis/bayesian_dissertation_diagnostics/posterior_predictive_checks.csv,available,Bayesian model convergence/PPC/tau/prior evidence,,1102,3ff118cd2145e6fb
bayesian_diagnostic,04_bayesian_dissertation_diagnostics/sampling_diagnostics.csv,/home/student24/dissertation/barn_ros2/fault_campaigns/thesis_fault12_analysis/bayesian_dissertation_diagnostics/sampling_diagnostics.csv,available,Bayesian model convergence/PPC/tau/prior evidence,,344,0155f3dc6375917d
bayesian_diagnostic,04_bayesian_dissertation_diagnostics/tau_heterogeneity_interpretation.csv,/home/student24/dissertation/barn_ros2/fault_campaigns/thesis_fault12_analysis/bayesian_dissertation_diagnostics/tau_heterogeneity_interpretation.csv,available,Bayesian model convergence/PPC/tau/prior evidence,,615,cefaaaaf1ca23719
bayesian_primary_model,04_bayesian_dissertation_diagnostics/primary_model_outputs/frontal_masking__completion_time_s.nc,/home/student24/dissertation/barn_ros2/fault_campaigns/thesis_fault12_analysis/pymc_hierarchical_matched_success_completion/frontal_masking__completion_time_s.nc,available,Underlying matched-success PyMC model output,,2823885,c9b75d604db29448
bayesian_primary_model,04_bayesian_dissertation_diagnostics/primary_model_outputs/frontal_masking__completion_time_s_arviz_summary.csv,/home/student24/dissertation/barn_ros2/fault_campaigns/thesis_fault12_analysis/pymc_hierarchical_matched_success_completion/frontal_masking__completion_time_s_arviz_summary.csv,available,Underlying matched-success PyMC model output,,1297,d3e362d275eddbf0
bayesian_primary_model,04_bayesian_dissertation_diagnostics/primary_model_outputs/lidar_dropout__completion_time_s.nc,/home/student24/dissertation/barn_ros2/fault_campaigns/thesis_fault12_analysis/pymc_hierarchical_matched_success_completion/lidar_dropout__completion_time_s.nc,available,Underlying matched-success PyMC model output,,2599885,8a09b51b65894c32
bayesian_primary_model,04_bayesian_dissertation_diagnostics/primary_model_outputs/lidar_dropout__completion_time_s_arviz_summary.csv,/home/student24/dissertation/barn_ros2/fault_campaigns/thesis_fault12_analysis/pymc_hierarchical_matched_success_completion/lidar_dropout__completion_time_s_arviz_summary.csv,available,Underlying matched-success PyMC model output,,1304,bf0bddf3844d2ca7
bayesian_primary_model,04_bayesian_dissertation_diagnostics/primary_model_outputs/pymc_hierarchical_diagnostics.csv,/home/student24/dissertation/barn_ros2/fault_campaigns/thesis_fault12_analysis/pymc_hierarchical_matched_success_completion/pymc_hierarchical_diagnostics.csv,available,Underlying matched-success PyMC model output,,943,5759f33ef8227b09
bayesian_primary_model,04_bayesian_dissertation_diagnostics/primary_model_outputs/pymc_hierarchical_fault_effects.csv,/home/student24/dissertation/barn_ros2/fault_campaigns/thesis_fault12_analysis/pymc_hierarchical_matched_success_completion/pymc_hierarchical_fault_effects.csv,available,Underlying matched-success PyMC model output,,1716,0b97dda807056f50
bayesian_primary_model,04_bayesian_dissertation_diagnostics/primary_model_outputs/pymc_hierarchical_report.md,/home/student24/dissertation/barn_ros2/fault_campaigns/thesis_fault12_analysis/pymc_hierarchical_matched_success_completion/pymc_hierarchical_report.md,available,Underlying matched-success PyMC model output,,4266,97fa33bd709413df
bayesian_primary_model,04_bayesian_dissertation_diagnostics/primary_model_outputs/pymc_hierarchical_world_effects.csv,/home/student24/dissertation/barn_ros2/fault_campaigns/thesis_fault12_analysis/pymc_hierarchical_matched_success_completion/pymc_hierarchical_world_effects.csv,available,Underlying matched-success PyMC model output,,4390,1b49e352f6c646d2
campaign_raw_summary,01_campaign_raw_summaries/frontal_masking/campaign_run_summary.csv,/home/student24/dissertation/barn_ros2/fault_campaigns/frontal_masking_tuned_clean_campaign1/summaries/campaign_analysis/campaign_run_summary.csv,available,frontal_masking parsed campaign analysis table,,56819,3e4a491d799cd2f5
campaign_raw_summary,01_campaign_raw_summaries/frontal_masking/campaign_status.json,/home/student24/dissertation/barn_ros2/fault_campaigns/frontal_masking_tuned_clean_campaign1/summaries/campaign_status.json,available,frontal_masking campaign completion/status evidence,,2630,c574b255154b442a
campaign_raw_summary,01_campaign_raw_summaries/frontal_masking/condition_summary.csv,/home/student24/dissertation/barn_ros2/fault_campaigns/frontal_masking_tuned_clean_campaign1/summaries/campaign_analysis/condition_summary.csv,available,frontal_masking parsed campaign analysis table,,1419,d049f2733e2f7685
campaign_raw_summary,01_campaign_raw_summaries/frontal_masking/run_attempts.csv,/home/student24/dissertation/barn_ros2/fault_campaigns/frontal_masking_tuned_clean_campaign1/summaries/run_attempts.csv,available,frontal_masking run attempts and retries,,84029,01c224545ca1cbab
campaign_raw_summary,01_campaign_raw_summaries/frontal_masking/world_fault_summary.csv,/home/student24/dissertation/barn_ros2/fault_campaigns/frontal_masking_tuned_clean_campaign1/summaries/campaign_analysis/world_fault_summary.csv,available,frontal_masking parsed campaign analysis table,,5267,45a4b7d41b16e91f
campaign_raw_summary,01_campaign_raw_summaries/frontal_masking/world_status.csv,/home/student24/dissertation/barn_ros2/fault_campaigns/frontal_masking_tuned_clean_campaign1/summaries/world_status.csv,available,frontal_masking per-world completion status,,397,b8a3cb1acef2049d
campaign_raw_summary,01_campaign_raw_summaries/lidar_dropout/campaign_run_summary.csv,/home/student24/dissertation/barn_ros2/fault_campaigns/lidar_dropout_tuned_clean_campaign2/summaries/campaign_analysis/campaign_run_summary.csv,available,lidar_dropout parsed campaign analysis table,,54067,14be3ff6e1452bc9
campaign_raw_summary,01_campaign_raw_summaries/lidar_dropout/campaign_status.json,/home/student24/dissertation/barn_ros2/fault_campaigns/lidar_dropout_tuned_clean_campaign2/summaries/campaign_status.json,available,lidar_dropout campaign completion/status evidence,,2626,6bd71251df3827cb
campaign_raw_summary,01_campaign_raw_summaries/lidar_dropout/condition_summary.csv,/home/student24/dissertation/barn_ros2/fault_campaigns/lidar_dropout_tuned_clean_campaign2/summaries/campaign_analysis/condition_summary.csv,available,lidar_dropout parsed campaign analysis table,,1438,67879692854719eb
campaign_raw_summary,01_campaign_raw_summaries/lidar_dropout/run_attempts.csv,/home/student24/dissertation/barn_ros2/fault_campaigns/lidar_dropout_tuned_clean_campaign2/summaries/run_attempts.csv,available,lidar_dropout run attempts and retries,,82129,353e4af6270b283a
campaign_raw_summary,01_campaign_raw_summaries/lidar_dropout/world_fault_summary.csv,/home/student24/dissertation/barn_ros2/fault_campaigns/lidar_dropout_tuned_clean_campaign2/summaries/campaign_analysis/world_fault_summary.csv,available,lidar_dropout parsed campaign analysis table,,5334,bd0472ac9b726210
campaign_raw_summary,01_campaign_raw_summaries/lidar_dropout/world_status.csv,/home/student24/dissertation/barn_ros2/fault_campaigns/lidar_dropout_tuned_clean_campaign2/summaries/world_status.csv,available,lidar_dropout per-world completion status,,397,b8a3cb1acef2049d
campaign_raw_summary,01_campaign_raw_summaries/lidar_dropout_probe/campaign_run_summary.csv,/home/student24/dissertation/barn_ros2/fault_campaigns/lidar_dropout_probe_campaign1/summaries/campaign_analysis/campaign_run_summary.csv,available,lidar_dropout_probe parsed campaign analysis table,,19285,3808883da8a94b24
campaign_raw_summary,01_campaign_raw_summaries/lidar_dropout_probe/campaign_status.json,/home/student24/dissertation/barn_ros2/fault_campaigns/lidar_dropout_probe_campaign1/summaries/campaign_status.json,available,lidar_dropout_probe campaign completion/status evidence,,1062,c15cf446db725bee
campaign_raw_summary,01_campaign_raw_summaries/lidar_dropout_probe/condition_summary.csv,/home/student24/dissertation/barn_ros2/fault_campaigns/lidar_dropout_probe_campaign1/summaries/campaign_analysis/condition_summary.csv,available,lidar_dropout_probe parsed campaign analysis table,,1438,f69bb51e57c7e032
campaign_raw_summary,01_campaign_raw_summaries/lidar_dropout_probe/run_attempts.csv,/home/student24/dissertation/barn_ros2/fault_campaigns/lidar_dropout_probe_campaign1/summaries/run_attempts.csv,available,lidar_dropout_probe run attempts and retries,,26592,62e1a9df1d653ee9
campaign_raw_summary,01_campaign_raw_summaries/lidar_dropout_probe/world_fault_summary.csv,/home/student24/dissertation/barn_ros2/fault_campaigns/lidar_dropout_probe_campaign1/summaries/campaign_analysis/world_fault_summary.csv,available,lidar_dropout_probe parsed campaign analysis table,,2389,efc8805935193554
campaign_raw_summary,01_campaign_raw_summaries/lidar_dropout_probe/world_status.csv,/home/student24/dissertation/barn_ros2/fault_campaigns/lidar_dropout_probe_campaign1/summaries/world_status.csv,available,lidar_dropout_probe per-world completion status,,213,515285872916478a
campaign_raw_summary,01_campaign_raw_summaries/odom_drift_exploratory/campaign_run_summary.csv,/home/student24/dissertation/barn_ros2/fault_campaigns/odom_drift_tuned_clean_campaign1/summaries/campaign_analysis/campaign_run_summary.csv,available,odom_drift_exploratory parsed campaign analysis table,,54271,a8efaa74923e08ce
campaign_raw_summary,01_campaign_raw_summaries/odom_drift_exploratory/campaign_status.json,/home/student24/dissertation/barn_ros2/fault_campaigns/odom_drift_tuned_clean_campaign1/summaries/campaign_status.json,available,odom_drift_exploratory campaign completion/status evidence,,2620,aec26880e1678367
campaign_raw_summary,01_campaign_raw_summaries/odom_drift_exploratory/condition_summary.csv,/home/student24/dissertation/barn_ros2/fault_campaigns/odom_drift_tuned_clean_campaign1/summaries/campaign_analysis/condition_summary.csv,available,odom_drift_exploratory parsed campaign analysis table,,1430,e97462a950a78acc
campaign_raw_summary,01_campaign_raw_summaries/odom_drift_exploratory/run_attempts.csv,/home/student24/dissertation/barn_ros2/fault_campaigns/odom_drift_tuned_clean_campaign1/summaries/run_attempts.csv,available,odom_drift_exploratory run attempts and retries,,80426,365cb8a1246fdf7c
campaign_raw_summary,01_campaign_raw_summaries/odom_drift_exploratory/world_fault_summary.csv,/home/student24/dissertation/barn_ros2/fault_campaigns/odom_drift_tuned_clean_campaign1/summaries/campaign_analysis/world_fault_summary.csv,available,odom_drift_exploratory parsed campaign analysis table,,5270,e6b7a8f25a8ff1d8
campaign_raw_summary,01_campaign_raw_summaries/odom_drift_exploratory/world_status.csv,/home/student24/dissertation/barn_ros2/fault_campaigns/odom_drift_tuned_clean_campaign1/summaries/world_status.csv,available,odom_drift_exploratory per-world completion status,,397,b8a3cb1acef2049d
campaign_raw_summary,01_campaign_raw_summaries/odom_drift_stronger_exploratory/campaign_run_summary.csv,/home/student24/dissertation/barn_ros2/fault_campaigns/odom_drift_stronger_tuned_clean_campaign2/summaries/campaign_analysis/campaign_run_summary.csv,available,odom_drift_stronger_exploratory parsed campaign analysis table,,30685,4d76944f48b37ffa
campaign_raw_summary,01_campaign_raw_summaries/odom_drift_stronger_exploratory/campaign_status.json,/home/student24/dissertation/barn_ros2/fault_campaigns/odom_drift_stronger_tuned_clean_campaign2/summaries/campaign_status.json,available,odom_drift_stronger_exploratory campaign completion/status evidence,,2764,8524e7e8ae9bcdda
campaign_raw_summary,01_campaign_raw_summaries/odom_drift_stronger_exploratory/condition_summary.csv,/home/student24/dissertation/barn_ros2/fault_campaigns/odom_drift_stronger_tuned_clean_campaign2/summaries/campaign_analysis/condition_summary.csv,available,odom_drift_stronger_exploratory parsed campaign analysis table,,1424,7bd66990a0072055
campaign_raw_summary,01_campaign_raw_summaries/odom_drift_stronger_exploratory/run_attempts.csv,/home/student24/dissertation/barn_ros2/fault_campaigns/odom_drift_stronger_tuned_clean_campaign2/summaries/run_attempts.csv,available,odom_drift_stronger_exploratory run attempts and retries,,45838,be124bde9994e741
campaign_raw_summary,01_campaign_raw_summaries/odom_drift_stronger_exploratory/world_fault_summary.csv,/home/student24/dissertation/barn_ros2/fault_campaigns/odom_drift_stronger_tuned_clean_campaign2/summaries/campaign_analysis/world_fault_summary.csv,available,odom_drift_stronger_exploratory parsed campaign analysis table,,5075,771222480a8acacd
campaign_raw_summary,01_campaign_raw_summaries/odom_drift_stronger_exploratory/world_status.csv,/home/student24/dissertation/barn_ros2/fault_campaigns/odom_drift_stronger_tuned_clean_campaign2/summaries/world_status.csv,available,odom_drift_stronger_exploratory per-world completion status,,559,586ca8b95daac5e7
classifier_final_revalidation,05_classifier_evidence/stage2b_heldout_final_logic_revalidation/stage2b_episode_identification.csv,/home/student24/dissertation/barn_ros2/classifier_final_logic_revalidation.zip:stage2b_episode_identification.csv,available,Held-out W173/W274 revalidation of the final Stage2B classifier logic used by closed-loop integration.,"Final logic includes absolute fault-window scan signature; result: 4/4 correct, 0 wrong type, 0 unknown at 2 s observation window.",1118,c28350767dda2eaa
classifier_final_revalidation,05_classifier_evidence/stage2b_heldout_final_logic_revalidation/stage2b_episode_summary_by_window.csv,/home/student24/dissertation/barn_ros2/classifier_final_logic_revalidation.zip:stage2b_episode_summary_by_window.csv,available,Held-out W173/W274 revalidation of the final Stage2B classifier logic used by closed-loop integration.,"Final logic includes absolute fault-window scan signature; result: 4/4 correct, 0 wrong type, 0 unknown at 2 s observation window.",469,5d22063a641cb771
classifier_stage1,05_classifier_evidence/stage1_signature_diagnostics_dev/scan_signature_summary.csv,/home/student24/dissertation/barn_ros2/_raw_imports/week_recovery_classifier_evidence/week_recovery_classifier_evidence_2026-08-16_19-35-27/stage1_scan_signature_diagnostics_start5/analysis/scan_signature_summary.csv,available,Scan signature diagnostics for classifier development,,4154,2b5cad67581c2cfd
classifier_stage1,05_classifier_evidence/stage1_signature_diagnostics_dev/summary.json,/home/student24/dissertation/barn_ros2/_raw_imports/week_recovery_classifier_evidence/week_recovery_classifier_evidence_2026-08-16_19-35-27/stage1_scan_signature_diagnostics_start5/analysis/summary.json,available,Scan signature diagnostics for classifier development,,912,4a004e27b4fd8246
classifier_stage1,05_classifier_evidence/stage1_signature_diagnostics_dev/world_008_scan_signature_timeseries.png,/home/student24/dissertation/barn_ros2/_raw_imports/week_recovery_classifier_evidence/week_recovery_classifier_evidence_2026-08-16_19-35-27/stage1_scan_signature_diagnostics_start5/analysis/world_008_scan_signature_timeseries.png,available,Scan signature diagnostics for classifier development,,130154,af3e17ad2f0e6aa9
classifier_stage1,05_classifier_evidence/stage1_signature_diagnostics_dev/world_094_scan_signature_timeseries.png,/home/student24/dissertation/barn_ros2/_raw_imports/week_recovery_classifier_evidence/week_recovery_classifier_evidence_2026-08-16_19-35-27/stage1_scan_signature_diagnostics_start5/analysis/world_094_scan_signature_timeseries.png,available,Scan signature diagnostics for classifier development,,135793,09dfa0acf7d5e6f0
classifier_stage1,05_classifier_evidence/stage1_signature_diagnostics_dev/world_240_scan_signature_timeseries.png,/home/student24/dissertation/barn_ros2/_raw_imports/week_recovery_classifier_evidence/week_recovery_classifier_evidence_2026-08-16_19-35-27/stage1_scan_signature_diagnostics_start5/analysis/world_240_scan_signature_timeseries.png,available,Scan signature diagnostics for classifier development,,123243,4b79619f564d9bfc
classifier_stage2b_dev,05_classifier_evidence/stage2b_development_validation/classifier_detection_summary_by_run.csv,/home/student24/dissertation/barn_ros2/_raw_imports/week_recovery_classifier_evidence/week_recovery_classifier_evidence_2026-08-16_19-35-27/stage1_scan_signature_diagnostics_start5/stage2_classifier_modes/classifier_detection_summary_by_run.csv,available,Stage2B development validation,,6977,c3724066cc872ece
classifier_stage2b_dev,05_classifier_evidence/stage2b_development_validation/classifier_detection_summary_by_window.csv,/home/student24/dissertation/barn_ros2/_raw_imports/week_recovery_classifier_evidence/week_recovery_classifier_evidence_2026-08-16_19-35-27/stage1_scan_signature_diagnostics_start5/stage2_classifier_modes/classifier_detection_summary_by_window.csv,available,Stage2B development validation,,1267,09d9decc16c7cd28
classifier_stage2b_dev,05_classifier_evidence/stage2b_development_validation/classifier_latency_by_run.csv,/home/student24/dissertation/barn_ros2/_raw_imports/week_recovery_classifier_evidence/week_recovery_classifier_evidence_2026-08-16_19-35-27/stage1_scan_signature_diagnostics_start5/stage2_classifier_modes/classifier_latency_by_run.csv,available,Stage2B development validation,,1448,4fd0110298e9eaa8
classifier_stage2b_dev,05_classifier_evidence/stage2b_development_validation/classifier_summary_by_run.csv,/home/student24/dissertation/barn_ros2/_raw_imports/week_recovery_classifier_evidence/week_recovery_classifier_evidence_2026-08-16_19-35-27/stage1_scan_signature_diagnostics_start5/stage2_classifier_modes/classifier_summary_by_run.csv,available,Stage2B development validation,,8685,921eaf57040bdb28
classifier_stage2b_dev,05_classifier_evidence/stage2b_development_validation/classifier_summary_by_window.csv,/home/student24/dissertation/barn_ros2/_raw_imports/week_recovery_classifier_evidence/week_recovery_classifier_evidence_2026-08-16_19-35-27/stage1_scan_signature_diagnostics_start5/stage2_classifier_modes/classifier_summary_by_window.csv,available,Stage2B development validation,,782,c31cdc0b6de03361
classifier_stage2b_dev,05_classifier_evidence/stage2b_development_validation/classifier_trigger_candidates.csv,/home/student24/dissertation/barn_ros2/_raw_imports/week_recovery_classifier_evidence/week_recovery_classifier_evidence_2026-08-16_19-35-27/stage1_scan_signature_diagnostics_start5/stage2_classifier_modes/classifier_trigger_candidates.csv,available,Stage2B development validation,,1729,8d351d5157f43b27
classifier_stage2b_dev,05_classifier_evidence/stage2b_development_validation/classifier_trigger_sweep_by_run.csv,/home/student24/dissertation/barn_ros2/_raw_imports/week_recovery_classifier_evidence/week_recovery_classifier_evidence_2026-08-16_19-35-27/stage1_scan_signature_diagnostics_start5/stage2_classifier_modes/classifier_trigger_sweep_by_run.csv,available,Stage2B development validation,,51932,b0bfaf8b3bce16d8
classifier_stage2b_dev,05_classifier_evidence/stage2b_development_validation/classifier_trigger_sweep_by_window.csv,/home/student24/dissertation/barn_ros2/_raw_imports/week_recovery_classifier_evidence/week_recovery_classifier_evidence_2026-08-16_19-35-27/stage1_scan_signature_diagnostics_start5/stage2_classifier_modes/classifier_trigger_sweep_by_window.csv,available,Stage2B development validation,,6800,a70cb479c532d053
classifier_stage2b_dev,05_classifier_evidence/stage2b_development_validation/classifier_typing_summary_by_run.csv,/home/student24/dissertation/barn_ros2/_raw_imports/week_recovery_classifier_evidence/week_recovery_classifier_evidence_2026-08-16_19-35-27/stage1_scan_signature_diagnostics_start5/stage2_classifier_modes/classifier_typing_summary_by_run.csv,available,Stage2B development validation,,3572,7714c3a29515190f
classifier_stage2b_dev,05_classifier_evidence/stage2b_development_validation/classifier_typing_summary_by_window.csv,/home/student24/dissertation/barn_ros2/_raw_imports/week_recovery_classifier_evidence/week_recovery_classifier_evidence_2026-08-16_19-35-27/stage1_scan_signature_diagnostics_start5/stage2_classifier_modes/classifier_typing_summary_by_window.csv,available,Stage2B development validation,,1051,08e6441bb0049610
classifier_stage2b_dev,05_classifier_evidence/stage2b_development_validation/episode_classifier_output.csv,/home/student24/dissertation/barn_ros2/_raw_imports/week_recovery_classifier_evidence/week_recovery_classifier_evidence_2026-08-16_19-35-27/stage1_scan_signature_diagnostics_start5/stage2_classifier_modes/episode_classifier_output.csv,available,Stage2B development validation,,964701,773b64e035797252
classifier_stage2b_dev,05_classifier_evidence/stage2b_development_validation/fault_active_semantics.csv,/home/student24/dissertation/barn_ros2/_raw_imports/week_recovery_classifier_evidence/week_recovery_classifier_evidence_2026-08-16_19-35-27/stage1_scan_signature_diagnostics_start5/stage2_classifier_modes/fault_active_semantics.csv,available,Stage2B development validation,,643,0ab2a9af15f70cf4
classifier_stage2b_dev,05_classifier_evidence/stage2b_development_validation/online_world_008_dropout_window2s_classifier_timeline.png,/home/student24/dissertation/barn_ros2/_raw_imports/week_recovery_classifier_evidence/week_recovery_classifier_evidence_2026-08-16_19-35-27/stage1_scan_signature_diagnostics_start5/stage2_classifier_modes/online_world_008_dropout_window2s_classifier_timeline.png,available,Stage2B development validation,,69139,78b386f9bb7d9d82
classifier_stage2b_dev,05_classifier_evidence/stage2b_development_validation/online_world_008_masking_window2s_classifier_timeline.png,/home/student24/dissertation/barn_ros2/_raw_imports/week_recovery_classifier_evidence/week_recovery_classifier_evidence_2026-08-16_19-35-27/stage1_scan_signature_diagnostics_start5/stage2_classifier_modes/online_world_008_masking_window2s_classifier_timeline.png,available,Stage2B development validation,,62665,1c0f7cfe97e0b96c
classifier_stage2b_dev,05_classifier_evidence/stage2b_development_validation/online_world_008_normal_window2s_classifier_timeline.png,/home/student24/dissertation/barn_ros2/_raw_imports/week_recovery_classifier_evidence/week_recovery_classifier_evidence_2026-08-16_19-35-27/stage1_scan_signature_diagnostics_start5/stage2_classifier_modes/online_world_008_normal_window2s_classifier_timeline.png,available,Stage2B development validation,,70009,6993595c86c72893
classifier_stage2b_dev,05_classifier_evidence/stage2b_development_validation/online_world_094_dropout_window2s_classifier_timeline.png,/home/student24/dissertation/barn_ros2/_raw_imports/week_recovery_classifier_evidence/week_recovery_classifier_evidence_2026-08-16_19-35-27/stage1_scan_signature_diagnostics_start5/stage2_classifier_modes/online_world_094_dropout_window2s_classifier_timeline.png,available,Stage2B development validation,,73738,e1ade93e1918e26b
classifier_stage2b_dev,05_classifier_evidence/stage2b_development_validation/online_world_094_masking_window2s_classifier_timeline.png,/home/student24/dissertation/barn_ros2/_raw_imports/week_recovery_classifier_evidence/week_recovery_classifier_evidence_2026-08-16_19-35-27/stage1_scan_signature_diagnostics_start5/stage2_classifier_modes/online_world_094_masking_window2s_classifier_timeline.png,available,Stage2B development validation,,56941,4de6945d6ffad457
classifier_stage2b_dev,05_classifier_evidence/stage2b_development_validation/online_world_094_normal_window2s_classifier_timeline.png,/home/student24/dissertation/barn_ros2/_raw_imports/week_recovery_classifier_evidence/week_recovery_classifier_evidence_2026-08-16_19-35-27/stage1_scan_signature_diagnostics_start5/stage2_classifier_modes/online_world_094_normal_window2s_classifier_timeline.png,available,Stage2B development validation,,76881,7b51539785af1b59
classifier_stage2b_dev,05_classifier_evidence/stage2b_development_validation/online_world_240_dropout_window2s_classifier_timeline.png,/home/student24/dissertation/barn_ros2/_raw_imports/week_recovery_classifier_evidence/week_recovery_classifier_evidence_2026-08-16_19-35-27/stage1_scan_signature_diagnostics_start5/stage2_classifier_modes/online_world_240_dropout_window2s_classifier_timeline.png,available,Stage2B development validation,,67374,5bb48ef708dcd983
classifier_stage2b_dev,05_classifier_evidence/stage2b_development_validation/online_world_240_masking_window2s_classifier_timeline.png,/home/student24/dissertation/barn_ros2/_raw_imports/week_recovery_classifier_evidence/week_recovery_classifier_evidence_2026-08-16_19-35-27/stage1_scan_signature_diagnostics_start5/stage2_classifier_modes/online_world_240_masking_window2s_classifier_timeline.png,available,Stage2B development validation,,60200,d588f2aa1b2735bd
classifier_stage2b_dev,05_classifier_evidence/stage2b_development_validation/online_world_240_normal_window2s_classifier_timeline.png,/home/student24/dissertation/barn_ros2/_raw_imports/week_recovery_classifier_evidence/week_recovery_classifier_evidence_2026-08-16_19-35-27/stage1_scan_signature_diagnostics_start5/stage2_classifier_modes/online_world_240_normal_window2s_classifier_timeline.png,available,Stage2B development validation,,65270,221df510a8481991
classifier_stage2b_dev,05_classifier_evidence/stage2b_development_validation/oracle_world_008_dropout_window2s_classifier_timeline.png,/home/student24/dissertation/barn_ros2/_raw_imports/week_recovery_classifier_evidence/week_recovery_classifier_evidence_2026-08-16_19-35-27/stage1_scan_signature_diagnostics_start5/stage2_classifier_modes/oracle_world_008_dropout_window2s_classifier_timeline.png,available,Stage2B development validation,,61711,4f5c3219da92321d
classifier_stage2b_dev,05_classifier_evidence/stage2b_development_validation/oracle_world_008_masking_window2s_classifier_timeline.png,/home/student24/dissertation/barn_ros2/_raw_imports/week_recovery_classifier_evidence/week_recovery_classifier_evidence_2026-08-16_19-35-27/stage1_scan_signature_diagnostics_start5/stage2_classifier_modes/oracle_world_008_masking_window2s_classifier_timeline.png,available,Stage2B development validation,,72119,07676b937d02f3f6
classifier_stage2b_dev,05_classifier_evidence/stage2b_development_validation/oracle_world_008_normal_window2s_classifier_timeline.png,/home/student24/dissertation/barn_ros2/_raw_imports/week_recovery_classifier_evidence/week_recovery_classifier_evidence_2026-08-16_19-35-27/stage1_scan_signature_diagnostics_start5/stage2_classifier_modes/oracle_world_008_normal_window2s_classifier_timeline.png,available,Stage2B development validation,,39940,e42803678ee7c67c
classifier_stage2b_dev,05_classifier_evidence/stage2b_development_validation/oracle_world_094_dropout_window2s_classifier_timeline.png,/home/student24/dissertation/barn_ros2/_raw_imports/week_recovery_classifier_evidence/week_recovery_classifier_evidence_2026-08-16_19-35-27/stage1_scan_signature_diagnostics_start5/stage2_classifier_modes/oracle_world_094_dropout_window2s_classifier_timeline.png,available,Stage2B development validation,,58490,530b15d50b7a1606
classifier_stage2b_dev,05_classifier_evidence/stage2b_development_validation/oracle_world_094_masking_window2s_classifier_timeline.png,/home/student24/dissertation/barn_ros2/_raw_imports/week_recovery_classifier_evidence/week_recovery_classifier_evidence_2026-08-16_19-35-27/stage1_scan_signature_diagnostics_start5/stage2_classifier_modes/oracle_world_094_masking_window2s_classifier_timeline.png,available,Stage2B development validation,,70694,30ac64d2916cc1dd
classifier_stage2b_dev,05_classifier_evidence/stage2b_development_validation/oracle_world_094_normal_window2s_classifier_timeline.png,/home/student24/dissertation/barn_ros2/_raw_imports/week_recovery_classifier_evidence/week_recovery_classifier_evidence_2026-08-16_19-35-27/stage1_scan_signature_diagnostics_start5/stage2_classifier_modes/oracle_world_094_normal_window2s_classifier_timeline.png,available,Stage2B development validation,,38323,3a3a01fba0c468ab
classifier_stage2b_dev,05_classifier_evidence/stage2b_development_validation/oracle_world_240_dropout_window2s_classifier_timeline.png,/home/student24/dissertation/barn_ros2/_raw_imports/week_recovery_classifier_evidence/week_recovery_classifier_evidence_2026-08-16_19-35-27/stage1_scan_signature_diagnostics_start5/stage2_classifier_modes/oracle_world_240_dropout_window2s_classifier_timeline.png,available,Stage2B development validation,,62442,f78fb9500b2ade05
classifier_stage2b_dev,05_classifier_evidence/stage2b_development_validation/oracle_world_240_masking_window2s_classifier_timeline.png,/home/student24/dissertation/barn_ros2/_raw_imports/week_recovery_classifier_evidence/week_recovery_classifier_evidence_2026-08-16_19-35-27/stage1_scan_signature_diagnostics_start5/stage2_classifier_modes/oracle_world_240_masking_window2s_classifier_timeline.png,available,Stage2B development validation,,57331,56301fdaf1445582
classifier_stage2b_dev,05_classifier_evidence/stage2b_development_validation/oracle_world_240_normal_window2s_classifier_timeline.png,/home/student24/dissertation/barn_ros2/_raw_imports/week_recovery_classifier_evidence/week_recovery_classifier_evidence_2026-08-16_19-35-27/stage1_scan_signature_diagnostics_start5/stage2_classifier_modes/oracle_world_240_normal_window2s_classifier_timeline.png,available,Stage2B development validation,,40547,ec186566588f7aed
classifier_stage2b_dev,05_classifier_evidence/stage2b_development_validation/scan_level_online_features.csv,/home/student24/dissertation/barn_ros2/_raw_imports/week_recovery_classifier_evidence/week_recovery_classifier_evidence_2026-08-16_19-35-27/stage1_scan_signature_diagnostics_start5/stage2_classifier_modes/scan_level_online_features.csv,available,Stage2B development validation,,1102443,09016c871eed3587
classifier_stage2b_dev,05_classifier_evidence/stage2b_development_validation/stage2b_episode_identification.csv,/home/student24/dissertation/barn_ros2/_raw_imports/week_recovery_classifier_evidence/week_recovery_classifier_evidence_2026-08-16_19-35-27/stage1_scan_signature_diagnostics_start5/stage2_classifier_modes/stage2b_episode_identification.csv,available,Stage2B development validation,,7615,8c31361f17306950
classifier_stage2b_dev,05_classifier_evidence/stage2b_development_validation/stage2b_episode_summary_by_run.csv,/home/student24/dissertation/barn_ros2/_raw_imports/week_recovery_classifier_evidence/week_recovery_classifier_evidence_2026-08-16_19-35-27/stage1_scan_signature_diagnostics_start5/stage2_classifier_modes/stage2b_episode_summary_by_run.csv,available,Stage2B development validation,,3335,e98834a5c70d6f4e
classifier_stage2b_dev,05_classifier_evidence/stage2b_development_validation/stage2b_episode_summary_by_window.csv,/home/student24/dissertation/barn_ros2/_raw_imports/week_recovery_classifier_evidence/week_recovery_classifier_evidence_2026-08-16_19-35-27/stage1_scan_signature_diagnostics_start5/stage2_classifier_modes/stage2b_episode_summary_by_window.csv,available,Stage2B development validation,,819,c7fb1af21190a376
classifier_stage2b_dev,05_classifier_evidence/stage2b_development_validation/summary.json,/home/student24/dissertation/barn_ros2/_raw_imports/week_recovery_classifier_evidence/week_recovery_classifier_evidence_2026-08-16_19-35-27/stage1_scan_signature_diagnostics_start5/stage2_classifier_modes/summary.json,available,Stage2B development validation,,72809,932a1609cdfe9ed9
classifier_stage2b_dev,05_classifier_evidence/stage2b_development_validation/window_classifier_output.csv,/home/student24/dissertation/barn_ros2/_raw_imports/week_recovery_classifier_evidence/week_recovery_classifier_evidence_2026-08-16_19-35-27/stage1_scan_signature_diagnostics_start5/stage2_classifier_modes/window_classifier_output.csv,available,Stage2B development validation,,878092,55b69838adebe40b
direct_propagation,06_direct_propagation_tracing/w240_dropout_timeline.png,/home/student24/dissertation/barn_ros2/methodological_cleanup_evidence_2026-08-16.zip:methodological_cleanup_evidence_2026-08-16/direct_propagation/w240_dropout_timeline.png,available,Direct W8 masking / W240 dropout time-aligned propagation tracing figure or CSV,Copied from methodological cleanup pack; scan metrics treat +inf as max-range/degraded evidence.,298485,b22979f12666a01a
direct_propagation,06_direct_propagation_tracing/w240_dropout_topic_counts.csv,/home/student24/dissertation/barn_ros2/methodological_cleanup_evidence_2026-08-16.zip:methodological_cleanup_evidence_2026-08-16/direct_propagation/w240_dropout_topic_counts.csv,available,Direct W8 masking / W240 dropout time-aligned propagation tracing figure or CSV,Copied from methodological cleanup pack; scan metrics treat +inf as max-range/degraded evidence.,179,9a821e8b7126858d
direct_propagation,06_direct_propagation_tracing/w240_dropout_trace_metrics.csv,/home/student24/dissertation/barn_ros2/methodological_cleanup_evidence_2026-08-16.zip:methodological_cleanup_evidence_2026-08-16/direct_propagation/w240_dropout_trace_metrics.csv,available,Direct W8 masking / W240 dropout time-aligned propagation tracing figure or CSV,Copied from methodological cleanup pack; scan metrics treat +inf as max-range/degraded evidence.,108340,ec2dd623f284cd64
direct_propagation,06_direct_propagation_tracing/w8_masking_timeline.png,/home/student24/dissertation/barn_ros2/methodological_cleanup_evidence_2026-08-16.zip:methodological_cleanup_evidence_2026-08-16/direct_propagation/w8_masking_timeline.png,available,Direct W8 masking / W240 dropout time-aligned propagation tracing figure or CSV,Copied from methodological cleanup pack; scan metrics treat +inf as max-range/degraded evidence.,280543,965c4e937c5adb0f
direct_propagation,06_direct_propagation_tracing/w8_masking_topic_counts.csv,/home/student24/dissertation/barn_ros2/methodological_cleanup_evidence_2026-08-16.zip:methodological_cleanup_evidence_2026-08-16/direct_propagation/w8_masking_topic_counts.csv,available,Direct W8 masking / W240 dropout time-aligned propagation tracing figure or CSV,Copied from methodological cleanup pack; scan metrics treat +inf as max-range/degraded evidence.,179,a608ec19294b6275
direct_propagation,06_direct_propagation_tracing/w8_masking_trace_metrics.csv,/home/student24/dissertation/barn_ros2/methodological_cleanup_evidence_2026-08-16.zip:methodological_cleanup_evidence_2026-08-16/direct_propagation/w8_masking_trace_metrics.csv,available,Direct W8 masking / W240 dropout time-aligned propagation tracing figure or CSV,Copied from methodological cleanup pack; scan metrics treat +inf as max-range/degraded evidence.,102346,f89f55335992f282
experiment_record,00_experiment_records/analysis_audit_summary.md,/home/student24/dissertation/barn_ros2/fault_campaigns/thesis_fault12_analysis/analysis_audit_summary.md,available,Audit summary for main fault analysis,,6472,436086d9cf064745
experiment_record,00_experiment_records/fault12_analysis_summary.md,/home/student24/dissertation/barn_ros2/fault_campaigns/thesis_fault12_analysis/tonight_fault_analysis_summary.md,available,Concise fault1/fault2 analysis summary,,4630,be4d6c4aaaa919f9
experiment_record,00_experiment_records/week_2026-08-10_to_08-16_classifier_recovery_record.md,/home/student24/dissertation/barn_ros2/实验记录_8.10-8.16_classifier_recovery_closed_loop_证据核对版.md,available,Classifier/recovery/closed-loop verified weekly record,Updated with two-level recovery evaluation: mission-level outcome vs process-level stabilisation.,31800,2247782e443640a3
experiment_record,00_experiment_records/week_before_2026-08-09_experiment_record.md,/home/student24/dissertation/barn_ros2/实验记录_整理版_2026-08-09.md,available,Early formal campaign and design record,,43118,5111450dac452dd9
figure_asset,03_figures_for_dissertation/clean_figure_assets_v2/analysis_pipeline_only.svg,/home/student24/dissertation/barn_ros2/fault_campaigns/thesis_fault12_analysis/clean_figure_assets_v2/analysis_pipeline_only.svg,available,Reusable dissertation figure/vector/caption asset,,6464,452543b4933051cd
figure_asset,03_figures_for_dissertation/clean_figure_assets_v2/completion_time_primary_and_sensitivity.svg,/home/student24/dissertation/barn_ros2/fault_campaigns/thesis_fault12_analysis/clean_figure_assets_v2/completion_time_primary_and_sensitivity.svg,available,Reusable dissertation figure/vector/caption asset,,3569,b5fb35c437075ce2
figure_asset,03_figures_for_dissertation/clean_figure_assets_v2/global_bayesian_posterior_forest.svg,/home/student24/dissertation/barn_ros2/fault_campaigns/thesis_fault12_analysis/clean_figure_assets_v2/global_bayesian_posterior_forest.svg,available,Reusable dissertation figure/vector/caption asset,,2132,032acb6861fbcbaa
figure_asset,03_figures_for_dissertation/clean_figure_assets_v2/pipeline_proxy_small_multiples.svg,/home/student24/dissertation/barn_ros2/fault_campaigns/thesis_fault12_analysis/clean_figure_assets_v2/pipeline_proxy_small_multiples.svg,available,Reusable dissertation figure/vector/caption asset,,3898,3348678a030986cf
figure_asset,03_figures_for_dissertation/clean_figure_assets_v2/png/analysis_pipeline_only.png,/home/student24/dissertation/barn_ros2/fault_campaigns/thesis_fault12_analysis/clean_figure_assets_v2/png/analysis_pipeline_only.png,available,Reusable dissertation figure PNG,,284783,644516e53b4e1758
figure_asset,03_figures_for_dissertation/clean_figure_assets_v2/png/completion_time_primary_and_sensitivity.png,/home/student24/dissertation/barn_ros2/fault_campaigns/thesis_fault12_analysis/clean_figure_assets_v2/png/completion_time_primary_and_sensitivity.png,available,Reusable dissertation figure PNG,,144330,aa4e10d4b36d878b
figure_asset,03_figures_for_dissertation/clean_figure_assets_v2/png/global_bayesian_posterior_forest.png,/home/student24/dissertation/barn_ros2/fault_campaigns/thesis_fault12_analysis/clean_figure_assets_v2/png/global_bayesian_posterior_forest.png,available,Reusable dissertation figure PNG,,66150,ebfc7bbe21147b09
figure_asset,03_figures_for_dissertation/clean_figure_assets_v2/png/pipeline_proxy_small_multiples.png,/home/student24/dissertation/barn_ros2/fault_campaigns/thesis_fault12_analysis/clean_figure_assets_v2/png/pipeline_proxy_small_multiples.png,available,Reusable dissertation figure PNG,,123830,30c45d5efbc96541
figure_asset,03_figures_for_dissertation/clean_figure_assets_v2/png/posterior_probability_threshold_curve.png,/home/student24/dissertation/barn_ros2/fault_campaigns/thesis_fault12_analysis/clean_figure_assets_v2/png/posterior_probability_threshold_curve.png,available,Reusable dissertation figure PNG,,193780,21e0df7e87f98b9a
figure_asset,03_figures_for_dissertation/clean_figure_assets_v2/png/posterior_world_effect_forest.png,/home/student24/dissertation/barn_ros2/fault_campaigns/thesis_fault12_analysis/clean_figure_assets_v2/png/posterior_world_effect_forest.png,available,Reusable dissertation figure PNG,,209257,87821b9e0757a664
figure_asset,03_figures_for_dissertation/clean_figure_assets_v2/png/task_outcome_transition_matrices.png,/home/student24/dissertation/barn_ros2/fault_campaigns/thesis_fault12_analysis/clean_figure_assets_v2/png/task_outcome_transition_matrices.png,available,Reusable dissertation figure PNG,,142977,e3a6d470eb95fe67
figure_asset,03_figures_for_dissertation/clean_figure_assets_v2/png/world_case_selection_scatter.png,/home/student24/dissertation/barn_ros2/fault_campaigns/thesis_fault12_analysis/clean_figure_assets_v2/png/world_case_selection_scatter.png,available,Reusable dissertation figure PNG,,212818,0284ad3c5cfbf87d
figure_asset,03_figures_for_dissertation/clean_figure_assets_v2/posterior_probability_threshold_curve.svg,/home/student24/dissertation/barn_ros2/fault_campaigns/thesis_fault12_analysis/clean_figure_assets_v2/posterior_probability_threshold_curve.svg,available,Reusable dissertation figure/vector/caption asset,,4728,9e2e40596839fad7
figure_asset,03_figures_for_dissertation/clean_figure_assets_v2/posterior_world_effect_forest.svg,/home/student24/dissertation/barn_ros2/fault_campaigns/thesis_fault12_analysis/clean_figure_assets_v2/posterior_world_effect_forest.svg,available,Reusable dissertation figure/vector/caption asset,,9474,f85ba9dd13b5e9e2
figure_asset,03_figures_for_dissertation/clean_figure_assets_v2/task_outcome_transition_matrices.svg,/home/student24/dissertation/barn_ros2/fault_campaigns/thesis_fault12_analysis/clean_figure_assets_v2/task_outcome_transition_matrices.svg,available,Reusable dissertation figure/vector/caption asset,,6161,f0af770478ddc139
figure_asset,03_figures_for_dissertation/clean_figure_assets_v2/world_case_selection_scatter.svg,/home/student24/dissertation/barn_ros2/fault_campaigns/thesis_fault12_analysis/clean_figure_assets_v2/world_case_selection_scatter.svg,available,Reusable dissertation figure/vector/caption asset,,8468,b6c0c7a286dc1544
figure_asset,03_figures_for_dissertation/thesis_figures_v4/fig_01_task_outcome_transitions.svg,/home/student24/dissertation/barn_ros2/fault_campaigns/thesis_fault12_analysis/thesis_figures_v4/fig_01_task_outcome_transitions.svg,available,Reusable dissertation figure/vector/caption asset,,7006,f110932f557c2683
figure_asset,03_figures_for_dissertation/thesis_figures_v4/fig_02_completion_primary_sensitivity.svg,/home/student24/dissertation/barn_ros2/fault_campaigns/thesis_fault12_analysis/thesis_figures_v4/fig_02_completion_primary_sensitivity.svg,available,Reusable dissertation figure/vector/caption asset,,4631,e892123aa599f3b2
figure_asset,03_figures_for_dissertation/thesis_figures_v4/fig_03_bayesian_threshold_sensitivity.svg,/home/student24/dissertation/barn_ros2/fault_campaigns/thesis_fault12_analysis/thesis_figures_v4/fig_03_bayesian_threshold_sensitivity.svg,available,Reusable dissertation figure/vector/caption asset,,3514,82b5af39ad7ca025
figure_asset,03_figures_for_dissertation/thesis_figures_v4/fig_04_posterior_world_effects.svg,/home/student24/dissertation/barn_ros2/fault_campaigns/thesis_fault12_analysis/thesis_figures_v4/fig_04_posterior_world_effects.svg,available,Reusable dissertation figure/vector/caption asset,,8204,f505180a483faac9
figure_asset,03_figures_for_dissertation/thesis_figures_v4/fig_05_pipeline_proxy_metrics.svg,/home/student24/dissertation/barn_ros2/fault_campaigns/thesis_fault12_analysis/thesis_figures_v4/fig_05_pipeline_proxy_metrics.svg,available,Reusable dissertation figure/vector/caption asset,,3723,1d6e01abf5d3c82c
figure_asset,03_figures_for_dissertation/thesis_figures_v4/fig_06_case_selection.svg,/home/student24/dissertation/barn_ros2/fault_campaigns/thesis_fault12_analysis/thesis_figures_v4/fig_06_case_selection.svg,available,Reusable dissertation figure/vector/caption asset,,2770,aba54f712f14dfeb
figure_asset,03_figures_for_dissertation/thesis_figures_v4/figure_captions.md,/home/student24/dissertation/barn_ros2/fault_campaigns/thesis_fault12_analysis/thesis_figures_v4/figure_captions.md,available,Reusable dissertation figure/vector/caption asset,,1342,42b6a2f67a0b5516
figure_asset,03_figures_for_dissertation/thesis_figures_v4/png/fig_01_task_outcome_transitions.png,/home/student24/dissertation/barn_ros2/fault_campaigns/thesis_fault12_analysis/thesis_figures_v4/png/fig_01_task_outcome_transitions.png,available,Reusable dissertation figure PNG,,251017,878fb29493995d07
figure_asset,03_figures_for_dissertation/thesis_figures_v4/png/fig_02_completion_primary_sensitivity.png,/home/student24/dissertation/barn_ros2/fault_campaigns/thesis_fault12_analysis/thesis_figures_v4/png/fig_02_completion_primary_sensitivity.png,available,Reusable dissertation figure PNG,,264560,c91ecb679e47c279
figure_asset,03_figures_for_dissertation/thesis_figures_v4/png/fig_03_bayesian_threshold_sensitivity.png,/home/student24/dissertation/barn_ros2/fault_campaigns/thesis_fault12_analysis/thesis_figures_v4/png/fig_03_bayesian_threshold_sensitivity.png,available,Reusable dissertation figure PNG,,293243,fd77aff28742144b
figure_asset,03_figures_for_dissertation/thesis_figures_v4/png/fig_04_posterior_world_effects.png,/home/student24/dissertation/barn_ros2/fault_campaigns/thesis_fault12_analysis/thesis_figures_v4/png/fig_04_posterior_world_effects.png,available,Reusable dissertation figure PNG,,307632,3d2bc81e060e1e3b
figure_asset,03_figures_for_dissertation/thesis_figures_v4/png/fig_05_pipeline_proxy_metrics.png,/home/student24/dissertation/barn_ros2/fault_campaigns/thesis_fault12_analysis/thesis_figures_v4/png/fig_05_pipeline_proxy_metrics.png,available,Reusable dissertation figure PNG,,214684,f407d0cbf00210eb
figure_asset,03_figures_for_dissertation/thesis_figures_v4/png/fig_06_case_selection.png,/home/student24/dissertation/barn_ros2/fault_campaigns/thesis_fault12_analysis/thesis_figures_v4/png/fig_06_case_selection.png,available,Reusable dissertation figure PNG,,371717,fcf56eff97cf79a0
main_analysis_table,02_fault12_analysis_tables/thesis_main_paired_effects.csv,/home/student24/dissertation/barn_ros2/fault_campaigns/thesis_fault12_analysis/thesis_main_paired_effects.csv,available,Formal fault1/fault2 statistical and descriptive analysis,,3063,90bef35275761605
main_analysis_table,02_fault12_analysis_tables/thesis_matched_fault_window_pairs.csv,/home/student24/dissertation/barn_ros2/fault_campaigns/thesis_fault12_analysis/thesis_matched_fault_window_pairs.csv,available,Formal fault1/fault2 statistical and descriptive analysis,,21083,1fc7c8aee03801d4
main_analysis_table,02_fault12_analysis_tables/thesis_pair_level_metric_differences.csv,/home/student24/dissertation/barn_ros2/fault_campaigns/thesis_fault12_analysis/thesis_pair_level_metric_differences.csv,available,Formal fault1/fault2 statistical and descriptive analysis,,100640,12b244a806c551ce
main_analysis_table,02_fault12_analysis_tables/thesis_pair_level_metric_differences_matched_success.csv,/home/student24/dissertation/barn_ros2/fault_campaigns/thesis_fault12_analysis/thesis_pair_level_metric_differences_matched_success.csv,available,Formal fault1/fault2 statistical and descriptive analysis,,81276,86172f1f3271531d
main_analysis_table,02_fault12_analysis_tables/thesis_representative_cases.csv,/home/student24/dissertation/barn_ros2/fault_campaigns/thesis_fault12_analysis/thesis_representative_cases.csv,available,Formal fault1/fault2 statistical and descriptive analysis,,1882,adc4e3afb03f6016
main_analysis_table,02_fault12_analysis_tables/thesis_status_transitions.csv,/home/student24/dissertation/barn_ros2/fault_campaigns/thesis_fault12_analysis/thesis_status_transitions.csv,available,Formal fault1/fault2 statistical and descriptive analysis,,418,82901f9b4d6c85aa
main_analysis_table,02_fault12_analysis_tables/thesis_world_heterogeneity.csv,/home/student24/dissertation/barn_ros2/fault_campaigns/thesis_fault12_analysis/thesis_world_heterogeneity.csv,available,Formal fault1/fault2 statistical and descriptive analysis,,3097,9938cb2fe53b35e2
recovery_closed_loop_raw,07_classifier_recovery_closed_loop_raw/closed_loop_integration_smoke_retry_2026-08-16_18-39-35/world_240_fault_dropout_closed_loop.log,/home/student24/dissertation/barn_ros2/_raw_imports/week_recovery_classifier_evidence/week_recovery_classifier_evidence_2026-08-16_19-35-27/closed_loop_integration_smoke_retry_2026-08-16_18-39-35/world_240_fault_dropout_closed_loop.log,available,Raw evidence for recovery/closed-loop exploratory work,,44720,140b50ad811d127c
recovery_closed_loop_raw,07_classifier_recovery_closed_loop_raw/closed_loop_integration_smoke_retry_2026-08-16_18-39-35/world_240_fault_mask_closed_loop.log,/home/student24/dissertation/barn_ros2/_raw_imports/week_recovery_classifier_evidence/week_recovery_classifier_evidence_2026-08-16_19-35-27/closed_loop_integration_smoke_retry_2026-08-16_18-39-35/world_240_fault_mask_closed_loop.log,available,Raw evidence for recovery/closed-loop exploratory work,,65949,6363397bac150954
recovery_closed_loop_raw,07_classifier_recovery_closed_loop_raw/closed_loop_integration_smoke_retry_2026-08-16_18-39-35/world_8_fault_dropout_closed_loop.log,/home/student24/dissertation/barn_ros2/_raw_imports/week_recovery_classifier_evidence/week_recovery_classifier_evidence_2026-08-16_19-35-27/closed_loop_integration_smoke_retry_2026-08-16_18-39-35/world_8_fault_dropout_closed_loop.log,available,Raw evidence for recovery/closed-loop exploratory work,,74091,b5cbbc0fb6f7ab07
recovery_closed_loop_raw,07_classifier_recovery_closed_loop_raw/closed_loop_integration_smoke_retry_2026-08-16_18-39-35/world_8_fault_mask_closed_loop.log,/home/student24/dissertation/barn_ros2/_raw_imports/week_recovery_classifier_evidence/week_recovery_classifier_evidence_2026-08-16_19-35-27/closed_loop_integration_smoke_retry_2026-08-16_18-39-35/world_8_fault_mask_closed_loop.log,available,Raw evidence for recovery/closed-loop exploratory work,,72858,772a65fdce91d7b2
recovery_closed_loop_raw,07_classifier_recovery_closed_loop_raw/closed_loop_w240_dropout_300s_debug_2026-08-16_19-01-53/world_240_fault_dropout_closed_loop_300s.log,/home/student24/dissertation/barn_ros2/_raw_imports/week_recovery_classifier_evidence/week_recovery_classifier_evidence_2026-08-16_19-35-27/closed_loop_w240_dropout_300s_debug_2026-08-16_19-01-53/world_240_fault_dropout_closed_loop_300s.log,available,Raw evidence for recovery/closed-loop exploratory work,,71340,8deed77eea19cdf5
recovery_closed_loop_raw,07_classifier_recovery_closed_loop_raw/closed_loop_w240_dropout_start5_300s_2026-08-16_19-06-28/world_240_fault_dropout_closed_loop_start5_300s.log,/home/student24/dissertation/barn_ros2/_raw_imports/week_recovery_classifier_evidence/week_recovery_classifier_evidence_2026-08-16_19-35-27/closed_loop_w240_dropout_start5_300s_2026-08-16_19-06-28/world_240_fault_dropout_closed_loop_start5_300s.log,available,Raw evidence for recovery/closed-loop exploratory work,,394235,098a2448fd39cc31
recovery_closed_loop_raw,07_classifier_recovery_closed_loop_raw/closed_loop_w240_masking_start15_300s_2026-08-16_19-16-08/world_240_fault_masking_closed_loop_start15_300s.log,/home/student24/dissertation/barn_ros2/_raw_imports/week_recovery_classifier_evidence/week_recovery_classifier_evidence_2026-08-16_19-35-27/closed_loop_w240_masking_start15_300s_2026-08-16_19-16-08/world_240_fault_masking_closed_loop_start15_300s.log,available,Raw evidence for recovery/closed-loop exploratory work,,74211,ef8324138c6b92a2
recovery_closed_loop_raw,07_classifier_recovery_closed_loop_raw/closed_loop_w240_masking_start5_300s_2026-08-16_19-13-26/world_240_fault_masking_closed_loop_start5_300s.log,/home/student24/dissertation/barn_ros2/_raw_imports/week_recovery_classifier_evidence/week_recovery_classifier_evidence_2026-08-16_19-35-27/closed_loop_w240_masking_start5_300s_2026-08-16_19-13-26/world_240_fault_masking_closed_loop_start5_300s.log,available,Raw evidence for recovery/closed-loop exploratory work,,62864,a4b9300c5e2df0f6
recovery_closed_loop_raw,07_classifier_recovery_closed_loop_raw/persistent_fault_characterisation/persistent_dropout_w240/manifest.json,/home/student24/dissertation/barn_ros2/_raw_imports/week_recovery_classifier_evidence/week_recovery_classifier_evidence_2026-08-16_19-35-27/persistent_fault_characterisation/persistent_dropout_w240/manifest.json,available,Raw evidence for recovery/closed-loop exploratory work,,1259,cf49520afdf38865
recovery_closed_loop_raw,07_classifier_recovery_closed_loop_raw/persistent_fault_characterisation/persistent_dropout_w240/summaries/campaign_status.json,/home/student24/dissertation/barn_ros2/_raw_imports/week_recovery_classifier_evidence/week_recovery_classifier_evidence_2026-08-16_19-35-27/persistent_fault_characterisation/persistent_dropout_w240/summaries/campaign_status.json,available,Raw evidence for recovery/closed-loop exploratory work,,554,9754f9016f4fcdc0
recovery_closed_loop_raw,07_classifier_recovery_closed_loop_raw/persistent_fault_characterisation/persistent_dropout_w240/summaries/run_attempts.csv,/home/student24/dissertation/barn_ros2/_raw_imports/week_recovery_classifier_evidence/week_recovery_classifier_evidence_2026-08-16_19-35-27/persistent_fault_characterisation/persistent_dropout_w240/summaries/run_attempts.csv,available,Raw evidence for recovery/closed-loop exploratory work,,9087,c70d3269d544dbc0
recovery_closed_loop_raw,07_classifier_recovery_closed_loop_raw/persistent_fault_characterisation/persistent_dropout_w240/summaries/world_status.csv,/home/student24/dissertation/barn_ros2/_raw_imports/week_recovery_classifier_evidence/week_recovery_classifier_evidence_2026-08-16_19-35-27/persistent_fault_characterisation/persistent_dropout_w240/summaries/world_status.csv,available,Raw evidence for recovery/closed-loop exploratory work,,154,9a69c7f6ae586dbf
recovery_closed_loop_raw,07_classifier_recovery_closed_loop_raw/persistent_fault_characterisation/persistent_dropout_w240/worlds/world_240/analysis/condition_drift.csv,/home/student24/dissertation/barn_ros2/_raw_imports/week_recovery_classifier_evidence/week_recovery_classifier_evidence_2026-08-16_19-35-27/persistent_fault_characterisation/persistent_dropout_w240/worlds/world_240/analysis/condition_drift.csv,available,Raw evidence for recovery/closed-loop exploratory work,,233,cfc9c5cbea2f1eaa
recovery_closed_loop_raw,07_classifier_recovery_closed_loop_raw/persistent_fault_characterisation/persistent_dropout_w240/worlds/world_240/analysis/pair_differences.csv,/home/student24/dissertation/barn_ros2/_raw_imports/week_recovery_classifier_evidence/week_recovery_classifier_evidence_2026-08-16_19-35-27/persistent_fault_characterisation/persistent_dropout_w240/worlds/world_240/analysis/pair_differences.csv,available,Raw evidence for recovery/closed-loop exploratory work,,975,adf932dc0b95e163
recovery_closed_loop_raw,07_classifier_recovery_closed_loop_raw/persistent_fault_characterisation/persistent_dropout_w240/worlds/world_240/analysis/resource_summary.csv,/home/student24/dissertation/barn_ros2/_raw_imports/week_recovery_classifier_evidence/week_recovery_classifier_evidence_2026-08-16_19-35-27/persistent_fault_characterisation/persistent_dropout_w240/worlds/world_240/analysis/resource_summary.csv,available,Raw evidence for recovery/closed-loop exploratory work,,940,46ae2f6143c9d4d9
recovery_closed_loop_raw,07_classifier_recovery_closed_loop_raw/persistent_fault_characterisation/persistent_dropout_w240/worlds/world_240/analysis/run_summary.csv,/home/student24/dissertation/barn_ros2/_raw_imports/week_recovery_classifier_evidence/week_recovery_classifier_evidence_2026-08-16_19-35-27/persistent_fault_characterisation/persistent_dropout_w240/worlds/world_240/analysis/run_summary.csv,available,Raw evidence for recovery/closed-loop exploratory work,,6402,98ddcf5804a2a343
recovery_closed_loop_raw,07_classifier_recovery_closed_loop_raw/persistent_fault_characterisation/persistent_dropout_w240/worlds/world_240/analysis/summary.json,/home/student24/dissertation/barn_ros2/_raw_imports/week_recovery_classifier_evidence/week_recovery_classifier_evidence_2026-08-16_19-35-27/persistent_fault_characterisation/persistent_dropout_w240/worlds/world_240/analysis/summary.json,available,Raw evidence for recovery/closed-loop exploratory work,,1260,139be006e7d46e86
recovery_closed_loop_raw,07_classifier_recovery_closed_loop_raw/persistent_fault_characterisation/persistent_dropout_w240/worlds/world_240/logs/paired_analysis/condition_drift.csv,/home/student24/dissertation/barn_ros2/_raw_imports/week_recovery_classifier_evidence/week_recovery_classifier_evidence_2026-08-16_19-35-27/persistent_fault_characterisation/persistent_dropout_w240/worlds/world_240/logs/paired_analysis/condition_drift.csv,available,Raw evidence for recovery/closed-loop exploratory work,,233,cfc9c5cbea2f1eaa
recovery_closed_loop_raw,07_classifier_recovery_closed_loop_raw/persistent_fault_characterisation/persistent_dropout_w240/worlds/world_240/logs/paired_analysis/pair_differences.csv,/home/student24/dissertation/barn_ros2/_raw_imports/week_recovery_classifier_evidence/week_recovery_classifier_evidence_2026-08-16_19-35-27/persistent_fault_characterisation/persistent_dropout_w240/worlds/world_240/logs/paired_analysis/pair_differences.csv,available,Raw evidence for recovery/closed-loop exploratory work,,975,adf932dc0b95e163
recovery_closed_loop_raw,07_classifier_recovery_closed_loop_raw/persistent_fault_characterisation/persistent_dropout_w240/worlds/world_240/logs/paired_analysis/resource_summary.csv,/home/student24/dissertation/barn_ros2/_raw_imports/week_recovery_classifier_evidence/week_recovery_classifier_evidence_2026-08-16_19-35-27/persistent_fault_characterisation/persistent_dropout_w240/worlds/world_240/logs/paired_analysis/resource_summary.csv,available,Raw evidence for recovery/closed-loop exploratory work,,940,46ae2f6143c9d4d9
recovery_closed_loop_raw,07_classifier_recovery_closed_loop_raw/persistent_fault_characterisation/persistent_dropout_w240/worlds/world_240/logs/paired_analysis/run_summary.csv,/home/student24/dissertation/barn_ros2/_raw_imports/week_recovery_classifier_evidence/week_recovery_classifier_evidence_2026-08-16_19-35-27/persistent_fault_characterisation/persistent_dropout_w240/worlds/world_240/logs/paired_analysis/run_summary.csv,available,Raw evidence for recovery/closed-loop exploratory work,,6402,98ddcf5804a2a343
recovery_closed_loop_raw,07_classifier_recovery_closed_loop_raw/persistent_fault_characterisation/persistent_dropout_w240/worlds/world_240/logs/paired_analysis/summary.json,/home/student24/dissertation/barn_ros2/_raw_imports/week_recovery_classifier_evidence/week_recovery_classifier_evidence_2026-08-16_19-35-27/persistent_fault_characterisation/persistent_dropout_w240/worlds/world_240/logs/paired_analysis/summary.json,available,Raw evidence for recovery/closed-loop exploratory work,,1260,139be006e7d46e86
recovery_closed_loop_raw,07_classifier_recovery_closed_loop_raw/persistent_fault_characterisation/persistent_dropout_w240/worlds/world_240/logs/resource_logs/world_240_baseline_r001.csv,/home/student24/dissertation/barn_ros2/_raw_imports/week_recovery_classifier_evidence/week_recovery_classifier_evidence_2026-08-16_19-35-27/persistent_fault_characterisation/persistent_dropout_w240/worlds/world_240/logs/resource_logs/world_240_baseline_r001.csv,available,Raw evidence for recovery/closed-loop exploratory work,,11589,133cf063c93fd77d
recovery_closed_loop_raw,07_classifier_recovery_closed_loop_raw/persistent_fault_characterisation/persistent_dropout_w240/worlds/world_240/logs/resource_logs/world_240_baseline_r002.csv,/home/student24/dissertation/barn_ros2/_raw_imports/week_recovery_classifier_evidence/week_recovery_classifier_evidence_2026-08-16_19-35-27/persistent_fault_characterisation/persistent_dropout_w240/worlds/world_240/logs/resource_logs/world_240_baseline_r002.csv,available,Raw evidence for recovery/closed-loop exploratory work,,12614,e9ef1ca890ae6ea4
recovery_closed_loop_raw,07_classifier_recovery_closed_loop_raw/persistent_fault_characterisation/persistent_dropout_w240/worlds/world_240/logs/resource_logs/world_240_baseline_r003.csv,/home/student24/dissertation/barn_ros2/_raw_imports/week_recovery_classifier_evidence/week_recovery_classifier_evidence_2026-08-16_19-35-27/persistent_fault_characterisation/persistent_dropout_w240/worlds/world_240/logs/resource_logs/world_240_baseline_r003.csv,available,Raw evidence for recovery/closed-loop exploratory work,,12694,e7229f30837a639a
recovery_closed_loop_raw,07_classifier_recovery_closed_loop_raw/persistent_fault_characterisation/persistent_dropout_w240/worlds/world_240/logs/resource_logs/world_240_baseline_r004.csv,/home/student24/dissertation/barn_ros2/_raw_imports/week_recovery_classifier_evidence/week_recovery_classifier_evidence_2026-08-16_19-35-27/persistent_fault_characterisation/persistent_dropout_w240/worlds/world_240/logs/resource_logs/world_240_baseline_r004.csv,available,Raw evidence for recovery/closed-loop exploratory work,,13031,01c370056a46ccb2
recovery_closed_loop_raw,07_classifier_recovery_closed_loop_raw/persistent_fault_characterisation/persistent_dropout_w240/worlds/world_240/logs/resource_logs/world_240_baseline_r005.csv,/home/student24/dissertation/barn_ros2/_raw_imports/week_recovery_classifier_evidence/week_recovery_classifier_evidence_2026-08-16_19-35-27/persistent_fault_characterisation/persistent_dropout_w240/worlds/world_240/logs/resource_logs/world_240_baseline_r005.csv,available,Raw evidence for recovery/closed-loop exploratory work,,13920,affac4f01bcfe5c2
recovery_closed_loop_raw,07_classifier_recovery_closed_loop_raw/persistent_fault_characterisation/persistent_dropout_w240/worlds/world_240/logs/resource_logs/world_240_baseline_r006.csv,/home/student24/dissertation/barn_ros2/_raw_imports/week_recovery_classifier_evidence/week_recovery_classifier_evidence_2026-08-16_19-35-27/persistent_fault_characterisation/persistent_dropout_w240/worlds/world_240/logs/resource_logs/world_240_baseline_r006.csv,available,Raw evidence for recovery/closed-loop exploratory work,,12600,6284c208edc78eb0
recovery_closed_loop_raw,07_classifier_recovery_closed_loop_raw/persistent_fault_characterisation/persistent_dropout_w240/worlds/world_240/logs/resource_logs/world_240_fault_r001.csv,/home/student24/dissertation/barn_ros2/_raw_imports/week_recovery_classifier_evidence/week_recovery_classifier_evidence_2026-08-16_19-35-27/persistent_fault_characterisation/persistent_dropout_w240/worlds/world_240/logs/resource_logs/world_240_fault_r001.csv,available,Raw evidence for recovery/closed-loop exploratory work,,12987,d04685913cc1918d
recovery_closed_loop_raw,07_classifier_recovery_closed_loop_raw/persistent_fault_characterisation/persistent_dropout_w240/worlds/world_240/logs/resource_logs/world_240_fault_r002.csv,/home/student24/dissertation/barn_ros2/_raw_imports/week_recovery_classifier_evidence/week_recovery_classifier_evidence_2026-08-16_19-35-27/persistent_fault_characterisation/persistent_dropout_w240/worlds/world_240/logs/resource_logs/world_240_fault_r002.csv,available,Raw evidence for recovery/closed-loop exploratory work,,12928,603831d51ed1f1b3
recovery_closed_loop_raw,07_classifier_recovery_closed_loop_raw/persistent_fault_characterisation/persistent_dropout_w240/worlds/world_240/logs/resource_logs/world_240_fault_r003.csv,/home/student24/dissertation/barn_ros2/_raw_imports/week_recovery_classifier_evidence/week_recovery_classifier_evidence_2026-08-16_19-35-27/persistent_fault_characterisation/persistent_dropout_w240/worlds/world_240/logs/resource_logs/world_240_fault_r003.csv,available,Raw evidence for recovery/closed-loop exploratory work,,12881,db996331b9d2735b
recovery_closed_loop_raw,07_classifier_recovery_closed_loop_raw/persistent_fault_characterisation/persistent_dropout_w240/worlds/world_240/logs/resource_logs/world_240_fault_r004.csv,/home/student24/dissertation/barn_ros2/_raw_imports/week_recovery_classifier_evidence/week_recovery_classifier_evidence_2026-08-16_19-35-27/persistent_fault_characterisation/persistent_dropout_w240/worlds/world_240/logs/resource_logs/world_240_fault_r004.csv,available,Raw evidence for recovery/closed-loop exploratory work,,12947,9afa93c9ba2a8470
recovery_closed_loop_raw,07_classifier_recovery_closed_loop_raw/persistent_fault_characterisation/persistent_dropout_w240/worlds/world_240/logs/resource_logs/world_240_fault_r005.csv,/home/student24/dissertation/barn_ros2/_raw_imports/week_recovery_classifier_evidence/week_recovery_classifier_evidence_2026-08-16_19-35-27/persistent_fault_characterisation/persistent_dropout_w240/worlds/world_240/logs/resource_logs/world_240_fault_r005.csv,available,Raw evidence for recovery/closed-loop exploratory work,,12759,c0a46a2be3e7ff0a
recovery_closed_loop_raw,07_classifier_recovery_closed_loop_raw/persistent_fault_characterisation/persistent_dropout_w240/worlds/world_240/logs/resource_logs/world_240_fault_r006.csv,/home/student24/dissertation/barn_ros2/_raw_imports/week_recovery_classifier_evidence/week_recovery_classifier_evidence_2026-08-16_19-35-27/persistent_fault_characterisation/persistent_dropout_w240/worlds/world_240/logs/resource_logs/world_240_fault_r006.csv,available,Raw evidence for recovery/closed-loop exploratory work,,13070,d79c468b2d5d72b4
recovery_closed_loop_raw,07_classifier_recovery_closed_loop_raw/persistent_fault_characterisation/persistent_dropout_w240/worlds/world_240/logs/world_240_baseline_r001.log,/home/student24/dissertation/barn_ros2/_raw_imports/week_recovery_classifier_evidence/week_recovery_classifier_evidence_2026-08-16_19-35-27/persistent_fault_characterisation/persistent_dropout_w240/worlds/world_240/logs/world_240_baseline_r001.log,available,Raw evidence for recovery/closed-loop exploratory work,,59541,e0471b6ce63d72b6
recovery_closed_loop_raw,07_classifier_recovery_closed_loop_raw/persistent_fault_characterisation/persistent_dropout_w240/worlds/world_240/logs/world_240_baseline_r002.log,/home/student24/dissertation/barn_ros2/_raw_imports/week_recovery_classifier_evidence/week_recovery_classifier_evidence_2026-08-16_19-35-27/persistent_fault_characterisation/persistent_dropout_w240/worlds/world_240/logs/world_240_baseline_r002.log,available,Raw evidence for recovery/closed-loop exploratory work,,60427,c6a674bd1e3e1187
recovery_closed_loop_raw,07_classifier_recovery_closed_loop_raw/persistent_fault_characterisation/persistent_dropout_w240/worlds/world_240/logs/world_240_baseline_r003.log,/home/student24/dissertation/barn_ros2/_raw_imports/week_recovery_classifier_evidence/week_recovery_classifier_evidence_2026-08-16_19-35-27/persistent_fault_characterisation/persistent_dropout_w240/worlds/world_240/logs/world_240_baseline_r003.log,available,Raw evidence for recovery/closed-loop exploratory work,,59884,d12dbba353e7be20
recovery_closed_loop_raw,07_classifier_recovery_closed_loop_raw/persistent_fault_characterisation/persistent_dropout_w240/worlds/world_240/logs/world_240_baseline_r004.log,/home/student24/dissertation/barn_ros2/_raw_imports/week_recovery_classifier_evidence/week_recovery_classifier_evidence_2026-08-16_19-35-27/persistent_fault_characterisation/persistent_dropout_w240/worlds/world_240/logs/world_240_baseline_r004.log,available,Raw evidence for recovery/closed-loop exploratory work,,60751,eb2485c97a04dd9e
recovery_closed_loop_raw,07_classifier_recovery_closed_loop_raw/persistent_fault_characterisation/persistent_dropout_w240/worlds/world_240/logs/world_240_baseline_r005.log,/home/student24/dissertation/barn_ros2/_raw_imports/week_recovery_classifier_evidence/week_recovery_classifier_evidence_2026-08-16_19-35-27/persistent_fault_characterisation/persistent_dropout_w240/worlds/world_240/logs/world_240_baseline_r005.log,available,Raw evidence for recovery/closed-loop exploratory work,,60162,6ce34670df60c0ba
recovery_closed_loop_raw,07_classifier_recovery_closed_loop_raw/persistent_fault_characterisation/persistent_dropout_w240/worlds/world_240/logs/world_240_baseline_r006.log,/home/student24/dissertation/barn_ros2/_raw_imports/week_recovery_classifier_evidence/week_recovery_classifier_evidence_2026-08-16_19-35-27/persistent_fault_characterisation/persistent_dropout_w240/worlds/world_240/logs/world_240_baseline_r006.log,available,Raw evidence for recovery/closed-loop exploratory work,,59983,fd076c26f96565bd
recovery_closed_loop_raw,07_classifier_recovery_closed_loop_raw/persistent_fault_characterisation/persistent_dropout_w240/worlds/world_240/logs/world_240_fault_r001.log,/home/student24/dissertation/barn_ros2/_raw_imports/week_recovery_classifier_evidence/week_recovery_classifier_evidence_2026-08-16_19-35-27/persistent_fault_characterisation/persistent_dropout_w240/worlds/world_240/logs/world_240_fault_r001.log,available,Raw evidence for recovery/closed-loop exploratory work,,61870,0808d5057cfd09f8
recovery_closed_loop_raw,07_classifier_recovery_closed_loop_raw/persistent_fault_characterisation/persistent_dropout_w240/worlds/world_240/logs/world_240_fault_r002.log,/home/student24/dissertation/barn_ros2/_raw_imports/week_recovery_classifier_evidence/week_recovery_classifier_evidence_2026-08-16_19-35-27/persistent_fault_characterisation/persistent_dropout_w240/worlds/world_240/logs/world_240_fault_r002.log,available,Raw evidence for recovery/closed-loop exploratory work,,62868,c0f4d759f8da18b1
recovery_closed_loop_raw,07_classifier_recovery_closed_loop_raw/persistent_fault_characterisation/persistent_dropout_w240/worlds/world_240/logs/world_240_fault_r003.log,/home/student24/dissertation/barn_ros2/_raw_imports/week_recovery_classifier_evidence/week_recovery_classifier_evidence_2026-08-16_19-35-27/persistent_fault_characterisation/persistent_dropout_w240/worlds/world_240/logs/world_240_fault_r003.log,available,Raw evidence for recovery/closed-loop exploratory work,,61629,55b0fcd7b90828a0
recovery_closed_loop_raw,07_classifier_recovery_closed_loop_raw/persistent_fault_characterisation/persistent_dropout_w240/worlds/world_240/logs/world_240_fault_r004.log,/home/student24/dissertation/barn_ros2/_raw_imports/week_recovery_classifier_evidence/week_recovery_classifier_evidence_2026-08-16_19-35-27/persistent_fault_characterisation/persistent_dropout_w240/worlds/world_240/logs/world_240_fault_r004.log,available,Raw evidence for recovery/closed-loop exploratory work,,62010,7606dc31c82270c9
recovery_closed_loop_raw,07_classifier_recovery_closed_loop_raw/persistent_fault_characterisation/persistent_dropout_w240/worlds/world_240/logs/world_240_fault_r005.log,/home/student24/dissertation/barn_ros2/_raw_imports/week_recovery_classifier_evidence/week_recovery_classifier_evidence_2026-08-16_19-35-27/persistent_fault_characterisation/persistent_dropout_w240/worlds/world_240/logs/world_240_fault_r005.log,available,Raw evidence for recovery/closed-loop exploratory work,,60675,d446bfa9305f7e17
recovery_closed_loop_raw,07_classifier_recovery_closed_loop_raw/persistent_fault_characterisation/persistent_dropout_w240/worlds/world_240/logs/world_240_fault_r006.log,/home/student24/dissertation/barn_ros2/_raw_imports/week_recovery_classifier_evidence/week_recovery_classifier_evidence_2026-08-16_19-35-27/persistent_fault_characterisation/persistent_dropout_w240/worlds/world_240/logs/world_240_fault_r006.log,available,Raw evidence for recovery/closed-loop exploratory work,,61768,e5fa9b20b058f9a5
recovery_closed_loop_raw,07_classifier_recovery_closed_loop_raw/persistent_fault_characterisation/persistent_dropout_w240/worlds/world_240/meta/world_240_baseline_r001.json,/home/student24/dissertation/barn_ros2/_raw_imports/week_recovery_classifier_evidence/week_recovery_classifier_evidence_2026-08-16_19-35-27/persistent_fault_characterisation/persistent_dropout_w240/worlds/world_240/meta/world_240_baseline_r001.json,available,Raw evidence for recovery/closed-loop exploratory work,,4013,1eebb845fc5b520b
recovery_closed_loop_raw,07_classifier_recovery_closed_loop_raw/persistent_fault_characterisation/persistent_dropout_w240/worlds/world_240/meta/world_240_baseline_r002.json,/home/student24/dissertation/barn_ros2/_raw_imports/week_recovery_classifier_evidence/week_recovery_classifier_evidence_2026-08-16_19-35-27/persistent_fault_characterisation/persistent_dropout_w240/worlds/world_240/meta/world_240_baseline_r002.json,available,Raw evidence for recovery/closed-loop exploratory work,,4015,9434d2988e1344e3
recovery_closed_loop_raw,07_classifier_recovery_closed_loop_raw/persistent_fault_characterisation/persistent_dropout_w240/worlds/world_240/meta/world_240_baseline_r003.json,/home/student24/dissertation/barn_ros2/_raw_imports/week_recovery_classifier_evidence/week_recovery_classifier_evidence_2026-08-16_19-35-27/persistent_fault_characterisation/persistent_dropout_w240/worlds/world_240/meta/world_240_baseline_r003.json,available,Raw evidence for recovery/closed-loop exploratory work,,4012,7450ff6071d687ed
recovery_closed_loop_raw,07_classifier_recovery_closed_loop_raw/persistent_fault_characterisation/persistent_dropout_w240/worlds/world_240/meta/world_240_baseline_r004.json,/home/student24/dissertation/barn_ros2/_raw_imports/week_recovery_classifier_evidence/week_recovery_classifier_evidence_2026-08-16_19-35-27/persistent_fault_characterisation/persistent_dropout_w240/worlds/world_240/meta/world_240_baseline_r004.json,available,Raw evidence for recovery/closed-loop exploratory work,,4013,1118ef1b81e60d30
recovery_closed_loop_raw,07_classifier_recovery_closed_loop_raw/persistent_fault_characterisation/persistent_dropout_w240/worlds/world_240/meta/world_240_baseline_r005.json,/home/student24/dissertation/barn_ros2/_raw_imports/week_recovery_classifier_evidence/week_recovery_classifier_evidence_2026-08-16_19-35-27/persistent_fault_characterisation/persistent_dropout_w240/worlds/world_240/meta/world_240_baseline_r005.json,available,Raw evidence for recovery/closed-loop exploratory work,,4010,105c59e616861b69
recovery_closed_loop_raw,07_classifier_recovery_closed_loop_raw/persistent_fault_characterisation/persistent_dropout_w240/worlds/world_240/meta/world_240_baseline_r006.json,/home/student24/dissertation/barn_ros2/_raw_imports/week_recovery_classifier_evidence/week_recovery_classifier_evidence_2026-08-16_19-35-27/persistent_fault_characterisation/persistent_dropout_w240/worlds/world_240/meta/world_240_baseline_r006.json,available,Raw evidence for recovery/closed-loop exploratory work,,4011,3c28edd0611efcdf
recovery_closed_loop_raw,07_classifier_recovery_closed_loop_raw/persistent_fault_characterisation/persistent_dropout_w240/worlds/world_240/meta/world_240_fault_r001.json,/home/student24/dissertation/barn_ros2/_raw_imports/week_recovery_classifier_evidence/week_recovery_classifier_evidence_2026-08-16_19-35-27/persistent_fault_characterisation/persistent_dropout_w240/worlds/world_240/meta/world_240_fault_r001.json,available,Raw evidence for recovery/closed-loop exploratory work,,4034,60ca575ec0970b3a
recovery_closed_loop_raw,07_classifier_recovery_closed_loop_raw/persistent_fault_characterisation/persistent_dropout_w240/worlds/world_240/meta/world_240_fault_r002.json,/home/student24/dissertation/barn_ros2/_raw_imports/week_recovery_classifier_evidence/week_recovery_classifier_evidence_2026-08-16_19-35-27/persistent_fault_characterisation/persistent_dropout_w240/worlds/world_240/meta/world_240_fault_r002.json,available,Raw evidence for recovery/closed-loop exploratory work,,4033,1b75ca5a7527ce34
recovery_closed_loop_raw,07_classifier_recovery_closed_loop_raw/persistent_fault_characterisation/persistent_dropout_w240/worlds/world_240/meta/world_240_fault_r003.json,/home/student24/dissertation/barn_ros2/_raw_imports/week_recovery_classifier_evidence/week_recovery_classifier_evidence_2026-08-16_19-35-27/persistent_fault_characterisation/persistent_dropout_w240/worlds/world_240/meta/world_240_fault_r003.json,available,Raw evidence for recovery/closed-loop exploratory work,,4030,58842eda3db9e959
recovery_closed_loop_raw,07_classifier_recovery_closed_loop_raw/persistent_fault_characterisation/persistent_dropout_w240/worlds/world_240/meta/world_240_fault_r004.json,/home/student24/dissertation/barn_ros2/_raw_imports/week_recovery_classifier_evidence/week_recovery_classifier_evidence_2026-08-16_19-35-27/persistent_fault_characterisation/persistent_dropout_w240/worlds/world_240/meta/world_240_fault_r004.json,available,Raw evidence for recovery/closed-loop exploratory work,,4033,4c76a7e705e71dcc
recovery_closed_loop_raw,07_classifier_recovery_closed_loop_raw/persistent_fault_characterisation/persistent_dropout_w240/worlds/world_240/meta/world_240_fault_r005.json,/home/student24/dissertation/barn_ros2/_raw_imports/week_recovery_classifier_evidence/week_recovery_classifier_evidence_2026-08-16_19-35-27/persistent_fault_characterisation/persistent_dropout_w240/worlds/world_240/meta/world_240_fault_r005.json,available,Raw evidence for recovery/closed-loop exploratory work,,4030,b02c49db2acb50f9
recovery_closed_loop_raw,07_classifier_recovery_closed_loop_raw/persistent_fault_characterisation/persistent_dropout_w240/worlds/world_240/meta/world_240_fault_r006.json,/home/student24/dissertation/barn_ros2/_raw_imports/week_recovery_classifier_evidence/week_recovery_classifier_evidence_2026-08-16_19-35-27/persistent_fault_characterisation/persistent_dropout_w240/worlds/world_240/meta/world_240_fault_r006.json,available,Raw evidence for recovery/closed-loop exploratory work,,4006,8cd02d7481508e11
recovery_closed_loop_raw,07_classifier_recovery_closed_loop_raw/recovery_m2_nav2_masking_w240_forced_2026-08-14_22-04-01/world_240_m2_nav2_masking_forced.log,/home/student24/dissertation/barn_ros2/_raw_imports/week_recovery_classifier_evidence/week_recovery_classifier_evidence_2026-08-16_19-35-27/recovery_m2_nav2_masking_w240_forced_2026-08-14_22-04-01/world_240_m2_nav2_masking_forced.log,available,Raw evidence for recovery/closed-loop exploratory work,,74751,373b7b57f060a44b
recovery_closed_loop_raw,07_classifier_recovery_closed_loop_raw/recovery_m2_nav2_masking_w240_progress_2026-08-14_22-08-48/world_240_m2_nav2_masking_progress.log,/home/student24/dissertation/barn_ros2/_raw_imports/week_recovery_classifier_evidence/week_recovery_classifier_evidence_2026-08-16_19-35-27/recovery_m2_nav2_masking_w240_progress_2026-08-14_22-08-48/world_240_m2_nav2_masking_progress.log,available,Raw evidence for recovery/closed-loop exploratory work,,69142,7b63c074c0de4978
recovery_closed_loop_raw,07_classifier_recovery_closed_loop_raw/recovery_m2_nav2_masking_w8_forced_2026-08-14_22-00-06/world_008_m2_nav2_masking_forced.log,/home/student24/dissertation/barn_ros2/_raw_imports/week_recovery_classifier_evidence/week_recovery_classifier_evidence_2026-08-16_19-35-27/recovery_m2_nav2_masking_w8_forced_2026-08-14_22-00-06/world_008_m2_nav2_masking_forced.log,available,Raw evidence for recovery/closed-loop exploratory work,,73563,da9d04582bf1381c
recovery_closed_loop_raw,07_classifier_recovery_closed_loop_raw/recovery_m2_nav2_masking_w8_retry_2026-08-14_21-55-48/world_008_m2_nav2_masking_retry.log,/home/student24/dissertation/barn_ros2/_raw_imports/week_recovery_classifier_evidence/week_recovery_classifier_evidence_2026-08-16_19-35-27/recovery_m2_nav2_masking_w8_retry_2026-08-14_21-55-48/world_008_m2_nav2_masking_retry.log,available,Raw evidence for recovery/closed-loop exploratory work,,68358,156d7b85c052f6a0
recovery_closed_loop_raw,07_classifier_recovery_closed_loop_raw/recovery_masking_reorient_progress_stall_2026-08-14_00-45-03/world_008_masking_reorient_progress_stall.log,/home/student24/dissertation/barn_ros2/_raw_imports/week_recovery_classifier_evidence/week_recovery_classifier_evidence_2026-08-16_19-35-27/recovery_masking_reorient_progress_stall_2026-08-14_00-45-03/world_008_masking_reorient_progress_stall.log,available,Raw evidence for recovery/closed-loop exploratory work,,124990,fe7b6e0656ed1d76
recovery_closed_loop_raw,07_classifier_recovery_closed_loop_raw/recovery_masking_reorient_smoke_2026-08-13_20-47-04/world_008_masking_reorient.log,/home/student24/dissertation/barn_ros2/_raw_imports/week_recovery_classifier_evidence/week_recovery_classifier_evidence_2026-08-16_19-35-27/recovery_masking_reorient_smoke_2026-08-13_20-47-04/world_008_masking_reorient.log,available,Raw evidence for recovery/closed-loop exploratory work,,125794,4a4cfd08a1941a7c
recovery_closed_loop_raw,07_classifier_recovery_closed_loop_raw/recovery_masking_reorient_w240_2026-08-14_13-41-46/world_240_masking_reorient_progress_stall.log,/home/student24/dissertation/barn_ros2/_raw_imports/week_recovery_classifier_evidence/week_recovery_classifier_evidence_2026-08-16_19-35-27/recovery_masking_reorient_w240_2026-08-14_13-41-46/world_240_masking_reorient_progress_stall.log,available,Raw evidence for recovery/closed-loop exploratory work,,148342,ebfb5a544bf6a91c
recovery_closed_loop_raw,07_classifier_recovery_closed_loop_raw/recovery_persistent_fault_only_2026-08-10_15-59-43/world_008_masking_persistent_no_recovery.log,/home/student24/dissertation/barn_ros2/_raw_imports/week_recovery_classifier_evidence/week_recovery_classifier_evidence_2026-08-16_19-35-27/recovery_persistent_fault_only_2026-08-10_15-59-43/world_008_masking_persistent_no_recovery.log,available,Raw evidence for recovery/closed-loop exploratory work,,60405,4369b0760d591638
recovery_closed_loop_raw,07_classifier_recovery_closed_loop_raw/recovery_persistent_fault_only_2026-08-10_15-59-43/world_240_dropout_persistent_no_recovery.log,/home/student24/dissertation/barn_ros2/_raw_imports/week_recovery_classifier_evidence/week_recovery_classifier_evidence_2026-08-16_19-35-27/recovery_persistent_fault_only_2026-08-10_15-59-43/world_240_dropout_persistent_no_recovery.log,available,Raw evidence for recovery/closed-loop exploratory work,,32333,75f6bf3c56f8693f
recovery_closed_loop_raw,07_classifier_recovery_closed_loop_raw/recovery_persistent_fault_only_retry_2026-08-10_16-24-58/world_240_dropout_persistent_no_recovery_retry.log,/home/student24/dissertation/barn_ros2/_raw_imports/week_recovery_classifier_evidence/week_recovery_classifier_evidence_2026-08-16_19-35-27/recovery_persistent_fault_only_retry_2026-08-10_16-24-58/world_240_dropout_persistent_no_recovery_retry.log,available,Raw evidence for recovery/closed-loop exploratory work,,60282,c347a1ffd4219e76
recovery_layer_trace_w8_dropout,10_recovery_layer_trace_w8_dropout/analysis/w8_dropout_recovery_off_timeline.png,/home/student24/dissertation/barn_ros2/recovery_layer_trace_w8_dropout_v2.tar.gz,available,Targeted W8 dropout recovery OFF/ON layer-level tracing and mission-outcome evidence.,Raw MCAP bags are referenced in raw_bag_location.txt and retained in _raw_imports/original tarball to avoid duplicate large files.,301465,0e6d5451d62708e7
recovery_layer_trace_w8_dropout,10_recovery_layer_trace_w8_dropout/analysis/w8_dropout_recovery_off_topic_counts.csv,/home/student24/dissertation/barn_ros2/recovery_layer_trace_w8_dropout_v2.tar.gz,available,Targeted W8 dropout recovery OFF/ON layer-level tracing and mission-outcome evidence.,Raw MCAP bags are referenced in raw_bag_location.txt and retained in _raw_imports/original tarball to avoid duplicate large files.,179,736fce6b04c6c61c
recovery_layer_trace_w8_dropout,10_recovery_layer_trace_w8_dropout/analysis/w8_dropout_recovery_off_trace_metrics.csv,/home/student24/dissertation/barn_ros2/recovery_layer_trace_w8_dropout_v2.tar.gz,available,Targeted W8 dropout recovery OFF/ON layer-level tracing and mission-outcome evidence.,Raw MCAP bags are referenced in raw_bag_location.txt and retained in _raw_imports/original tarball to avoid duplicate large files.,100124,6b27dff52182bcf7
recovery_layer_trace_w8_dropout,10_recovery_layer_trace_w8_dropout/analysis/w8_dropout_recovery_on_timeline.png,/home/student24/dissertation/barn_ros2/recovery_layer_trace_w8_dropout_v2.tar.gz,available,Targeted W8 dropout recovery OFF/ON layer-level tracing and mission-outcome evidence.,Raw MCAP bags are referenced in raw_bag_location.txt and retained in _raw_imports/original tarball to avoid duplicate large files.,285904,504e80bc548f7b5b
recovery_layer_trace_w8_dropout,10_recovery_layer_trace_w8_dropout/analysis/w8_dropout_recovery_on_topic_counts.csv,/home/student24/dissertation/barn_ros2/recovery_layer_trace_w8_dropout_v2.tar.gz,available,Targeted W8 dropout recovery OFF/ON layer-level tracing and mission-outcome evidence.,Raw MCAP bags are referenced in raw_bag_location.txt and retained in _raw_imports/original tarball to avoid duplicate large files.,181,ba18bfafb73aff0b
recovery_layer_trace_w8_dropout,10_recovery_layer_trace_w8_dropout/analysis/w8_dropout_recovery_on_trace_metrics.csv,/home/student24/dissertation/barn_ros2/recovery_layer_trace_w8_dropout_v2.tar.gz,available,Targeted W8 dropout recovery OFF/ON layer-level tracing and mission-outcome evidence.,Raw MCAP bags are referenced in raw_bag_location.txt and retained in _raw_imports/original tarball to avoid duplicate large files.,114543,b7181b7e997ed78f
recovery_layer_trace_w8_dropout,10_recovery_layer_trace_w8_dropout/bag_metadata/w8_dropout_recovery_off_bag_metadata.yaml,/home/student24/dissertation/barn_ros2/recovery_layer_trace_w8_dropout_v2.tar.gz,available,Targeted W8 dropout recovery OFF/ON layer-level tracing and mission-outcome evidence.,Raw MCAP bags are referenced in raw_bag_location.txt and retained in _raw_imports/original tarball to avoid duplicate large files.,5840,2a4471d5c1fb28f9
recovery_layer_trace_w8_dropout,10_recovery_layer_trace_w8_dropout/bag_metadata/w8_dropout_recovery_on_bag_metadata.yaml,/home/student24/dissertation/barn_ros2/recovery_layer_trace_w8_dropout_v2.tar.gz,available,Targeted W8 dropout recovery OFF/ON layer-level tracing and mission-outcome evidence.,Raw MCAP bags are referenced in raw_bag_location.txt and retained in _raw_imports/original tarball to avoid duplicate large files.,6596,ff11b55be1d1730d
recovery_layer_trace_w8_dropout,10_recovery_layer_trace_w8_dropout/logs/w8_dropout_recovery_off.log,/home/student24/dissertation/barn_ros2/recovery_layer_trace_w8_dropout_v2.tar.gz,available,Targeted W8 dropout recovery OFF/ON layer-level tracing and mission-outcome evidence.,Raw MCAP bags are referenced in raw_bag_location.txt and retained in _raw_imports/original tarball to avoid duplicate large files.,66693,6d15a7d691fb61e9
recovery_layer_trace_w8_dropout,10_recovery_layer_trace_w8_dropout/logs/w8_dropout_recovery_on.log,/home/student24/dissertation/barn_ros2/recovery_layer_trace_w8_dropout_v2.tar.gz,available,Targeted W8 dropout recovery OFF/ON layer-level tracing and mission-outcome evidence.,Raw MCAP bags are referenced in raw_bag_location.txt and retained in _raw_imports/original tarball to avoid duplicate large files.,70773,32bacb56e1d14bf5
recovery_layer_trace_w8_dropout,10_recovery_layer_trace_w8_dropout/raw_bag_location.txt,/home/student24/dissertation/barn_ros2/recovery_layer_trace_w8_dropout_v2.tar.gz,available,Targeted W8 dropout recovery OFF/ON layer-level tracing and mission-outcome evidence.,Raw MCAP bags are referenced in raw_bag_location.txt and retained in _raw_imports/original tarball to avoid duplicate large files.,548,0a21ec6e63ebebb4
recovery_layer_trace_w8_dropout,10_recovery_layer_trace_w8_dropout/w8_dropout_recovery_layer_comparison.csv,/home/student24/dissertation/barn_ros2/recovery_layer_trace_w8_dropout_v2.tar.gz,available,Targeted W8 dropout recovery OFF/ON layer-level tracing and mission-outcome evidence.,Raw MCAP bags are referenced in raw_bag_location.txt and retained in _raw_imports/original tarball to avoid duplicate large files.,1710,6b6b53a326477aa1
recovery_layer_trace_w8_dropout,10_recovery_layer_trace_w8_dropout/w8_dropout_recovery_layer_summary.md,/home/student24/dissertation/barn_ros2/recovery_layer_trace_w8_dropout_v2.tar.gz,available,Targeted W8 dropout recovery OFF/ON layer-level tracing and mission-outcome evidence.,Raw MCAP bags are referenced in raw_bag_location.txt and retained in _raw_imports/original tarball to avoid duplicate large files.,1387,82beb1e9546072fe
recovery_layer_trace_w8_dropout,10_recovery_layer_trace_w8_dropout/w8_dropout_recovery_off_on_layer_bars.svg,/home/student24/dissertation/barn_ros2/recovery_layer_trace_w8_dropout_v2.tar.gz,available,Targeted W8 dropout recovery OFF/ON layer-level tracing and mission-outcome evidence.,Raw MCAP bags are referenced in raw_bag_location.txt and retained in _raw_imports/original tarball to avoid duplicate large files.,3524,fc128cf3e859bc01
recovery_layer_trace_w8_masking,11_recovery_layer_trace_w8_masking/analysis/w8_masking_recovery_off_timeline.png,/home/student24/dissertation/barn_ros2/recovery_layer_trace_w8_masking.tar.gz,available,Targeted W8 masking recovery OFF/ON layer-level tracing and mission-outcome evidence.,Raw MCAP bags are referenced in raw_bag_location.txt and retained in _raw_imports/original tarball to avoid duplicate large files.,287737,e867ae8876d94fbc
recovery_layer_trace_w8_masking,11_recovery_layer_trace_w8_masking/analysis/w8_masking_recovery_off_topic_counts.csv,/home/student24/dissertation/barn_ros2/recovery_layer_trace_w8_masking.tar.gz,available,Targeted W8 masking recovery OFF/ON layer-level tracing and mission-outcome evidence.,Raw MCAP bags are referenced in raw_bag_location.txt and retained in _raw_imports/original tarball to avoid duplicate large files.,179,fa45d8f5c76625d1
recovery_layer_trace_w8_masking,11_recovery_layer_trace_w8_masking/analysis/w8_masking_recovery_off_trace_metrics.csv,/home/student24/dissertation/barn_ros2/recovery_layer_trace_w8_masking.tar.gz,available,Targeted W8 masking recovery OFF/ON layer-level tracing and mission-outcome evidence.,Raw MCAP bags are referenced in raw_bag_location.txt and retained in _raw_imports/original tarball to avoid duplicate large files.,103467,ae37cca00b07e781
recovery_layer_trace_w8_masking,11_recovery_layer_trace_w8_masking/analysis/w8_masking_recovery_on_timeline.png,/home/student24/dissertation/barn_ros2/recovery_layer_trace_w8_masking.tar.gz,available,Targeted W8 masking recovery OFF/ON layer-level tracing and mission-outcome evidence.,Raw MCAP bags are referenced in raw_bag_location.txt and retained in _raw_imports/original tarball to avoid duplicate large files.,285941,d3a77b63f1d0ba83
recovery_layer_trace_w8_masking,11_recovery_layer_trace_w8_masking/analysis/w8_masking_recovery_on_topic_counts.csv,/home/student24/dissertation/barn_ros2/recovery_layer_trace_w8_masking.tar.gz,available,Targeted W8 masking recovery OFF/ON layer-level tracing and mission-outcome evidence.,Raw MCAP bags are referenced in raw_bag_location.txt and retained in _raw_imports/original tarball to avoid duplicate large files.,181,47fdc00f6eda7a05
recovery_layer_trace_w8_masking,11_recovery_layer_trace_w8_masking/analysis/w8_masking_recovery_on_trace_metrics.csv,/home/student24/dissertation/barn_ros2/recovery_layer_trace_w8_masking.tar.gz,available,Targeted W8 masking recovery OFF/ON layer-level tracing and mission-outcome evidence.,Raw MCAP bags are referenced in raw_bag_location.txt and retained in _raw_imports/original tarball to avoid duplicate large files.,126287,23057caa0dee9071
recovery_layer_trace_w8_masking,11_recovery_layer_trace_w8_masking/bag_metadata/w8_masking_recovery_off_bag_metadata.yaml,/home/student24/dissertation/barn_ros2/recovery_layer_trace_w8_masking.tar.gz,available,Targeted W8 masking recovery OFF/ON layer-level tracing and mission-outcome evidence.,Raw MCAP bags are referenced in raw_bag_location.txt and retained in _raw_imports/original tarball to avoid duplicate large files.,5840,2b20fbdcd94d5c32
recovery_layer_trace_w8_masking,11_recovery_layer_trace_w8_masking/bag_metadata/w8_masking_recovery_on_bag_metadata.yaml,/home/student24/dissertation/barn_ros2/recovery_layer_trace_w8_masking.tar.gz,available,Targeted W8 masking recovery OFF/ON layer-level tracing and mission-outcome evidence.,Raw MCAP bags are referenced in raw_bag_location.txt and retained in _raw_imports/original tarball to avoid duplicate large files.,5840,030ddf1c9fc1919b
recovery_layer_trace_w8_masking,11_recovery_layer_trace_w8_masking/logs/w8_masking_recovery_off.log,/home/student24/dissertation/barn_ros2/recovery_layer_trace_w8_masking.tar.gz,available,Targeted W8 masking recovery OFF/ON layer-level tracing and mission-outcome evidence.,Raw MCAP bags are referenced in raw_bag_location.txt and retained in _raw_imports/original tarball to avoid duplicate large files.,67234,69c4c8be7c05a0a3
recovery_layer_trace_w8_masking,11_recovery_layer_trace_w8_masking/logs/w8_masking_recovery_on.log,/home/student24/dissertation/barn_ros2/recovery_layer_trace_w8_masking.tar.gz,available,Targeted W8 masking recovery OFF/ON layer-level tracing and mission-outcome evidence.,Raw MCAP bags are referenced in raw_bag_location.txt and retained in _raw_imports/original tarball to avoid duplicate large files.,74761,b997f70c15e81ad8
recovery_layer_trace_w8_masking,11_recovery_layer_trace_w8_masking/raw_bag_location.txt,/home/student24/dissertation/barn_ros2/recovery_layer_trace_w8_masking.tar.gz,available,Targeted W8 masking recovery OFF/ON layer-level tracing and mission-outcome evidence.,Raw MCAP bags are referenced in raw_bag_location.txt and retained in _raw_imports/original tarball to avoid duplicate large files.,536,354fd9a9eb20e15f
recovery_layer_trace_w8_masking,11_recovery_layer_trace_w8_masking/w8_masking_recovery_layer_comparison.csv,/home/student24/dissertation/barn_ros2/recovery_layer_trace_w8_masking.tar.gz,available,Targeted W8 masking recovery OFF/ON layer-level tracing and mission-outcome evidence.,Raw MCAP bags are referenced in raw_bag_location.txt and retained in _raw_imports/original tarball to avoid duplicate large files.,1816,0ccdb63c0213fadb
recovery_layer_trace_w8_masking,11_recovery_layer_trace_w8_masking/w8_masking_recovery_layer_summary.md,/home/student24/dissertation/barn_ros2/recovery_layer_trace_w8_masking.tar.gz,available,Targeted W8 masking recovery OFF/ON layer-level tracing and mission-outcome evidence.,Raw MCAP bags are referenced in raw_bag_location.txt and retained in _raw_imports/original tarball to avoid duplicate large files.,1806,9f6033c7ea3ee62c
recovery_layer_trace_w8_masking,11_recovery_layer_trace_w8_masking/w8_masking_recovery_off_on_layer_bars.svg,/home/student24/dissertation/barn_ros2/recovery_layer_trace_w8_masking.tar.gz,available,Targeted W8 masking recovery OFF/ON layer-level tracing and mission-outcome evidence.,Raw MCAP bags are referenced in raw_bag_location.txt and retained in _raw_imports/original tarball to avoid duplicate large files.,3513,e512908de164fe1b
recovery_mission_outcome_audit,09_recovery_mission_outcome_analysis/recovery_mission_outcome_audit.md,generated from 07_classifier_recovery_closed_loop_raw logs using tools/summarize_recovery_mission_outcomes.py,available,Mission-level outcome audit for recovery-enabled and recovery-related pilot logs.,Reports outcome only; does not infer recovery improvement without matched no-recovery baselines.,2148,52f661a7b50bfb6f
recovery_mission_outcome_audit,09_recovery_mission_outcome_analysis/recovery_mission_outcomes.csv,generated from 07_classifier_recovery_closed_loop_raw logs using tools/summarize_recovery_mission_outcomes.py,available,Mission-level outcome audit for recovery-enabled and recovery-related pilot logs.,Reports outcome only; does not infer recovery improvement without matched no-recovery baselines.,8317,dc29b20505e08aac
recovery_mission_outcome_audit,09_recovery_mission_outcome_analysis/recovery_runs_compact.csv,generated from 07_classifier_recovery_closed_loop_raw logs using tools/summarize_recovery_mission_outcomes.py,available,Mission-level outcome audit for recovery-enabled and recovery-related pilot logs.,Reports outcome only; does not infer recovery improvement without matched no-recovery baselines.,2942,f781903abb461441
script,08_reproducibility_scripts/analyze_direct_propagation_trace.py,/home/student24/dissertation/barn_ros2/tools/analyze_direct_propagation_trace.py,available,Script used to generate or validate results,,13378,72ed3f7db5321543
script,08_reproducibility_scripts/build_bayesian_dissertation_pack.py,/home/student24/dissertation/barn_ros2/tools/build_bayesian_dissertation_pack.py,available,Script used to generate or validate results,,18825,c3b61ab50633ad1e
script,08_reproducibility_scripts/build_fault_thesis_analysis.py,/home/student24/dissertation/barn_ros2/tools/build_fault_thesis_analysis.py,available,Script used to generate or validate results,,25188,2b8f2860b4759fe7
script,08_reproducibility_scripts/build_pymc_hierarchical_fault_model.py,/home/student24/dissertation/barn_ros2/tools/build_pymc_hierarchical_fault_model.py,available,Script used to generate or validate results,,16432,e1d19f7c38f0d230
script,08_reproducibility_scripts/build_stage2_scan_classifier.py,/home/student24/dissertation/barn_ros2/tools/build_stage2_scan_classifier.py,available,Script used to generate or validate results,,54813,479a6d6d0a790438
script,08_reproducibility_scripts/build_thesis_figures_v4.py,/home/student24/dissertation/barn_ros2/tools/build_thesis_figures_v4.py,available,Script used to generate or validate results,,19803,121a157e40ef99b4
script,08_reproducibility_scripts/summarize_fault_campaign.py,/home/student24/dissertation/barn_ros2/tools/summarize_fault_campaign.py,available,Script used to generate or validate results,,13503,82456dce3ae5af77
script_recovery_audit,08_reproducibility_scripts/summarize_recovery_mission_outcomes.py,/home/student24/dissertation/barn_ros2/tools/summarize_recovery_mission_outcomes.py,available,Regenerate recovery mission-level outcome audit from copied logs.,Parses BARN runner final outcome and recovery policy/action log markers.,9928,9f66a79973f21f84
