world_idx,run_count,pair_count,baseline_success_count,baseline_timeout_count,baseline_collision_count,fault_success_count,fault_timeout_count,fault_collision_count,baseline_completion_time_mean_s,fault_completion_time_mean_s,completion_slowdown_mean_s,completion_slowdown_ratio,baseline_path_length_mean_m,fault_path_length_mean_m,path_length_delta_mean_m,baseline_stop_ratio_mean,fault_stop_ratio_mean,stop_ratio_delta_mean,baseline_mean_speed_mean_mps,fault_mean_speed_mean_mps,mean_speed_delta_mps,baseline_during_fault_stop_ratio_mean,fault_during_fault_stop_ratio_mean,during_fault_stop_ratio_delta_mean,baseline_controller_new_path_count_mean,fault_controller_new_path_count_mean,controller_new_path_delta_mean,pair_mean_difference_s,pair_sd_difference_s,pair_ci95_halfwidth_s,pair_ci95_lower_s,pair_ci95_upper_s,pair_relative_ci95_halfwidth,pair_recommended_stop,baseline_completion_slope_s_per_run,fault_completion_slope_s_per_run
8,12,6,6,0,0,6,0,0,199.53378333333333,205.75365,6.219866666666661,0.031171997858006808,9.517268484558276,9.54229643124043,0.025027946682154578,0.5873716437634827,0.8314605668427065,0.2440889230792238,0.047753205950886765,0.046282553296749025,-0.0014706526541377399,0.0,0.7500369632743757,0.7500369632743757,199.33333333333334,205.66666666666666,6.333333333333314,6.219866666666661,3.0281038771261897,3.1783170723734537,3.0415495942932074,9.398183739040114,0.5109944059422694,True,-2.091299999999995,-0.58811714285714
76,12,6,6,0,0,6,0,0,228.17515,230.64361666666667,2.4684666666666715,0.010818297551975628,9.459138765389524,9.404251377507867,-0.05488738788165648,0.9890656495233295,1.0,0.010934350476670462,0.0413086527531029,0.04091415756338177,-0.00039449518972112935,0.0,1.0,1.0,228.16666666666666,230.83333333333334,2.6666666666666856,2.4684666666666666,2.6777942241080877,2.810629834423969,-0.3421631677573025,5.279096501090636,1.1386136472401096,True,0.439105714285717,0.8001457142857161
86,12,6,6,0,0,6,0,0,242.54115000000002,249.51886666666667,6.977716666666652,0.028769207479500493,9.295524200877749,9.309344584638746,0.013820383760997146,0.9474034518406882,0.9660558790935551,0.018652427252866866,0.03845889384532673,0.03733623025353074,-0.0011226635917959901,0.0,1.0,1.0,241.83333333333334,249.0,7.166666666666657,6.97771666666667,8.102172141448658,8.504091367206994,-1.526374700540324,15.481808033873666,1.218749882441055,False,0.6854599999999952,-1.2882628571428891
94,12,6,6,0,0,6,0,0,227.93573333333333,226.88531666666668,-1.0504166666666492,-0.00460838961625433,9.193126936762727,9.143467515719376,-0.049659421043351415,0.7621383986715041,0.7060504654710615,-0.056087933200442586,0.04043230606220624,0.0411625061238981,0.0007302000616918602,0.0,0.8333333333333334,0.8333333333333334,226.66666666666666,198.66666666666666,-28.0,-1.0504166666666588,31.4512860698838,33.01146972503525,-34.061886391701904,31.961053058368588,31.42702393498024,False,0.3622571428571349,-0.8319228571428677
173,12,6,0,6,0,0,6,0,300.01550000000003,300.00758333333334,-0.007916666666687888,-2.638752553347373e-05,9.018242197586103,8.939827788469588,-0.07841440911651532,1.0,1.0,0.0,0.03015363541904315,0.02988751452531873,-0.000266120893724419,0.0,1.0,1.0,299.8333333333333,299.8333333333333,0.0,-0.007916666666687888,0.006759709066703578,0.007095033592893579,-0.015011700259581467,-0.0008216330737943096,0.8962147696262601,True,-0.0016514285714417539,-0.0019514285714348084
239,12,6,3,3,0,4,2,0,289.82756666666666,290.2772166666667,0.44965000000001965,0.0015514397238726647,10.756306680811024,10.71841647180355,-0.03789020900747353,1.0,1.0,0.0,0.0371936680574217,0.036945498382958165,-0.0002481696744635331,0.0,1.0,1.0,280.3333333333333,285.3333333333333,5.0,0.4496500000000007,11.857257111279994,12.44545241429056,-11.99580241429056,12.89510241429056,27.67808832267439,False,1.8076285714285618,3.270871428571435
240,12,6,6,0,0,6,0,0,211.02621666666667,215.04638333333332,4.020166666666654,0.01905055556683196,9.236076396965736,9.286207932217271,0.05013153525153591,0.8909358287144951,0.9411951454403407,0.050259316725845604,0.043938139974464746,0.04295836048333625,-0.000979779491128499,0.0,1.0,1.0,211.33333333333334,214.83333333333334,3.5,4.020166666666664,7.7316446402215515,8.115183347297307,-4.095016680630644,12.135350013963972,2.0186186345418466,False,-2.1906771428571457,1.0626028571428583
250,12,6,0,5,1,0,5,1,270.2126,271.14421666666664,0.9316166666666277,0.003447717340592658,7.85553931332354,7.620988075339691,-0.23455123798384925,1.0,1.0,0.0,0.029464745924485378,0.028433569144987323,-0.0010311767794980546,0.0,1.0,1.0,270.8333333333333,272.1666666666667,1.3333333333333712,0.9316166666666655,2.273667467697654,2.3864558227579016,-1.4548391560912362,3.318072489424567,2.561628519696482,True,-15.325314285714313,-14.849682857142863
274,12,6,6,0,0,5,0,1,214.8965,192.44825,-22.44825,-0.10446075203644546,9.132701804838998,8.106793680288561,-1.025908124550437,0.9411132560491998,0.9295578896233256,-0.01155536642587418,0.042529683673921626,0.04280471527555678,0.0002750316016351534,0.0,0.88885195035461,0.88885195035461,214.83333333333334,193.33333333333334,-21.5,-22.44824999999999,64.87207825604942,68.09014558550308,-90.53839558550307,45.64189558550309,3.033205064337002,False,0.5718971428571592,-4.457048571428582
