world_idx,pair_id,condition,attempt_count,had_retry,any_invalid_attempt,final_valid,final_navigation_status,final_completion_time_s,final_returncode,final_cleanup_ok
8,1,baseline,1,False,False,True,succeeded,200.8973,0,True
8,1,fault,1,False,False,True,succeeded,204.9903,0,True
8,2,baseline,1,False,False,True,succeeded,196.5663,0,True
8,2,fault,1,False,False,True,succeeded,200.0378,0,True
8,3,baseline,1,False,False,True,succeeded,238.2793,0,True
8,3,fault,1,False,False,True,collided,88.8142,0,True
76,1,baseline,1,False,False,True,succeeded,227.2551,0,True
76,1,fault,2,True,True,True,succeeded,234.1896,0,True
76,2,baseline,1,False,False,True,succeeded,229.1584,0,True
76,2,fault,1,False,False,True,succeeded,230.8412,0,True
76,3,baseline,1,False,False,True,succeeded,224.853,0,True
76,3,fault,1,False,False,True,succeeded,229.9927,0,True
86,1,baseline,1,False,False,True,succeeded,249.9545,0,True
86,1,fault,1,False,False,True,succeeded,252.5616,0,True
86,2,baseline,1,False,False,True,succeeded,250.5362,0,True
86,2,fault,1,False,False,True,succeeded,241.5389,0,True
86,3,baseline,1,False,False,True,succeeded,248.9659,0,True
86,3,fault,1,False,False,True,succeeded,253.0975,0,True
94,1,baseline,1,False,False,True,succeeded,229.6768,0,True
94,1,fault,1,False,False,True,succeeded,241.1028,0,True
94,2,baseline,1,False,False,True,succeeded,228.523,0,True
94,2,fault,1,False,False,True,succeeded,237.8248,0,True
94,3,baseline,1,False,False,True,succeeded,230.403,0,True
94,3,fault,1,False,False,True,succeeded,236.849,0,True
94,4,baseline,1,False,False,True,succeeded,230.7023,0,True
94,4,fault,1,False,False,True,succeeded,245.0379,0,True
173,1,baseline,1,False,False,True,timeout,300.0013,0,True
173,1,fault,1,False,False,True,timeout,300.0123,0,True
173,2,baseline,1,False,False,True,timeout,300.0158,0,True
173,2,fault,1,False,False,True,timeout,300.023,0,True
173,3,baseline,1,False,False,True,timeout,300.0135,0,True
173,3,fault,1,False,False,True,timeout,300.0087,0,True
239,1,baseline,1,False,False,True,succeeded,281.0594,0,True
239,1,fault,1,False,False,True,succeeded,284.1979,0,True
239,2,baseline,1,False,False,True,succeeded,282.5679,0,True
239,2,fault,1,False,False,True,timeout,300.003,0,True
239,3,baseline,1,False,False,True,timeout,300.0147,0,True
239,3,fault,1,False,False,True,timeout,300.0097,0,True
240,1,baseline,1,False,False,True,succeeded,208.7815,0,True
240,1,fault,1,False,False,True,succeeded,218.0297,0,True
240,2,baseline,1,False,False,True,succeeded,209.278,0,True
240,2,fault,1,False,False,True,succeeded,213.2536,0,True
240,3,baseline,1,False,False,True,succeeded,209.1261,0,True
240,3,fault,1,False,False,True,succeeded,214.5769,0,True
240,4,baseline,1,False,False,True,succeeded,205.8825,0,True
240,4,fault,1,False,False,True,succeeded,212.5631,0,True
250,1,baseline,1,False,False,True,timeout,300.014,0,True
250,1,fault,1,False,False,True,timeout,300.0049,0,True
250,2,baseline,1,False,False,True,timeout,300.0072,0,True
250,2,fault,1,False,False,True,timeout,300.0155,0,True
250,3,baseline,1,False,False,True,timeout,300.0116,0,True
250,3,fault,1,False,False,True,timeout,300.0153,0,True
274,1,baseline,1,False,False,True,succeeded,210.8659,0,True
274,1,fault,1,False,False,True,succeeded,225.8379,0,True
274,2,baseline,1,False,False,True,succeeded,212.7202,0,True
274,2,fault,1,False,False,True,succeeded,223.7447,0,True
274,3,baseline,1,False,False,True,succeeded,215.7688,0,True
274,3,fault,1,False,False,True,succeeded,218.9217,0,True
274,4,baseline,1,False,False,True,succeeded,209.6659,0,True
274,4,fault,1,False,False,True,succeeded,222.4079,0,True
