world_idx,condition,run_id,status,completion_time_s,nav_metric,sample_count,nominal_path_length_m,actual_path_length_m,net_displacement_m,path_efficiency_ratio,max_ref_progress_m,max_ref_progress_ratio,min_goal_distance_m,final_goal_distance_m,fault_config_start_s,fault_config_duration_s,fault_center_deg,fault_width_deg,fault_replacement,fault_active_t_s,fault_end_t_s,progress_at_fault_start_m,progress_at_fault_end_m,progress_delta_during_fault_m,whole_path_length_m,whole_mean_speed_mps,whole_stop_ratio,whole_max_stop_streak_s,pre_fault_mean_speed_mps,pre_fault_stop_ratio,during_fault_mean_speed_mps,during_fault_stop_ratio,during_fault_path_length_m,during_fault_max_stop_streak_s,post_fault_mean_speed_mps,post_fault_stop_ratio,post_fault_path_length_m,post_fault_max_stop_streak_s,local_costmap_warn_count,global_costmap_warn_count,controller_warn_count,planner_warn_count,behavior_warn_count,bt_warn_count,controller_new_path_count,robot_out_of_bounds_count,raytrace_oob_count,recovery_spin_mentions,recovery_backup_mentions,recovery_drive_on_heading_mentions,recovery_wait_mentions,recovery_assisted_teleop_mentions,recovery_mentions_total
239,baseline,1,timeout,300.0131,0.0,60,13.473876414560028,10.811077064402907,9.754532279919934,1.2463028738297304,13.473876414560028,1.0,1.0728000745712132,1.0728000745712132,nan,nan,nan,nan,,nan,nan,nan,nan,nan,10.700623454231033,0.036182536871005054,0.8812132278352609,95.22,0.036182536871005054,0.8812132278352609,0.0,0.0,0.0,0.0,0.0,0.0,0.0,0.0,0,0,58,0,0,0,247,0,0,3,3,3,4,3,16
239,fault,1,succeeded,234.4358,0.125,47,13.473876414560028,10.574620291193202,9.544443409649407,1.2693945328315175,13.42336518440988,0.9962511731148458,1.047091209016674,1.047091209016674,15.0,20.0,0.0,90.0,range_max[0m,15.02,35.019999999999996,0.5645350282050271,1.5035908556094877,0.9390558274044606,10.46416668102133,0.045385872141834364,0.8045194309507285,85.22,0.04689455250287532,0.5,0.04709052620775424,1.0,0.7082415141646238,15.040000000000001,0.04508788343529183,0.7951092239218294,8.813328575096495,85.22,0,0,52,0,0,0,234,0,0,3,3,3,4,3,16
239,baseline,2,succeeded,236.084,0.125,48,13.473876414560028,10.574134710278205,9.519837183481659,1.2656944678478717,13.383623805077281,0.9933016596927357,1.0135580891098446,1.0135580891098446,nan,nan,nan,nan,,nan,nan,nan,nan,nan,10.463681100106333,0.044420449567440706,0.8937001188656819,110.28,0.044420449567440706,0.8937001188656819,0.0,0.0,0.0,0.0,0.0,0.0,0.0,0.0,0,0,58,0,0,0,236,0,0,3,3,3,4,3,16
239,fault,2,timeout,300.0075,0.0,60,13.473876414560028,10.780966837190217,9.74458824168574,1.2497836806324552,13.473876414560028,1.0,1.0756393447619887,1.0756393447619887,15.0,20.0,0.0,90.0,range_max[0m,15.02,35.019999999999996,0.4615841750314276,1.34641074644321,0.8848265714117824,10.670513227018345,0.036078283834928136,0.9830944008655667,160.4,0.03669762729490202,1.0,0.04613028891085538,1.0,0.6942608481083735,15.05,0.03521843582614395,0.9808201311903025,9.181094035517468,130.36,0,0,54,0,0,0,252,0,0,3,3,3,4,3,16
239,baseline,3,timeout,300.0153,0.0,60,13.473876414560028,10.782687319417999,9.742299523213193,1.2495842655379241,13.473876414560028,1.0,1.145600279329575,1.145600279329575,nan,nan,nan,nan,,nan,nan,nan,nan,nan,10.672233709246127,0.03610363230462155,0.7626522327469555,100.22,0.03610363230462155,0.7626522327469555,0.0,0.0,0.0,0.0,0.0,0.0,0.0,0.0,0,0,57,0,0,0,242,0,0,3,3,3,4,3,16
239,fault,3,succeeded,240.4852,0.125,48,13.473876414560028,10.612649624930839,9.586198412300885,1.2690593381334576,13.468082108857017,0.9995699600081867,1.0465180361560906,1.0465180361560906,15.0,20.0,0.0,90.0,range_max[0m,15.02,35.019999999999996,0.466350418233909,1.431779458025433,0.9654290397915241,10.502196014758965,0.04459152519853501,0.8299082880434782,50.12999999999998,0.037153076988664394,1.0,0.049076017962482205,0.667109634551495,0.7385940703353572,10.04,0.04450208465981065,0.8251259791448387,8.919552828365847,50.12999999999998,0,0,63,0,0,0,240,0,0,3,3,3,4,3,16
239,baseline,4,succeeded,234.3767,0.125,47,13.473876414560028,10.577941112447943,9.554396893577323,1.2698474502827442,13.432371550883035,0.996919604841251,1.0423531071570709,1.0423531071570709,nan,nan,nan,nan,,nan,nan,nan,nan,nan,10.46748750227607,0.04541406352673031,0.6957351728925335,45.06,0.04541406352673031,0.6957351728925335,0.0,0.0,0.0,0.0,0.0,0.0,0.0,0.0,0,0,64,0,0,3,233,0,0,3,3,3,4,3,16
239,fault,4,succeeded,245.9145,0.125,50,13.473876414560028,10.611674406436046,9.602270564819552,1.2692353165797703,13.468711924694302,0.9996167034855579,1.0017983829094552,1.0017983829094552,15.0,20.0,0.0,90.0,range_max[0m,15.0,35.0,0.466350418233909,1.2427184776603353,0.7763680594264263,10.501220796264175,0.042753932075010895,0.9184919794804984,90.25,0.037153076988664394,1.0,0.04114431653265671,1.0,0.6188105206511569,15.040000000000001,0.043287491995043274,0.9049021470644119,9.11288281479651,90.25,0,0,62,0,0,0,245,0,0,3,3,3,4,3,16
239,baseline,5,timeout,300.0131,0.0,60,13.473876414560028,10.782086647952111,9.74146292914981,1.2496538800417802,13.473876414560028,1.0,1.0469479452198187,1.0469479452198187,nan,nan,nan,nan,,nan,nan,nan,nan,nan,10.671633037780238,0.03608085011252067,0.8644216790073369,100.28,0.03608085011252067,0.8644216790073369,0.0,0.0,0.0,0.0,0.0,0.0,0.0,0.0,0,0,55,0,0,0,243,0,0,3,3,3,4,3,16
239,fault,5,timeout,300.0086,0.0,60,13.473876414560028,10.822337099066667,9.761357487562886,1.2450061656018858,13.473876414560028,1.0,1.0412012293500232,1.0412012293500232,15.0,20.0,0.0,90.0,range_max[0m,15.01,35.01,0.4799077322320788,1.3918489316401992,0.9119411994081204,10.711883488894793,0.036213263992206875,0.9322177146720757,100.32,0.03848672725756879,1.0,0.047148779744249025,1.0,0.7081746717586204,15.02,0.035162356165217706,0.9231064237775648,9.168584370080517,100.32,0,0,62,0,0,0,253,0,0,3,3,3,4,3,16
239,baseline,6,succeeded,245.6785,0.125,50,13.473876414560028,10.749742525781679,9.715580270884493,1.2534138731457907,13.473876414560028,1.0,0.9962429422585637,0.9962429422585637,nan,nan,nan,nan,,nan,nan,nan,nan,nan,10.639288915609807,0.04333193058123165,0.8572475868529305,60.11,0.04333193058123165,0.8572475868529305,0.0,0.0,0.0,0.0,0.0,0.0,0.0,0.0,0,0,58,0,0,0,245,0,0,3,3,3,4,3,16
239,fault,6,timeout,300.0207,0.0,60,13.473876414560028,10.774657838688885,9.74146292914981,1.2505154795894287,13.473876414560028,1.0,1.0469479452198187,1.0469479452198187,15.0,20.0,0.0,90.0,range_max[0m,15.01,35.01,0.466350418233909,1.342385918850003,0.8760355006160939,10.664204228517011,0.03606304902951205,0.8984139866761354,95.25000000000003,0.03705730158059338,1.0,0.045586683890743634,1.0,0.6860795925556917,15.05,0.0351555033810538,0.8847363978205818,9.162227291170241,95.25000000000003,0,0,60,0,0,0,250,0,0,3,3,3,4,3,16
