resource_file,sample_count,peak_pg_cpu_percent,peak_pg_rss_mb,min_mem_available_mb
world_250_baseline_r001.csv,329,483.6000000000001,3416.5078125,3885.37890625
world_250_baseline_r002.csv,339,455.3,3424.40234375,3872.02734375
world_250_baseline_r003.csv,333,454.99999999999994,3417.35546875,3869.36328125
world_250_baseline_r004.csv,273,468.40000000000003,3420.86328125,4464.2265625
world_250_baseline_r005.csv,280,458.80000000000007,3423.03515625,4396.56640625
world_250_baseline_r006.csv,289,452.1000000000001,3413.1796875,4399.8125
world_250_fault_r001.csv,329,521.9000000000001,3505.55859375,3818.88671875
world_250_fault_r002.csv,337,511.2,3505.44140625,3825.16796875
world_250_fault_r003.csv,329,483.70000000000016,3513.80859375,3811.25
world_250_fault_r004.csv,269,687.0999999999999,3547.83203125,4325.8671875
world_250_fault_r005.csv,281,476.40000000000003,3505.26171875,4349.828125
world_250_fault_r006.csv,283,633.6000000000001,3580.4609375,4324.35546875
