world_idx,condition,run_id,t_s,x_m,y_m,step_distance_m,ref_progress_m,ref_progress_ratio,goal_distance_m,phase
8,baseline,1,0.02,-2.25,3.11,0.10999999999999988,0.10824649605316301,0.009628924814431568,9.89,baseline
8,baseline,1,5.04,-2.25,3.39,0.28000000000000025,0.38378303146121495,0.034138915251166524,9.61,baseline
8,baseline,1,10.06,-2.24,3.69,0.3001666203960725,0.6807791679488091,0.060557816302810645,9.310005370567731,baseline
8,baseline,1,15.06,-2.23,4.0,0.31016124838541653,0.987615894986691,0.08785207415576675,9.000022222194788,baseline
8,baseline,1,20.06,-2.2,4.29,0.29154759474226505,1.2783282808819332,0.11371201243066953,8.710143512020913,baseline
8,baseline,1,25.09,-2.16,4.59,0.30265491900843094,1.58065967730643,0.14060550451916953,8.41048155577313,baseline
8,baseline,1,30.1,-2.12,4.87,0.2828427124746193,1.8633098926303528,0.16574828300504568,8.131039293964824,baseline
8,baseline,1,35.12,-2.08,5.13,0.2630589287593179,2.1636132883959545,0.19246137695984045,7.871835872272745,baseline
8,baseline,1,40.14,-2.05,5.39,0.26172504656604784,2.4236132883959542,0.21558933530523255,7.612627667238166,baseline
8,baseline,1,45.16,-2.04,5.67,0.28017851452243825,2.7036132883959545,0.24049636736950103,7.3330075685219365,baseline
8,baseline,1,50.17,-2.07,5.91,0.24186773244895668,3.100537169950205,0.2758042096728782,7.092284540259224,baseline
8,baseline,1,55.18,-2.14,6.17,0.2692582403567251,3.3338824077417657,0.29656112867187373,6.830885740517111,baseline
8,baseline,1,60.2,-2.27,6.43,0.2906888370749724,3.609654052404519,0.3210920329434139,6.570030441329782,baseline
8,baseline,1,65.2,-2.45,6.68,0.30805843601498734,3.9576439511367525,0.35204701710686126,6.323163765078365,baseline
8,baseline,1,70.21,-2.64,6.91,0.29832867780352623,4.254628799235102,0.37846491401467375,6.102474907773074,baseline
8,baseline,1,75.21,-2.84,7.13,0.29732137494636973,4.551613647333452,0.40488281092248624,5.899576255969576,baseline
8,baseline,1,80.23,-3.01,7.35,0.2780287754891566,4.8273852919962055,0.4294137151940264,5.700885896069137,baseline
8,baseline,1,85.24,-3.16,7.56,0.25806975801127896,5.125877716045381,0.4559657165395051,5.515587004118419,baseline
8,baseline,1,90.25,-3.28,7.79,0.25942243542145715,5.373365089460672,0.47798063062934876,5.310837975310488,baseline
8,baseline,1,95.25,-3.37,8.04,0.2657066051117277,5.75706566631156,0.5121122112390035,5.084879546262626,baseline
8,baseline,1,100.25,-3.42,8.27,0.23537204591879676,5.98706566631156,0.5325715590060812,4.872555797525566,baseline
8,baseline,1,105.25,-3.43,8.57,0.3001666203960734,6.287065666311561,0.5592576647892261,4.584462891113854,baseline
8,baseline,1,110.27,-3.4,8.88,0.31144823004794925,6.597065666311561,0.5868333074318091,4.277487580344331,baseline
8,baseline,1,115.29,-3.36,9.18,0.30265491900843006,6.953695175350583,0.6185568167771633,3.9780020110603265,baseline
8,baseline,1,120.3,-3.31,9.47,0.2942787793912441,7.194111480954009,0.639942733321583,3.685715669988665,baseline
8,baseline,1,125.3,-3.24,9.77,0.30805843601498617,7.328461769379453,0.6518936866846411,3.378313188560232,baseline
8,baseline,1,130.31,-3.16,10.05,0.29120439557122185,8.190891025608472,0.728609947891996,3.087166986089349,baseline
8,baseline,1,135.32,-3.07,10.35,0.31320919526731555,8.500784079938619,0.7561760773230497,2.773968276675132,baseline
8,baseline,1,140.31,-2.98,10.65,0.31320919526731716,8.810677134268767,0.7837422067541036,2.460772236514383,baseline
8,baseline,1,145.34,-2.89,10.94,0.3036445290137787,9.110676304524521,0.8104282387284393,2.1571277199090466,baseline
8,baseline,1,150.35,-2.81,11.21,0.28160255680657575,9.389434758620563,0.8352248307082822,1.8755532517100113,baseline
8,baseline,1,155.36,-2.73,11.49,0.29120439557122013,9.678087096790996,0.860901520144843,1.5844557425185468,baseline
8,baseline,1,160.37,-2.66,11.75,0.26925824035672496,9.945498718801717,0.8846887695869111,1.3155227098001767,baseline
8,baseline,1,165.39,-2.6,11.94,0.19924858845171228,10.142200204280755,0.9021860917508955,1.1162884931772794,baseline
8,baseline,2,0.02,-2.25,3.11,0.10999999999999988,0.10824649605316301,0.009628924814431568,9.89,baseline
8,baseline,2,5.02,-2.25,3.39,0.28000000000000025,0.38378303146121495,0.034138915251166524,9.61,baseline
8,baseline,2,10.04,-2.24,3.65,0.2601922366251535,0.6414168057476588,0.0570563890975628,9.350005347592054,baseline
8,baseline,2,15.04,-2.23,3.95,0.30016662039607295,0.9384129422352536,0.08347529014920697,9.050022099420532,baseline
8,baseline,2,20.05,-2.2,4.26,0.3114482300479483,1.2488065092310703,0.11108594202673362,8.740143019424798,baseline
8,baseline,2,25.05,-2.17,4.54,0.28160255680657476,1.529678304576025,0.13607052350032445,8.460378242135514,baseline
8,baseline,2,30.05,-2.12,4.83,0.29427877939124325,1.8239475304292023,0.1622468557997978,8.171034206267894,baseline
8,baseline,2,35.06,-2.08,5.09,0.2630589287593179,2.086916564652549,0.18563892068304996,7.911826590617365,baseline
8,baseline,2,40.08,-2.05,5.35,0.26172504656604784,2.383613288395954,0.21203118786747993,7.652613932506984,baseline
8,baseline,2,45.09,-2.04,5.6,0.25019992006393604,2.633613288395954,0.23426960935343388,7.402979130052982,baseline
8,baseline,2,50.1,-2.06,5.84,0.2408318915758461,2.8736132883959544,0.25561849397994973,7.162520506078848,baseline
8,baseline,2,55.1,-2.12,6.08,0.24738633753705985,3.256100661811246,0.2896421556722086,6.921220990547838,baseline
8,baseline,2,60.11,-2.22,6.33,0.26925824035672524,3.5035880352265374,0.3116570697620523,6.670067465925663,baseline
8,baseline,2,65.12,-2.37,6.57,0.28301943396169826,3.823293662711309,0.3400960637438033,6.431119653683952,baseline
8,baseline,2,70.13,-2.55,6.8,0.2920616373302041,4.113207442997792,0.36588496310619156,6.2072538211353985,baseline
8,baseline,2,75.15,-2.75,7.02,0.29732137494637007,4.410192291096143,0.3923028600140041,6.0008666040831145,baseline
8,baseline,2,80.16,-2.93,7.23,0.2765863337187874,4.685963935758897,0.4168337642855443,5.809931152776253,baseline
8,baseline,2,85.18,-3.09,7.45,0.2720294101747085,4.980669563243668,0.44304891611869984,5.613207639131123,baseline
8,baseline,2,90.2,-3.22,7.66,0.24698178070456953,5.239014801035229,0.4660296772662908,5.427384268687818,baseline
8,baseline,2,95.2,-3.33,7.9,0.26400757564888183,5.4865021744505205,0.4880445913561345,5.213098886458994,baseline
8,baseline,2,100.2,-3.42,8.15,0.2657066051117284,5.867065666311561,0.5218971166928233,4.989128180353758,baseline
8,baseline,2,105.21,-3.46,8.41,0.2630589287593179,6.127065666311561,0.5450250750382155,4.74680945478118,baseline
8,baseline,2,110.23,-3.45,8.7,0.2901723625709373,6.41706566631156,0.570821643961922,4.464302857109944,baseline
8,baseline,2,115.24,-3.41,8.99,0.29274562336608984,6.783989547865811,0.6034608756869848,4.174410137971591,baseline
8,baseline,2,120.24,-3.36,9.27,0.28442925306655725,7.017334785657373,0.6242177946859805,3.89165774445801,baseline
8,baseline,2,125.24,-3.31,9.56,0.2942787793912441,7.257751091260799,0.6456037112304001,3.59961109010404,baseline
8,baseline,2,130.27,-3.24,9.83,0.2789265136196266,7.328461769379453,0.6518936866846411,3.3209938271547568,baseline
8,baseline,2,135.27,-3.15,10.13,0.3132091952673173,8.27149504621455,0.7357799726267978,3.007806509734294,baseline
8,baseline,2,140.28,-3.06,10.41,0.2941088233970542,8.561600332395908,0.7615859071444152,2.7137059531201975,baseline
8,baseline,2,145.29,-2.98,10.69,0.29120439557122013,8.850252670566343,0.7872625965809762,2.4226019070412708,baseline
8,baseline,2,150.3,-2.9,10.97,0.29120439557122185,9.13890500873678,0.8129392860175374,2.1315252754776326,baseline
8,baseline,2,155.31,-2.82,11.25,0.29120439557122013,9.427557346907212,0.8386159754540982,1.8404890654388577,baseline
8,baseline,2,160.32,-2.74,11.53,0.29120439557122,9.716209685077647,0.8642926648906591,1.5495160534825065,baseline
8,baseline,2,165.34,-2.67,11.77,0.2500000000000003,9.96383353893958,0.8863197194192909,1.2997307413460686,baseline
8,baseline,2,170.34,-2.62,11.96,0.19646882704388619,10.159082076407694,0.9036877965022189,1.1038568747804212,baseline
8,baseline,3,0.02,-2.25,3.11,0.10999999999999988,0.10824649605316301,0.009628924814431568,9.89,baseline
8,baseline,3,5.04,-2.25,3.39,0.28000000000000025,0.38378303146121495,0.034138915251166524,9.61,baseline
8,baseline,3,10.05,-2.24,3.69,0.3001666203960725,0.6807791679488091,0.060557816302810645,9.310005370567731,baseline
8,baseline,3,15.06,-2.22,3.98,0.2906888370749727,0.9697131338650835,0.08625955756542812,9.020049888997288,baseline
8,baseline,3,20.07,-2.19,4.31,0.3313608305156175,1.2997878819614754,0.11562092304557871,8.690207132168947,baseline
8,baseline,3,25.09,-2.16,4.6,0.29154759474226505,1.5905002678567177,0.1414808613204815,8.40048212902093,baseline
8,baseline,3,30.09,-2.12,4.88,0.2828427124746193,1.87315048318064,0.1666236398063576,8.121040573719602,baseline
8,baseline,3,35.11,-2.08,5.16,0.2828427124746193,2.1936132883959547,0.19512998753815494,7.841842895646406,baseline
8,baseline,3,40.12,-2.05,5.38,0.22203603311174497,2.4136132883959545,0.21469979844579443,7.6226242200439085,baseline
8,baseline,3,45.12,-2.04,5.65,0.2701851217221264,2.683613288395955,0.23871729365062475,7.3529993880048705,baseline
8,baseline,3,50.13,-2.06,5.87,0.22090722034374496,2.9036132883959547,0.2582871045582642,7.132531107538193,baseline
8,baseline,3,55.14,-2.13,6.12,0.25961509971494334,3.291456000870573,0.2927871433993291,6.881046432047963,baseline
8,baseline,3,60.16,-2.25,6.38,0.2863564212655269,3.560156577721461,0.3166890501254451,6.62,baseline
8,baseline,3,65.18,-2.41,6.62,0.2884441020371194,3.8869332730180983,0.3457570416526202,6.38200595424354,baseline
8,baseline,3,70.2,-2.58,6.83,0.27018512172212583,4.155633849868986,0.36965894837873625,6.1788186573163,baseline
8,baseline,3,75.21,-2.76,7.03,0.2690724809414741,4.424334426719874,0.3935608551048523,5.991744320312741,baseline
8,baseline,3,80.21,-2.94,7.25,0.2842534080710378,4.707177139194493,0.4187207569218166,5.791252023526519,baseline
8,baseline,3,85.22,-3.1,7.46,0.2640075756488818,4.990669563243668,0.443938452978138,5.604828275692307,baseline
8,baseline,3,90.25,-3.24,7.68,0.2607680962081058,5.2672990722826905,0.46854566744798715,5.411330705103875,baseline
8,baseline,3,95.26,-3.34,7.9,0.2416609194718919,5.493573242262386,0.4886735889015586,5.215179766796155,baseline
8,baseline,3,100.26,-3.43,8.15,0.26570660511172856,5.867065666311561,0.5218971166928233,4.991482745637812,baseline
8,baseline,3,105.26,-3.47,8.39,0.24331050121192901,6.107065666311561,0.5432460013193392,4.768700032503617,baseline
8,baseline,3,110.28,-3.46,8.68,0.2901723625709373,6.39706566631156,0.5690425702430457,4.486256791580259,baseline
8,baseline,3,115.29,-3.42,8.97,0.29274562336608984,6.762776344430216,0.6015738830507126,4.196403221807932,baseline
8,baseline,3,120.3,-3.38,9.23,0.2630589287593179,6.97490837878618,0.6204438094134358,3.935708322525946,baseline
8,baseline,3,125.32,-3.32,9.52,0.2961418578992161,7.222395752201471,0.6424587235032795,3.6407828828426454,baseline
8,baseline,3,130.33,-3.25,9.79,0.2789265136196266,7.328461769379453,0.6518936866846411,3.362157045707414,baseline
8,baseline,3,135.35,-3.16,10.09,0.31320919526731716,8.230466561906049,0.7321303377188686,3.0489670381950673,baseline
8,baseline,3,140.37,-3.07,10.38,0.30364452901378053,8.530465732161803,0.7588163696932043,2.7453232960800804,baseline
8,baseline,3,145.39,-2.99,10.65,0.281602556806574,8.809224186257843,0.7836129616730472,2.463757293241361,baseline
8,baseline,3,150.41,-2.91,10.95,0.31048349392519947,9.117664292577064,0.8110498460230443,2.1536248512682064,baseline
8,baseline,3,155.43,-2.82,11.23,0.294108823397056,9.407769578758426,0.836855780540662,1.8595160660774077,baseline
8,baseline,3,160.45,-2.74,11.52,0.30083217912982557,9.706315801003253,0.863412567433941,1.559006093637867,baseline
8,baseline,3,165.47,-2.67,11.77,0.25961509971494345,9.96383353893958,0.8863197194192909,1.2997307413460686,baseline
8,baseline,3,170.47,-2.61,11.96,0.19924858845171398,10.16053502441862,0.9038170415832755,1.1005453193758075,baseline
8,baseline,4,0.02,-2.25,3.11,0.10999999999999988,0.10824649605316301,0.009628924814431568,9.89,baseline
8,baseline,4,5.04,-2.25,3.4,0.29000000000000004,0.3936236220115022,0.03501427205247846,9.6,baseline
8,baseline,4,10.06,-2.24,3.71,0.3101612483854165,0.7004603490493841,0.06230852990543456,9.290005382129763,baseline
8,baseline,4,15.07,-2.22,4.03,0.3206243908376282,1.0189160866165217,0.09063634157198797,8.970050167083793,baseline
8,baseline,4,20.09,-2.19,4.34,0.31144823004794836,1.3293096536123383,0.11824699344951461,8.660207849699683,baseline
8,baseline,4,25.1,-2.16,4.64,0.3014962686336265,1.6298626300578678,0.14498228852572934,8.360484435725,baseline
8,baseline,4,30.11,-2.11,4.92,0.28442925306655814,1.9142912653607578,0.17028326402389074,8.08121278027005,baseline
8,baseline,4,35.13,-2.07,5.19,0.2729468812791241,2.223613288395955,0.19779859811646947,7.812073988384903,baseline
8,baseline,4,40.14,-2.04,5.46,0.2716615541441221,2.4936132883959545,0.2218160933212997,7.5429238362852375,baseline
8,baseline,4,45.15,-2.04,5.73,0.27000000000000046,2.763613288395955,0.24583358852613002,7.273032379963669,baseline
8,baseline,4,50.16,-2.08,5.97,0.24331050121192813,3.1500346446332634,0.28020719249084697,7.032055176120279,baseline
8,baseline,4,55.18,-2.17,6.24,0.28460498941515455,3.4045930858604208,0.3028511041261148,6.760473356208128,baseline
8,baseline,4,60.19,-2.31,6.5,0.2952964612046679,3.720009391463847,0.3309085471163206,6.500276917178221,baseline
8,baseline,4,65.2,-2.49,6.74,0.30000000000000027,4.028354629255407,0.3583369925611023,6.264598949653521,baseline
8,baseline,4,70.22,-2.69,6.96,0.29732137494636973,4.325339477353757,0.3847548894689148,6.056005284013547,baseline
8,baseline,4,75.23,-2.89,7.19,0.30479501308256385,4.629395393263973,0.41180178392215144,5.845143283102647,baseline
8,baseline,4,80.24,-3.06,7.4,0.27018512172212583,4.930669563243669,0.43860123182150906,5.6582771229412225,baseline
8,baseline,4,85.24,-3.19,7.61,0.2469817807045693,5.182446258540305,0.46099769690289794,5.471352666388815,baseline
8,baseline,4,90.27,-3.31,7.84,0.2594224354214566,5.429933631955596,0.4830126109927416,5.267750943239439,baseline
8,baseline,4,95.28,-3.4,8.07,0.24698178070456972,5.787065666311561,0.5147808218173181,5.062351232382044,baseline
8,baseline,4,100.31,-3.46,8.31,0.24738633753705985,6.027065666311561,0.536129706443834,4.843573061284406,baseline
8,baseline,4,105.32,-3.46,8.61,0.29999999999999893,6.32706566631156,0.5628158122269786,4.5537017908510435,baseline
8,baseline,4,110.34,-3.43,8.9,0.29154759474226594,6.617065666311561,0.5886123811506853,4.266427076606372,baseline
8,baseline,4,115.36,-3.38,9.21,0.31400636936215215,6.96076624316245,0.6191858143225877,3.9548704150705105,baseline
8,baseline,4,120.36,-3.32,9.49,0.28635642126552646,7.201182548765875,0.6405717308670071,3.669468626381754,baseline
8,baseline,4,125.37,-3.25,9.78,0.29832867780352507,7.328461769379453,0.6518936866846411,3.3717057997399484,baseline
8,baseline,4,130.4,-3.16,10.07,0.30364452901378036,8.21067879375726,0.7303701428054323,3.068061277093402,baseline
8,baseline,4,135.41,-3.06,10.38,0.3257299494980471,8.531918680172728,0.7589456147742609,2.7423530042647677,baseline
8,baseline,4,140.43,-2.98,10.66,0.29120439557122013,8.820571018343161,0.7846223042108217,2.4512241839538054,baseline
8,baseline,4,145.43,-2.9,10.95,0.3008321791298257,9.11911724058799,0.8111790911041009,2.1505813167606576,baseline
8,baseline,4,150.44,-2.81,11.26,0.3228002478313799,9.438904178992532,0.8396253179918729,1.8278949641595932,baseline
8,baseline,4,155.45,-2.72,11.54,0.2941088233970542,9.729009465173892,0.8654312525094904,1.5337861650177975,baseline
8,baseline,4,160.47,-2.65,11.78,0.2500000000000003,9.976633319035825,0.8874583070381222,1.2839003076563233,baseline
8,baseline,4,165.49,-2.59,11.97,0.19924858845171398,10.173334804514862,0.9049556292021065,1.0846658471621564,baseline
8,baseline,5,0.04,-2.25,3.11,0.10999999999999988,0.10824649605316301,0.009628924814431568,9.89,baseline
8,baseline,5,5.05,-2.25,3.38,0.27,0.37394244091092715,0.03326355844985454,9.620000000000001,baseline
8,baseline,5,10.06,-2.24,3.69,0.3101612483854165,0.6807791679488091,0.060557816302810645,9.310005370567731,baseline
8,baseline,5,15.07,-2.22,3.98,0.2906888370749727,0.9697131338650835,0.08625955756542812,9.020049888997288,baseline
8,baseline,5,20.08,-2.2,4.26,0.2807133769523638,1.2488065092310703,0.11108594202673362,8.740143019424798,baseline
8,baseline,5,25.1,-2.17,4.54,0.28160255680657476,1.529678304576025,0.13607052350032445,8.460378242135514,baseline
8,baseline,5,30.12,-2.12,4.82,0.28442925306655803,1.8141069398789151,0.16137149899848588,8.181032942116783,baseline
8,baseline,5,35.13,-2.08,5.08,0.2630589287593179,2.0770759741022617,0.18476356388173804,7.921824284847525,baseline
8,baseline,5,40.14,-2.05,5.35,0.2716615541441221,2.383613288395954,0.21203118786747993,7.652613932506984,baseline
8,baseline,5,45.16,-2.04,5.6,0.25019992006393604,2.633613288395954,0.23426960935343388,7.402979130052982,baseline
8,baseline,5,50.16,-2.06,5.84,0.2408318915758461,2.8736132883959544,0.25561849397994973,7.162520506078848,baseline
8,baseline,5,55.18,-2.11,6.06,0.22561028345356926,3.2348874583756486,0.2877551630359362,6.941411960113014,baseline
8,baseline,5,60.19,-2.22,6.32,0.2823118842698628,3.496516967414672,0.3110280722166282,6.680067364929788,baseline
8,baseline,5,65.21,-2.38,6.58,0.3052867504494746,3.8374357983350396,0.3413540588346515,6.421316064483977,baseline
8,baseline,5,70.21,-2.56,6.8,0.2842534080710378,4.1202785108096585,0.36651396065161573,6.207745162295244,baseline
8,baseline,5,75.21,-2.75,7.02,0.29068883707497245,4.410192291096143,0.3923028600140041,6.0008666040831145,baseline
8,baseline,5,80.22,-2.93,7.24,0.2842534080710385,4.693035003570762,0.4174627618309684,5.8,baseline
8,baseline,5,85.22,-3.08,7.43,0.24207436873820365,4.960669563243668,0.4412698423998235,5.631500688093716,baseline
8,baseline,5,90.25,-3.21,7.63,0.23853720883753135,5.210730529787766,0.4635136870845943,5.455135195391587,baseline
8,baseline,5,95.25,-3.31,7.82,0.21470910553583927,5.415791496331866,0.48175461590189345,5.2873433782950015,baseline
8,baseline,5,100.26,-3.4,8.05,0.24698178070456972,5.767065666311561,0.5130017480984419,5.081830378908764,baseline
8,baseline,5,105.26,-3.46,8.29,0.24738633753705813,6.00706566631156,0.5343506327249575,4.862941496666396,baseline
8,baseline,5,110.27,-3.47,8.57,0.28017851452243914,6.287065666311561,0.5592576647892261,4.594921109224836,baseline
8,baseline,5,115.29,-3.45,8.85,0.28071337695236337,6.56706566631156,0.5841646968534945,4.32001157405857,baseline
8,baseline,5,120.31,-3.42,9.09,0.24186773244895673,6.847629158172601,0.6091218535958018,4.081298812878077,baseline
8,baseline,5,125.32,-3.36,9.38,0.2961418578992179,7.095116531587894,0.6311367676856456,3.7863570882841984,baseline
8,baseline,5,130.32,-3.29,9.66,0.2886173937932356,7.328461769379453,0.6518936866846411,3.4981709506540697,baseline
8,baseline,5,135.34,-3.21,9.95,0.3008321791298257,8.084687444809905,0.7191627479195315,3.197514659856934,baseline
8,baseline,5,140.34,-3.13,10.24,0.3008321791298274,8.383233667054734,0.7457195348128107,2.896894889359985,baseline
8,baseline,5,145.34,-3.04,10.51,0.28460498941515366,8.6634450691617,0.7706453718737101,2.6123169792351004,baseline
8,baseline,5,150.36,-2.96,10.81,0.3104834939252012,8.971885175480923,0.7980822562237073,2.302216323458766,baseline
8,baseline,5,155.37,-2.87,11.1,0.3036445290137787,9.271884345736677,0.824768288198043,1.9985995096567,baseline
8,baseline,5,160.38,-2.79,11.4,0.3104834939252012,9.5803244520559,0.8522051725480404,1.6886681142249351,baseline
8,baseline,5,165.38,-2.7,11.69,0.3036445290137787,9.880323622311654,0.8788912045223761,1.3851353724455966,baseline
8,baseline,5,170.4,-2.63,11.89,0.211896201004172,10.08837193987601,0.8973978692241351,1.1732433677630565,baseline
8,baseline,6,0.02,-2.25,3.11,0.10999999999999988,0.10824649605316301,0.009628924814431568,9.89,baseline
8,baseline,6,5.05,-2.25,3.39,0.28000000000000025,0.38378303146121495,0.034138915251166524,9.61,baseline
8,baseline,6,10.06,-2.24,3.68,0.2901723625709382,0.6709385773985217,0.0596824595014987,9.320005364805324,baseline
8,baseline,6,15.06,-2.22,3.97,0.2906888370749727,0.9598725433147962,0.08538420076411618,9.030049833749533,baseline
8,baseline,6,20.06,-2.2,4.26,0.29068883707497223,1.2488065092310703,0.11108594202673362,8.740143019424798,baseline
8,baseline,6,25.06,-2.16,4.55,0.292745623366089,1.5412973151052802,0.1371040773139217,8.450479276348767,baseline
8,baseline,6,30.07,-2.12,4.83,0.2828427124746193,1.8239475304292023,0.1622468557997978,8.171034206267894,baseline
8,baseline,6,35.07,-2.08,5.09,0.2630589287593179,2.086916564652549,0.18563892068304996,7.911826590617365,baseline
8,baseline,6,40.09,-2.05,5.36,0.27166155414412296,2.393613288395955,0.21292072472691814,7.642617352713663,baseline
8,baseline,6,45.09,-2.04,5.6,0.2402082429892856,2.633613288395954,0.23426960935343388,7.402979130052982,baseline
8,baseline,6,50.1,-2.06,5.84,0.2408318915758461,2.8736132883959544,0.25561849397994973,7.162520506078848,baseline
8,baseline,6,55.1,-2.12,6.07,0.2376972864800947,3.24902959399938,0.28901315812678446,6.931219228966863,baseline
8,baseline,6,60.11,-2.23,6.31,0.26400757564888105,3.496516967414671,0.31102807221662815,6.690029895299423,baseline
8,baseline,6,65.12,-2.36,6.54,0.26419689627245846,3.760009391463847,0.3344666945540733,6.460936464631114,baseline
8,baseline,6,70.14,-2.54,6.77,0.2920616373302044,4.08492317175033,0.3633689729244951,6.2367459464050645,baseline
8,baseline,6,75.16,-2.71,6.97,0.26248809496813386,4.346552680789354,0.38664188210518713,6.047520152922188,baseline
8,baseline,6,80.18,-2.89,7.19,0.2842534080710385,4.629395393263973,0.41180178392215144,5.845143283102647,baseline
8,baseline,6,85.19,-3.05,7.4,0.2640075756488815,4.930669563243669,0.43860123182150906,5.65685424949238,baseline
8,baseline,6,90.2,-3.19,7.61,0.2523885892824793,5.182446258540305,0.46099769690289794,5.471352666388815,baseline
8,baseline,6,95.21,-3.31,7.83,0.2505992817228332,5.422862564143731,0.4823836134473175,5.277546778570513,baseline
8,baseline,6,100.22,-3.4,8.06,0.24698178070456972,5.777065666311561,0.51389128495788,5.072090298880728,baseline
8,baseline,6,105.22,-3.47,8.31,0.25961509971494345,6.027065666311561,0.536129706443834,4.846080890781746,baseline
8,baseline,6,110.23,-3.47,8.59,0.27999999999999936,6.30706566631156,0.5610367385081023,4.575642031453072,baseline
8,baseline,6,115.23,-3.44,8.9,0.31144823004794925,6.617065666311561,0.5886123811506853,4.269203672817683,baseline
8,baseline,6,120.25,-3.39,9.19,0.29427877939124236,6.939553039726852,0.6172988216863152,3.9768957743446087,baseline
8,baseline,6,125.27,-3.33,9.47,0.2863564212655282,7.179969345330279,0.6386847382307349,3.6915173032237023,baseline
8,baseline,6,130.28,-3.26,9.74,0.2789265136196267,7.328461769379453,0.6518936866846411,3.4128726902713495,baseline
8,baseline,6,135.29,-3.16,10.05,0.32572994949804696,8.190891025608472,0.728609947891996,3.087166986089349,baseline
8,baseline,6,140.29,-3.08,10.32,0.2816025568065741,8.469649479704513,0.7534065398718388,2.805583718230486,baseline
8,baseline,6,145.3,-3.0,10.59,0.2816025568065741,8.748407933800552,0.7782031318516814,2.524004754353684,baseline
8,baseline,6,150.32,-2.91,10.87,0.2941088233970542,9.038513219981912,0.8040090663692989,2.229910312097777,baseline
8,baseline,6,155.32,-2.83,11.15,0.29120439557122185,9.327165558152348,0.8296857558058601,1.9387882813757666,baseline
8,baseline,6,160.33,-2.75,11.45,0.31048349392519947,9.63560566447157,0.8571226401558573,1.6286497474902337,baseline
8,baseline,6,165.35,-2.67,11.71,0.2720294101747104,9.904470234493218,0.8810391346789821,1.3566502865514007,baseline
8,baseline,6,170.36,-2.62,11.88,0.1772004514666934,10.079931003812542,0.8966470168484735,1.1795338062132845,baseline
8,fault,1,0.03,-2.25,3.11,0.10999999999999988,0.10824649605316301,0.009628924814431568,9.89,pre_fault
8,fault,1,5.05,-2.25,3.36,0.25,0.35426125981035195,0.03151284484723061,9.64,pre_fault
8,fault,1,10.05,-2.24,3.65,0.2901723625709382,0.6414168057476588,0.0570563890975628,9.350005347592054,pre_fault
8,fault,1,15.06,-2.23,3.95,0.30016662039607295,0.9384129422352536,0.08347529014920697,9.050022099420532,during_fault
8,fault,1,20.08,-2.2,4.23,0.2816025568065747,1.219284737580208,0.10845987162279778,8.770142530198697,during_fault
8,fault,1,25.08,-2.17,4.51,0.28160255680657387,1.500156532925162,0.13344445309638855,8.490376905650303,during_fault
8,fault,1,30.1,-2.13,4.79,0.2828427124746193,1.7828067482490844,0.15858723158226465,8.210876932459772,during_fault
8,fault,1,35.11,-2.08,5.06,0.27459060435491917,2.0573947930016865,0.1830128502791141,7.941819690725798,post_fault
8,fault,1,40.11,-2.05,5.32,0.2617250465660487,2.353613288395955,0.20936257728916552,7.682603725300427,post_fault
8,fault,1,45.13,-2.04,5.57,0.25019992006393604,2.603613288395955,0.23160099877511947,7.432967106075473,post_fault
8,fault,1,50.15,-2.05,5.81,0.2402082429892856,2.843613288395954,0.2529498834016352,7.192781103300725,post_fault
8,fault,1,55.16,-2.1,6.04,0.23537204591879687,3.2136742549400528,0.28586817039966395,6.961616191661244,post_fault
8,fault,1,60.18,-2.2,6.29,0.26925824035672524,3.4611616283553444,0.30788308448950763,6.710186286534823,post_fault
8,fault,1,65.18,-2.35,6.54,0.291547594742265,3.760009391463847,0.3344666945540733,6.460773947446235,post_fault
8,fault,1,70.2,-2.53,6.77,0.2920616373302041,4.077852103938465,0.36273997537907104,6.236288960591868,post_fault
8,fault,1,75.2,-2.71,6.98,0.2765863337187874,4.353623748601219,0.38727087965061124,6.0375491716424134,post_fault
8,fault,1,80.2,-2.91,7.21,0.3047950130825632,4.657679664511435,0.4143177741038479,5.827495173743175,post_fault
8,fault,1,85.2,-3.07,7.42,0.2640075756488815,4.950669563243668,0.4403803055403854,5.639929077568263,post_fault
8,fault,1,90.22,-3.21,7.65,0.26925824035672563,5.224872665411498,0.4647716821754425,5.4354484635584575,post_fault
8,fault,1,95.24,-3.32,7.86,0.23706539182259387,5.451146835391192,0.4848996036290139,5.250190472735251,post_fault
8,fault,1,100.24,-3.4,8.1,0.2529822128134697,5.81706566631156,0.5174494323956326,5.033140172894056,post_fault
8,fault,1,105.24,-3.46,8.37,0.2765863337187862,6.08706566631156,0.5414669276004628,4.785498929056406,post_fault
8,fault,1,110.26,-3.45,8.66,0.2901723625709391,6.377065666311561,0.5672634965241695,4.502843546027332,post_fault
8,fault,1,115.27,-3.4,8.95,0.2942787793912424,6.762776344430215,0.6015738830507125,4.210106887004177,post_fault
8,fault,1,120.28,-3.35,9.23,0.2844292530665589,6.996121582221776,0.622330802049708,3.9272000203707473,post_fault
8,fault,1,125.28,-3.29,9.5,0.2765863337187862,7.229466820013337,0.6430877210487036,3.651246362545261,post_fault
8,fault,1,130.29,-3.23,9.77,0.2765863337187862,7.328461769379453,0.6518936866846411,3.37539627303225,post_fault
8,fault,1,135.3,-3.15,10.06,0.3008321791298274,8.202237857693792,0.7296192904297707,3.0746707140765492,post_fault
8,fault,1,140.31,-3.07,10.34,0.29120439557122013,8.490890195864225,0.7552959798663315,2.783522947633089,post_fault
8,fault,1,145.32,-2.98,10.64,0.31320919526731716,8.800783250194375,0.7828621092973855,2.4703238654071247,post_fault
8,fault,1,150.34,-2.89,10.93,0.3036445290137787,9.100782420450127,0.809548141271721,2.166679487141557,post_fault
8,fault,1,155.34,-2.81,11.23,0.3104834939252012,9.40922252676935,0.8369850256217184,1.8564751546950469,post_fault
8,fault,1,160.36,-2.74,11.51,0.2886173937932356,9.696421916928859,0.8625324699772228,1.5685024705112838,post_fault
8,fault,1,165.38,-2.67,11.76,0.25961509971494345,9.953939654865186,0.8854396219625728,1.3091982279242516,post_fault
8,fault,1,170.38,-2.61,11.94,0.1897366596101025,10.14074725626983,0.9020568466698389,1.1194641575325228,post_fault
8,fault,2,0.02,-2.25,3.11,0.10999999999999988,0.10824649605316301,0.009628924814431568,9.89,pre_fault
8,fault,2,5.04,-2.25,3.37,0.26000000000000023,0.36410185036063974,0.03238820164854259,9.629999999999999,pre_fault
8,fault,2,10.06,-2.24,3.66,0.2901723625709382,0.6512573962979465,0.05793174589887477,9.340005353317524,pre_fault
8,fault,2,15.07,-2.23,3.94,0.2801785145224378,0.9285723516849658,0.08259993334789499,9.060022075028295,during_fault
8,fault,2,20.07,-2.2,4.23,0.2915475947422655,1.219284737580208,0.10845987162279778,8.770142530198697,during_fault
8,fault,2,25.1,-2.17,4.54,0.31144823004794836,1.529678304576025,0.13607052350032445,8.460378242135514,during_fault
8,fault,2,30.1,-2.13,4.79,0.25317977802344327,1.7828067482490844,0.15858723158226465,8.210876932459772,during_fault
8,fault,2,35.12,-2.09,5.05,0.2630589287593179,2.045775782472431,0.18197929646551683,7.951609899888198,post_fault
8,fault,2,40.12,-2.06,5.31,0.2617250465660478,2.343613288395954,0.20847304042972728,7.692346846054201,post_fault
8,fault,2,45.13,-2.05,5.55,0.2402082429892865,2.5836132883959544,0.2298219250562431,7.45268408024921,post_fault
8,fault,2,50.13,-2.05,5.81,0.2599999999999998,2.843613288395954,0.2529498834016352,7.192781103300725,post_fault
8,fault,2,55.14,-2.1,6.05,0.24515301344262552,3.2207453227519185,0.28649716794508806,6.951618516575834,post_fault
8,fault,2,60.15,-2.2,6.3,0.26925824035672524,3.4682326961672096,0.30851208203493174,6.700186564566692,post_fault
8,fault,2,65.17,-2.34,6.53,0.2692582403567254,3.750009391463847,0.33357715769463514,6.470625935719047,post_fault
8,fault,2,70.18,-2.52,6.77,0.29999999999999954,4.0707810361266,0.36211097783364693,6.235847977621007,post_fault
8,fault,2,75.2,-2.71,6.98,0.28319604517012653,4.353623748601219,0.38727087965061124,6.0375491716424134,post_fault
8,fault,2,80.2,-2.9,7.19,0.28319604517012587,4.636466461075838,0.41243078146757556,5.846246659182282,post_fault
8,fault,2,85.2,-3.05,7.39,0.2499999999999994,4.920669563243668,0.43771169496207085,5.666753920896866,post_fault
8,fault,2,90.22,-3.19,7.59,0.24413111231467427,5.168304122916574,0.45973970181204965,5.491056364671556,post_fault
8,fault,2,95.24,-3.31,7.82,0.2594224354214574,5.415791496331866,0.48175461590189345,5.2873433782950015,post_fault
8,fault,2,100.26,-3.41,8.06,0.26000000000000023,5.777065666311561,0.51389128495788,5.074366955591604,post_fault
8,fault,2,105.27,-3.47,8.29,0.23769728648009297,6.00706566631156,0.5343506327249575,4.865439342957633,post_fault
8,fault,2,110.28,-3.49,8.57,0.28071337695236515,6.287065666311561,0.5592576647892261,4.600271731104588,post_fault
8,fault,2,115.29,-3.45,8.88,0.3125699921617562,6.597065666311561,0.5868333074318091,4.291200298284851,post_fault
8,fault,2,120.29,-3.41,9.14,0.2630589287593179,6.890055565043794,0.6128958388683465,4.030533463451209,post_fault
8,fault,2,125.3,-3.35,9.43,0.2961418578992161,7.1375429384590845,0.6349107529581901,3.735625784256234,post_fault
8,fault,2,130.3,-3.28,9.7,0.2789265136196267,7.328461769379453,0.6518936866846411,3.4570073763299964,post_fault
8,fault,2,135.31,-3.2,9.98,0.29120439557122174,8.115822045044013,0.7219322853707426,3.16589639754683,post_fault
8,fault,2,140.32,-3.12,10.27,0.3008321791298257,8.414368267288841,0.7484890722640217,2.8652748559256933,post_fault
8,fault,2,145.34,-3.04,10.52,0.26248809496813374,8.673338953236094,0.7715254693304282,2.6027869678481186,post_fault
8,fault,2,150.34,-2.95,10.8,0.2941088233970559,8.963444239417454,0.7973314038480457,2.3086792761230384,post_fault
8,fault,2,155.35,-2.87,11.08,0.29120439557122013,9.252096577587889,0.8230080932846067,2.0176223630798704,post_fault
8,fault,2,160.36,-2.79,11.35,0.2816025568065741,9.53085503168393,0.8478046852644495,1.7361163555476347,post_fault
8,fault,2,165.38,-2.72,11.57,0.23086792761230449,9.758691117397074,0.8680715448796449,1.5052574530624319,post_fault
8,fault,2,170.38,-2.67,11.75,0.18681541692269385,9.944045770790792,0.8845595245058546,1.3186735759845951,post_fault
8,fault,2,175.4,-2.61,11.94,0.19924858845171228,10.14074725626983,0.9020568466698389,1.1194641575325228,post_fault
8,fault,3,0.01,-2.25,3.11,0.10999999999999988,0.10824649605316301,0.009628924814431568,9.89,pre_fault
8,fault,3,5.02,-2.25,3.39,0.28000000000000025,0.38378303146121495,0.034138915251166524,9.61,pre_fault
8,fault,3,10.05,-2.24,3.68,0.2901723625709382,0.6709385773985217,0.0596824595014987,9.320005364805324,pre_fault
8,fault,3,15.05,-2.22,3.97,0.2906888370749727,0.9598725433147962,0.08538420076411618,9.030049833749533,during_fault
8,fault,3,20.05,-2.2,4.26,0.29068883707497223,1.2488065092310703,0.11108594202673362,8.740143019424798,during_fault
8,fault,3,25.07,-2.16,4.55,0.292745623366089,1.5412973151052802,0.1371040773139217,8.450479276348767,during_fault
8,fault,3,30.08,-2.12,4.83,0.2828427124746193,1.8239475304292023,0.1622468557997978,8.171034206267894,during_fault
8,fault,3,35.08,-2.08,5.09,0.2630589287593179,2.086916564652549,0.18563892068304996,7.911826590617365,post_fault
8,fault,3,40.09,-2.05,5.34,0.2517935662402835,2.3736132883959544,0.21114165100804178,7.662610521225779,post_fault
8,fault,3,45.1,-2.04,5.6,0.2601922366251535,2.633613288395954,0.23426960935343388,7.402979130052982,post_fault
8,fault,3,50.1,-2.05,5.77,0.17029386365926394,2.803613288395954,0.2493917359638826,7.23276572273705,post_fault
8,fault,3,55.11,-2.08,5.92,0.15297058540778394,3.114679305573936,0.27706220476372645,7.082040666361639,post_fault
8,fault,3,60.13,-2.14,6.13,0.21840329667841551,3.3055981364943037,0.29404513849017727,6.870880584029969,post_fault
8,fault,3,65.15,-2.25,6.37,0.26400757564888183,3.5530855099095953,0.316060052580021,6.63,post_fault
8,fault,3,70.15,-2.4,6.6,0.27459060435491917,3.865720069582501,0.3438700490163479,6.401757571167469,post_fault
8,fault,3,75.17,-2.58,6.82,0.2842534080710385,4.1485627820571205,0.36902995083331214,6.188804407961201,post_fault
8,fault,3,80.17,-2.77,7.04,0.29068883707497245,4.438476562343605,0.39481885019570057,5.9826415570381615,post_fault
8,fault,3,85.17,-2.94,7.25,0.27018512172212583,4.707177139194493,0.4187207569218166,5.791252023526519,post_fault
8,fault,3,90.19,-3.1,7.45,0.25612496949731417,4.980669563243668,0.44304891611869984,5.6147128154519175,post_fault
8,fault,3,95.18,-3.23,7.67,0.2555386467836125,5.25315693665896,0.467287672357139,5.419344978869679,post_fault
8,fault,3,100.22,-3.33,7.88,0.23259406699226015,5.472360038826789,0.48678659626528625,5.232666624198411,post_fault
8,fault,3,105.24,-3.41,8.12,0.2529822128134697,5.83706566631156,0.5192285061145088,5.015974481593782,post_fault
8,fault,3,110.25,-3.46,8.38,0.26476404589747604,6.097065666311561,0.542356464459901,4.7758245361403295,post_fault
8,fault,3,115.25,-3.45,8.67,0.2901723625709373,6.38706566631156,0.5681530333836076,4.493205982369382,post_fault
8,fault,3,120.26,-3.41,8.95,0.2828427124746184,6.755705276618349,0.6009448855052884,4.2128493920386,post_fault
8,fault,3,125.26,-3.36,9.22,0.274590604354921,6.981979446598046,0.6210728069588599,3.9396065793426627,post_fault
8,fault,3,130.28,-3.3,9.52,0.30594117081556604,7.236537887825202,0.6437167185941277,3.634955295461005,post_fault
8,fault,3,135.29,-3.22,9.82,0.3104834939252011,7.328461769379453,0.6518936866846411,3.3246503575564152,post_fault
8,fault,3,140.29,-3.14,10.09,0.2816025568065741,8.233372457927898,0.7323888278809816,3.043057672802144,post_fault
8,fault,3,145.31,-3.06,10.37,0.29120439557122013,8.522024796098332,0.7580655173175426,2.7519084287090667,post_fault
8,fault,3,150.31,-2.98,10.64,0.28160255680657575,8.800783250194375,0.7828621092973855,2.4703238654071247,post_fault
8,fault,3,155.32,-2.91,10.91,0.2789265136196266,9.078088756279488,0.8075294561961717,2.1917344729688404,post_fault
8,fault,3,160.33,-2.82,11.19,0.29410882339705435,9.368194042460848,0.8333353907137891,1.8976301009416987,post_fault
8,fault,3,165.34,-2.74,11.47,0.29120439557122174,9.656846380631283,0.8590120801503501,1.606549096666516,post_fault
8,fault,3,170.34,-2.67,11.73,0.2692582403567251,9.924258002642006,0.8827993295924184,1.3376471881628573,post_fault
8,fault,3,175.34,-2.61,11.92,0.19924858845171228,10.120959488121041,0.9002966517564026,1.1384199576606167,post_fault
8,fault,4,0.02,-2.25,3.11,0.10999999999999988,0.10824649605316301,0.009628924814431568,9.89,pre_fault
8,fault,4,5.04,-2.25,3.37,0.26000000000000023,0.36410185036063974,0.03238820164854259,9.629999999999999,pre_fault
8,fault,4,10.05,-2.24,3.66,0.2901723625709382,0.6512573962979465,0.05793174589887477,9.340005353317524,pre_fault
8,fault,4,15.06,-2.23,3.93,0.27018512172212594,0.9187317611346784,0.08172457654658304,9.070022050689843,during_fault
8,fault,4,20.06,-2.2,4.22,0.2915475947422646,1.20944414702992,0.10758451482148577,8.780142367866253,during_fault
8,fault,4,25.08,-2.17,4.49,0.27166155414412296,1.4804753518245874,0.13169373949376467,8.510376019894773,during_fault
8,fault,4,30.1,-2.14,4.74,0.25179356624028343,1.7318253755186794,0.1540522505634196,8.2607324130491,during_fault
8,fault,4,35.1,-2.11,4.9,0.16278820596099725,1.8946100842601832,0.16853255042126686,8.101209786198602,post_fault
8,fault,4,40.11,-2.07,5.15,0.25317977802344327,2.183613288395955,0.19424045067871681,7.85206342307549,post_fault
8,fault,4,45.12,-2.05,5.42,0.27073972741361724,2.4536132883959545,0.21825794588354705,7.582638063365546,post_fault
8,fault,4,50.13,-2.04,5.67,0.25019992006393604,2.7036132883959545,0.24049636736950103,7.3330075685219365,post_fault
8,fault,4,55.14,-2.06,5.88,0.21095023109728983,2.9136132883959545,0.25917664141770236,7.122534661200323,post_fault
8,fault,4,60.15,-2.13,6.12,0.25000000000000017,3.291456000870573,0.2927871433993291,6.881046432047963,post_fault
8,fault,4,65.16,-2.25,6.38,0.2863564212655269,3.560156577721461,0.3166890501254451,6.62,post_fault
8,fault,4,70.18,-2.39,6.6,0.2607680962081058,3.858649001770636,0.34324105147092376,6.401531066862052,post_fault
8,fault,4,75.2,-2.56,6.81,0.27018512172212583,4.127349578621524,0.3671429581970398,6.197757659024754,post_fault
8,fault,4,80.22,-2.74,7.01,0.26907248094147446,4.396050155472412,0.3910448649231559,6.010008319461796,post_fault
8,fault,4,85.22,-2.92,7.23,0.2842534080710382,4.678892867947032,0.41620476674012025,5.80876923280655,post_fault
8,fault,4,90.23,-3.08,7.43,0.2561249694973135,4.960669563243668,0.4412698423998235,5.631500688093716,post_fault
8,fault,4,95.24,-3.22,7.64,0.2523885892824793,5.224872665411498,0.4647716821754425,5.447063429041377,post_fault
8,fault,4,100.24,-3.32,7.85,0.23259406699225996,5.444075767579327,0.4842706060835898,5.259980988558799,post_fault
8,fault,4,105.24,-3.42,8.09,0.26000000000000023,5.80706566631156,0.5165598955361944,5.04747461608278,post_fault
8,fault,4,110.25,-3.48,8.32,0.2376972864800947,6.037065666311561,0.5370192433032721,4.838935833424535,post_fault
8,fault,4,115.28,-3.49,8.58,0.26019223662515356,6.2970656663115605,0.5601472016486642,4.590642656535139,post_fault
8,fault,4,120.3,-3.45,8.87,0.2927456233660881,6.58706566631156,0.5859437705723707,4.30080225074346,post_fault
8,fault,4,125.32,-3.41,9.14,0.272946881279125,6.890055565043794,0.6128958388683465,4.030533463451209,post_fault
8,fault,4,130.35,-3.35,9.43,0.2961418578992161,7.1375429384590845,0.6349107529581901,3.735625784256234,post_fault
8,fault,4,135.35,-3.28,9.7,0.2789265136196267,7.328461769379453,0.6518936866846411,3.4570073763299964,post_fault
8,fault,4,140.37,-3.19,9.98,0.2941088233970559,8.117274993054938,0.7220615304517991,3.162910052467505,post_fault
8,fault,4,145.37,-3.11,10.26,0.29120439557122013,8.405927331225373,0.7477382198883601,2.871793864468688,post_fault
8,fault,4,150.38,-3.03,10.53,0.2816025568065741,8.684685785321413,0.7725348118682029,2.5902316498722664,post_fault
8,fault,4,155.38,-2.95,10.8,0.28160255680657564,8.963444239417454,0.7973314038480457,2.3086792761230384,post_fault
8,fault,4,160.38,-2.87,11.08,0.29120439557122013,9.252096577587889,0.8230080932846067,2.0176223630798704,post_fault
8,fault,4,165.4,-2.79,11.35,0.2816025568065741,9.53085503168393,0.8478046852644495,1.7361163555476347,post_fault
8,fault,4,170.4,-2.71,11.63,0.29120439557122185,9.819507369854364,0.8734813747010105,1.4451643505151923,post_fault
8,fault,4,175.42,-2.65,11.83,0.20880613017821034,10.026102739407795,0.891858794321713,1.2364869590901473,post_fault
8,fault,4,180.45,-2.59,12.0,0.18027756377319942,10.203016456738045,0.907595921572261,1.0562196741208714,post_fault
8,fault,5,0.02,-2.25,3.11,0.10999999999999988,0.10824649605316301,0.009628924814431568,9.89,pre_fault
8,fault,5,5.03,-2.25,3.39,0.28000000000000025,0.38378303146121495,0.034138915251166524,9.61,pre_fault
8,fault,5,10.05,-2.24,3.66,0.27018512172212594,0.6512573962979465,0.05793174589887477,9.340005353317524,pre_fault
8,fault,5,15.05,-2.23,3.94,0.2801785145224378,0.9285723516849658,0.08259993334789499,9.060022075028295,during_fault
8,fault,5,20.06,-2.21,4.22,0.2807133769523638,1.2076657270509525,0.10742631780920049,8.780091115700339,during_fault
8,fault,5,25.08,-2.18,4.48,0.26172504656604867,1.4688563412953324,0.1306601856801674,8.52028755383291,during_fault
8,fault,5,30.08,-2.14,4.75,0.2729468812791232,1.7416659660689666,0.15492760736473152,8.250733300743638,during_fault
8,fault,5,35.1,-2.1,5.0,0.25317977802344327,1.9947944097420258,0.17744431544667172,8.001406126425529,post_fault
8,fault,5,40.1,-2.06,5.25,0.25317977802344327,2.2836132883959546,0.20313581927309837,7.752328682402469,post_fault
8,fault,5,45.11,-2.04,5.51,0.26076809620810576,2.5436132883959544,0.22626377761849048,7.4929433469098115,post_fault
8,fault,5,50.12,-2.04,5.73,0.22000000000000064,2.763613288395955,0.24583358852613002,7.273032379963669,post_fault
8,fault,5,55.13,-2.07,5.96,0.23194827009486355,3.1358925090095324,0.27894919739999874,7.04230076040494,post_fault
8,fault,5,60.14,-2.16,6.2,0.25632011235952623,3.3692377468010934,0.2997061163989943,6.800595562154832,post_fault
8,fault,5,65.15,-2.28,6.45,0.2773084924772408,3.670009391463847,0.32646086281912984,6.550068701929774,post_fault
8,fault,5,70.17,-2.45,6.68,0.28600699292150167,3.9576439511367525,0.35204701710686126,6.323163765078365,post_fault
8,fault,5,75.19,-2.64,6.9,0.2906888370749731,4.247557731423237,0.37783591646924963,6.11245449880815,post_fault
8,fault,5,80.2,-2.81,7.1,0.26248809496813313,4.50918724046226,0.4011088256499416,5.9265166835165495,post_fault
8,fault,5,85.2,-2.99,7.31,0.2765863337187867,4.784958885125013,0.42563972992148175,5.737917740783672,post_fault
8,fault,5,90.21,-3.13,7.51,0.24413111231467402,5.069309173550457,0.45093373617611215,5.560080934662732,post_fault
8,fault,5,95.21,-3.25,7.73,0.25059928172283397,5.309725479153884,0.47231965272053184,5.364037658331641,post_fault
8,fault,5,100.22,-3.34,7.95,0.23769728648009397,5.528928581321713,0.4918185766286791,5.166294610259852,post_fault
8,fault,5,105.23,-3.41,8.18,0.2404163056034258,5.89706566631156,0.5245657272711378,4.957620396924315,post_fault
8,fault,5,110.23,-3.44,8.43,0.25179356624028343,6.14706566631156,0.5468041487570918,4.722393460947531,post_fault
8,fault,5,115.24,-3.42,8.72,0.29068883707497356,6.437065666311561,0.5726007176807985,4.43703729982068,post_fault
8,fault,5,120.25,-3.39,9.01,0.29154759474226416,6.8122738191132735,0.6059768658686813,4.149662636889896,post_fault
8,fault,5,125.26,-3.35,9.26,0.25317977802344327,7.017334785657372,0.6242177946859804,3.898409932267257,post_fault
8,fault,5,130.26,-3.32,9.42,0.16278820596099725,7.151685074082816,0.6361687480490383,3.736482302915404,post_fault
8,fault,5,135.28,-3.26,9.68,0.2668332812825265,7.328461769379453,0.6518936866846411,3.470230539892127,post_fault
8,fault,5,140.29,-3.19,9.96,0.2886173937932373,8.09748722490615,0.7203013355383628,3.1820119421523225,post_fault
8,fault,5,145.29,-3.11,10.24,0.29120439557122013,8.386139563076584,0.7459780249749237,2.890882218285622,post_fault
8,fault,5,150.3,-3.02,10.53,0.3036445290137787,8.686138733332337,0.7726640569492593,2.5872379094316016,post_fault
8,fault,5,155.32,-2.94,10.81,0.29120439557122185,8.974791071502773,0.7983407463858204,2.296127174178294,post_fault
8,fault,5,160.32,-2.85,11.09,0.2941088233970542,9.264896357684133,0.824146680903438,2.0020239758804093,post_fault
8,fault,5,165.34,-2.77,11.36,0.2816025568065741,9.543654811780172,0.8489432728832806,1.720465053408526,post_fault
8,fault,5,170.35,-2.7,11.63,0.27892651361962834,9.82096031786529,0.873610619782067,1.4420124826089398,post_fault
8,fault,5,175.37,-2.63,11.84,0.22135943621178578,10.03890251950404,0.8929973819405443,1.2206555615733703,post_fault
8,fault,5,180.39,-2.58,12.02,0.1868154169226937,10.224257172897758,0.909485361566754,1.0340696301506977,post_fault
8,fault,6,0.03,-2.25,3.11,0.10999999999999988,0.10824649605316301,0.009628924814431568,9.89,pre_fault
8,fault,6,5.04,-2.25,3.37,0.26000000000000023,0.36410185036063974,0.03238820164854259,9.629999999999999,pre_fault
8,fault,6,10.05,-2.24,3.66,0.2901723625709382,0.6512573962979465,0.05793174589887477,9.340005353317524,pre_fault
8,fault,6,15.06,-2.22,3.95,0.2906888370749727,0.9401913622142211,0.08363348716149226,9.050049723620308,during_fault
8,fault,6,20.07,-2.2,4.22,0.27073972741361724,1.20944414702992,0.10758451482148577,8.780142367866253,during_fault
8,fault,6,25.08,-2.17,4.51,0.2915475947422651,1.500156532925162,0.13344445309638855,8.490376905650303,during_fault
8,fault,6,30.1,-2.14,4.76,0.25179356624028343,1.7515065566192538,0.15580296416604347,8.240734190592487,during_fault
8,fault,6,35.11,-2.1,5.04,0.2828427124746193,2.034156771943176,0.18094574265191957,7.961413191136358,post_fault
8,fault,6,40.12,-2.06,5.28,0.24331050121192901,2.313613288395955,0.20580442985141287,7.722337728952289,post_fault
8,fault,6,45.13,-2.05,5.53,0.2501999200639361,2.563613288395955,0.22804285133736685,7.472676896534467,post_fault
8,fault,6,50.14,-2.06,5.77,0.24020824298928561,2.803613288395954,0.2493917359638826,7.2324961113021,post_fault
8,fault,6,55.15,-2.1,5.98,0.21377558326432033,3.17124784806886,0.2820941851271193,7.021602381223248,post_fault
8,fault,6,60.16,-2.19,6.24,0.27513632984395187,3.4187352214841518,0.30410909921696305,6.760266266945408,post_fault
8,fault,6,65.18,-2.32,6.47,0.2641968962724577,3.6900093914638465,0.32823993653800615,6.5303751806462085,post_fault
8,fault,6,70.2,-2.48,6.71,0.2884441020371194,4.000070358007946,0.35582100237940595,6.294203682754476,post_fault
8,fault,6,75.21,-2.66,6.91,0.26907248094147446,4.268770934858834,0.379722909105522,6.103785710524248,post_fault
8,fault,6,80.22,-2.85,7.14,0.29832867780352557,4.565755782957183,0.4061408060133344,5.890636637919538,post_fault
8,fault,6,85.24,-3.01,7.34,0.2561249694973139,4.82031422418434,0.42878471764860226,5.710796792042245,post_fault
8,fault,6,90.25,-3.14,7.53,0.23021728866442728,5.090522376986054,0.4528207288123845,5.541931071386579,post_fault
8,fault,6,95.27,-3.26,7.74,0.2418677324489563,5.3238676147776145,0.47357764781138,5.3560899917757165,post_fault
8,fault,6,100.29,-3.35,7.94,0.21931712199461337,5.528928581321713,0.4918185766286791,5.178185010213521,post_fault
8,fault,6,105.3,-3.43,8.19,0.2624880949681329,5.90706566631156,0.525455264130576,4.952625566303191,post_fault
8,fault,6,110.31,-3.45,8.46,0.270739727413619,6.177065666311561,0.5494727593354064,4.69591311674311,post_fault
8,fault,6,115.32,-3.43,8.74,0.28071337695236337,6.457065666311561,0.5743797913996748,4.420407221060069,post_fault
8,fault,6,120.32,-3.39,9.02,0.2828427124746184,6.819344886925139,0.6066058634141054,4.1400483088968905,post_fault
8,fault,6,125.33,-3.33,9.31,0.2961418578992179,7.066832260340432,0.6286207775039492,3.8448016853928886,post_fault
8,fault,6,130.34,-3.27,9.61,0.30594117081556604,7.321390701567587,0.651264689139217,3.5401271163617847,post_fault
8,fault,6,135.35,-3.19,9.91,0.3104834939252012,8.04801780453418,0.715900848254772,3.22981423614424,post_fault
8,fault,6,140.35,-3.12,10.17,0.26925824035672496,8.3154294265449,0.7396880976968401,2.9607093744574122,post_fault
8,fault,6,145.37,-3.04,10.45,0.29120439557122013,8.604081764715335,0.7653647871334011,2.6695692536437416,post_fault
8,fault,6,150.38,-2.95,10.72,0.2846049894151554,8.884293166822301,0.7902906241943004,2.3850366873488547,post_fault
8,fault,6,155.38,-2.87,11.0,0.29120439557122013,9.172945504992736,0.8159673136308614,2.093895890439637,post_fault
8,fault,6,160.39,-2.79,11.27,0.2816025568065741,9.451703959088777,0.8407639056107041,1.8123189564753777,post_fault
8,fault,6,165.39,-2.71,11.55,0.29120439557122185,9.740356297259211,0.8664405950472651,1.5212166183683367,post_fault
8,fault,6,170.42,-2.65,11.77,0.2280350850198265,9.96673943496143,0.886578209581404,1.2934063553268946,post_fault
8,fault,6,175.42,-2.59,11.97,0.20880613017821203,10.173334804514862,0.9049556292021065,1.0846658471621564,post_fault
