fault_label,world_idx,world_class,pair_id,baseline_window_stop_ratio,fault_window_stop_ratio,window_stop_ratio_delta,baseline_window_mean_speed_mps,fault_window_mean_speed_mps,window_mean_speed_delta_mps,baseline_window_path_length_m,fault_window_path_length_m,window_path_length_delta_m
frontal_masking,8,class1_stable_success,1,0.0,0.0,0.0,0.05831417727561936,0.0562531799260484,-0.0020609973495709644,0.8770452262253152,0.846047826087768,-0.03099740013754726
frontal_masking,8,class1_stable_success,2,0.0,0.0,0.0,0.05911589382050408,0.056964444631647175,-0.002151449188856902,0.8873295662457663,0.8561756028136571,-0.03115396343210919
frontal_masking,8,class1_stable_success,3,0.0,0.0,0.0,0.060262883415336116,0.05763653845081043,-0.0026263449645256842,0.9057511377325018,0.8662771729156806,-0.039473964816821194
frontal_masking,8,class1_stable_success,4,0.0,0.0,0.0,0.05966580796197694,0.05418901031427333,-0.0054767976477036046,0.897373751748133,0.815002715126671,-0.08237103662146206
frontal_masking,8,class1_stable_success,5,0.0,0.0,0.0,0.05626213865950142,0.054250519281273175,-0.0020116193782282465,0.8467451868254965,0.8153853047975357,-0.031359882027960806
frontal_masking,8,class1_stable_success,6,0.0,0.0,0.0,0.05771333597039845,0.05412771864336209,-0.0035856173270363556,0.8662771729156806,0.8140808883961659,-0.052196284519514746
frontal_masking,76,class2_tune_dependent_recovered,1,1.0,1.0,0.0,0.04766120369400221,0.042766036781603206,-0.004895166912399003,0.7158712794839132,0.642773532827496,-0.0730977466564171
frontal_masking,76,class2_tune_dependent_recovered,2,1.0,1.0,0.0,0.04775453623015471,0.045163833769434905,-0.002590702460719803,0.7172731341769237,0.6797156982299953,-0.0375574359469284
frontal_masking,76,class2_tune_dependent_recovered,3,1.0,1.0,0.0,0.04651705428166409,0.04367429498459298,-0.002842759297071111,0.6996164963962279,0.6559879106685865,-0.04362858572764139
frontal_masking,76,class2_tune_dependent_recovered,4,1.0,1.0,0.0,0.04806343877591116,0.04426455626870957,-0.0037988825072015897,0.7228741191897038,0.665738926281392,-0.057135192908311816
frontal_masking,76,class2_tune_dependent_recovered,5,1.0,1.0,0.0,0.04790085921122318,0.045552615811216376,-0.0023482434000068053,0.7209079311289089,0.6855668679588065,-0.03534106317010244
frontal_masking,76,class2_tune_dependent_recovered,6,1.0,1.0,0.0,0.044670311791797555,0.044581709446434574,-8.86023453629814e-05,0.6709480831127992,0.6696172758854473,-0.0013308072273519045
frontal_masking,86,class2_tune_dependent_recovered,1,1.0,1.0,0.0,0.04656826219088646,0.04745804333078777,0.000889781139901312,0.6999209807290234,0.7132943912617402,0.01337341053271679
frontal_masking,86,class2_tune_dependent_recovered,2,1.0,1.0,0.0,0.0462792059226861,0.04519880857451548,-0.001080397348170621,0.6969648411956526,0.6788861047892224,-0.018078736406430207
frontal_masking,86,class2_tune_dependent_recovered,3,1.0,1.0,0.0,0.04278184637381826,0.044889011573444076,0.002107165199625817,0.6430111509984885,0.6751307340645989,0.0321195830661104
frontal_masking,86,class2_tune_dependent_recovered,4,0.6679946879150066,1.0,0.3320053120849934,0.047140796979485707,0.03780642136802592,-0.009334375611459785,0.7099404025110547,0.5682305131614296,-0.14170988934962514
frontal_masking,86,class2_tune_dependent_recovered,5,0.6668882978723404,1.0,0.3331117021276596,0.043026386647881665,0.04343738510045723,0.00041099845257556306,0.6471168551841403,0.6524295242088676,0.005312669024727268
frontal_masking,86,class2_tune_dependent_recovered,6,1.0,1.0,0.0,0.04586440720521666,0.03574861252907926,-0.0101157946761374,0.6888833962223542,0.5380166185626428,-0.15086677765971135
frontal_masking,94,class1_stable_success,1,0.33288948069241014,0.3324468085106383,-0.00044267218177185264,0.05221697035712348,0.05188275806814181,-0.0003342122889816654,0.7842988947639946,0.7803166813448528,-0.003982213419141845
frontal_masking,94,class1_stable_success,2,0.332890365448505,0.667109634551495,0.33421926910299,0.052097864058791014,0.050376978423697295,-0.001720885635093719,0.7840728540848048,0.7581735252766443,-0.025899328808160482
frontal_masking,94,class1_stable_success,3,0.33355525965379484,0.3335548172757475,-4.4237804736058095e-07,0.05275030031246679,0.05099651215396433,-0.0017537881585024603,0.7923095106932511,0.7674975079171631,-0.02481200277608797
frontal_masking,94,class1_stable_success,4,0.33355525965379484,0.3342192691029901,0.0006640094491952575,0.052164404010601725,0.04980023203796435,-0.0023641719726373786,0.7835093482392378,0.7494934921713634,-0.034015856067874384
frontal_masking,94,class1_stable_success,5,0.6666666666666665,0.0,-0.6666666666666665,0.04817862792977807,0.05335525112565336,0.005176623195875293,0.7241247777845643,0.80192942441857,0.07780464663400566
frontal_masking,94,class1_stable_success,6,0.33333333333333326,0.33355525965379484,0.00022192632046158511,0.054125492028301164,0.051934858061353575,-0.002190633966947589,0.8135061451853663,0.7800615680815307,-0.03344457710383564
frontal_masking,173,class2_tune_dependent_recovered,1,1.0,1.0,0.0,0.03517697004968333,0.03538472205245911,0.00020775200277577816,0.5283580901462436,0.5314785252279358,0.003120435081692241
frontal_masking,173,class2_tune_dependent_recovered,2,1.0,1.0,0.0,0.03430064245229567,0.03383863931481519,-0.0004620031374804809,0.515538656058004,0.5092715216879686,-0.006267134370035343
frontal_masking,173,class2_tune_dependent_recovered,3,1.0,1.0,0.0,0.03451684529753509,0.035122824511891956,0.0006059792143568651,0.5187881848219524,0.528247280658855,0.00945909583690252
frontal_masking,173,class2_tune_dependent_recovered,4,1.0,1.0,0.0,0.03325841868403992,0.033883667444309346,0.0006252487602694257,0.49987403282112,0.5092715216879694,0.009397488866849435
frontal_masking,173,class2_tune_dependent_recovered,5,1.0,1.0,0.0,0.04122340425531915,0.03365654317695898,-0.007566861078360174,0.6200000000000001,0.506194409381463,-0.11380559061853712
frontal_masking,173,class2_tune_dependent_recovered,6,1.0,1.0,0.0,0.034509308772886695,0.03173414875213088,-0.0027751600207558125,0.5186749108564871,0.47759893871956977,-0.04107597213691733
frontal_masking,239,class2_tune_dependent_recovered,1,0.6664447403462052,1.0,0.33355525965379484,0.044889971748788664,0.04709052620775424,0.0022005544589655743,0.6742473756668057,0.7082415141646238,0.03399413849781807
frontal_masking,239,class2_tune_dependent_recovered,2,1.0,1.0,0.0,0.048024711263472804,0.04613028891085538,-0.0018944223526174211,0.722291657402631,0.6942608481083735,-0.028030809294257497
frontal_masking,239,class2_tune_dependent_recovered,3,0.6666666666666666,0.667109634551495,0.00044296788482833804,0.0485811524334864,0.049076017962482205,0.0004948655289958026,0.7301747210753007,0.7385940703353572,0.008419349260056497
frontal_masking,239,class2_tune_dependent_recovered,4,0.33399866932801087,1.0,0.6660013306719892,0.05059603109073576,0.04114431653265671,-0.009451714558079048,0.7604583472937584,0.6188105206511569,-0.14164782664260145
frontal_masking,239,class2_tune_dependent_recovered,5,1.0,1.0,0.0,0.04657698162794847,0.047148779744249025,0.0005717981163005578,0.7000520338680655,0.7081746717586204,0.008122637890554896
frontal_masking,239,class2_tune_dependent_recovered,6,0.6660013306719894,1.0,0.3339986693280106,0.04804479823388057,0.045586683890743634,-0.002458114343136933,0.722113317455225,0.6860795925556917,-0.03603372489953327
frontal_masking,240,class1_stable_success,1,1.0,1.0,0.0,0.048462809380724454,0.047966422765376195,-0.0004963866153482599,0.7279113968984813,0.7204556699359504,-0.007455726962530829
frontal_masking,240,class1_stable_success,2,0.3331121433311214,1.0,0.6668878566688786,0.050242621292698214,0.04793450897777448,-0.002308112314923734,0.7571563028809621,0.7204556699359504,-0.03670063294501169
frontal_masking,240,class1_stable_success,3,0.6668882978723405,1.0,0.3331117021276595,0.04854360529483234,0.04365011480888274,-0.0048934904859496,0.7300958236342784,0.6551882232813299,-0.07490760035294852
frontal_masking,240,class1_stable_success,4,0.667109634551495,0.6671105193075899,8.847560949432065e-07,0.047585504099388255,0.049106349741685734,0.001520845642297479,0.7161618366957931,0.7375773731201197,0.021415536424326587
frontal_masking,240,class1_stable_success,5,1.0,1.0,0.0,0.04766292312118631,0.04698172606886166,-0.0006811970523246461,0.7158971052802182,0.7061353428149907,-0.00976176246522753
frontal_masking,240,class1_stable_success,6,0.6666666666666666,1.0,0.33333333333333337,0.04373888713154703,0.047631211262822236,0.0038923241312752085,0.6573954735871518,0.7158971052802182,0.058501631693066436
frontal_masking,250,class3_marginal_success,1,1.0,1.0,0.0,0.030225963429260736,0.030164942093863584,-6.1021335397152404e-05,0.45399397070749625,0.4539823785126469,-1.159219484936358e-05
frontal_masking,250,class3_marginal_success,2,1.0,1.0,0.0,0.033602418341219464,0.030947016287860948,-0.0026554020533585167,0.5050443476685286,0.46544312496942863,-0.039601222699099936
frontal_masking,250,class3_marginal_success,3,1.0,1.0,0.0,0.01939862361507791,0.02952634808814767,0.010127724473069762,0.29156131293462095,0.444076275245741,0.15251496231112005
frontal_masking,250,class3_marginal_success,4,1.0,1.0,0.0,0.031504477838741204,0.029584479932680017,-0.0019199979060611876,0.47382734669466775,0.4446547333881806,-0.029172613306487127
frontal_masking,250,class3_marginal_success,5,1.0,1.0,0.0,0.03218529887933626,0.032186707359266986,1.4084799307284568e-06,0.4837450421564239,0.48376621160978284,2.1169453358949042e-05
frontal_masking,250,class3_marginal_success,6,1.0,1.0,0.0,0.030844419812127797,0.030237681566293736,-0.0006067382458340605,0.4639000739744021,0.4544723539413948,-0.009427720033007292
frontal_masking,274,class1_stable_success,1,0.0,0.0,0.0,0.05645446133946487,0.054484114584896215,-0.0019703467545686554,0.8473814647053676,0.8188962422109902,-0.02848522249437735
frontal_masking,274,class1_stable_success,2,0.6662234042553191,1.0,0.3337765957446809,0.05012798099897832,0.0405774793569119,-0.009550501642066417,0.7539248342246339,0.6090679651472476,-0.14485686907738626
frontal_masking,274,class1_stable_success,3,0.33288948069241014,0.33311170212765945,0.0002222214352493035,0.05089756441712209,0.0507323172037675,-0.00016524721335459125,0.7644814175451738,0.7630140507446632,-0.0014673668005106277
frontal_masking,274,class1_stable_success,4,0.0,0.0,0.0,0.05290777537743083,0.05399897266657879,0.0010911972891479646,0.7957329416765597,0.8116045591786791,0.015871617502119406
frontal_masking,274,class1_stable_success,5,0.0,0.33355525965379507,0.33355525965379507,0.05444859626998226,0.049326193033122544,-0.005122403236859717,0.8189068879005331,0.7408794193575005,-0.07802746854303266
frontal_masking,274,class1_stable_success,6,0.0,0.3337765957446808,0.3337765957446808,0.05222832057525438,0.051480459113719707,-0.000747861461534674,0.7855139414518258,0.7742661050703443,-0.011247836381481524
lidar_dropout,8,class1_stable_success,1,0.0,0.3333333333333334,0.3333333333333334,0.052776638069711994,0.05019490318678283,-0.0025817348829291625,0.7932328701877712,0.754429394897346,-0.03880347529042527
lidar_dropout,8,class1_stable_success,2,0.0,0.6673320026613441,0.6673320026613441,0.0521040904146857,0.04807042869380167,-0.004033661720884034,0.7846876016451667,0.722498543267839,-0.06218905837732769
lidar_dropout,8,class1_stable_success,3,0.3337765957446808,0.6664447403462052,0.33266814460152433,0.05216737900615859,0.048860290256338104,-0.003307088749820483,0.7845973802526252,0.7338815596501983,-0.05071582060242685
lidar_dropout,8,class1_stable_success,4,1.0,0.3333333333333334,-0.6666666666666665,0.02262150233700149,0.050792161273603684,0.028170658936602193,0.3404536101718725,0.7634061839422634,0.42295257377039097
lidar_dropout,8,class1_stable_success,5,0.0,0.0,0.0,0.06770491506033591,0.0664305539487715,-0.0012743611115644121,1.0189589716580554,0.9991155313895231,-0.019843440268532242
lidar_dropout,8,class1_stable_success,6,0.0,0.0,0.0,0.061715174143823534,0.06311067101696004,0.0013954968731365036,0.9281962191231059,0.9491844920950789,0.020988272971973032
lidar_dropout,76,class2_tune_dependent_recovered,1,1.0,1.0,0.0,0.04176685525314512,0.0379652412118618,-0.003801614041283319,0.6281735030073027,0.5709972278264015,-0.05717627518090118
lidar_dropout,76,class2_tune_dependent_recovered,2,1.0,1.0,0.0,0.04045402363585829,0.03894804362502877,-0.0015059800108295149,0.60802397524695,0.5849996152479322,-0.02302435999901775
lidar_dropout,76,class2_tune_dependent_recovered,3,0.0,1.0,1.0,0.0545212765957447,0.038882319506717715,-0.015638957089026982,0.8200000000000003,0.5847900853810344,-0.2352099146189659
lidar_dropout,76,class2_tune_dependent_recovered,4,1.0,1.0,0.0,0.041151741489548255,0.03739766389990838,-0.003754077589639873,0.6189221920028057,0.5617129117766239,-0.05720928022618188
lidar_dropout,76,class2_tune_dependent_recovered,5,0.0,0.3337774816788807,0.3337774816788807,0.055860313336219124,0.052470779324230506,-0.003389534011988618,0.8406977157100979,0.7875863976566999,-0.05311131805339797
lidar_dropout,76,class2_tune_dependent_recovered,6,0.3337765957446808,0.3322237017310252,-0.0015528940136556035,0.052288352707631394,0.052214648423039974,-7.37042845914207e-05,0.7864168247227761,0.7842640193140603,-0.0021528054087157633
lidar_dropout,86,class2_tune_dependent_recovered,1,1.0,1.0,0.0,0.03976679864888689,0.037001589999055506,-0.0027652086498313813,0.5972973157062811,0.5568739294857853,-0.040423386220495794
lidar_dropout,86,class2_tune_dependent_recovered,2,1.0,1.0,0.0,0.03920350561197068,0.0382816810865563,-0.0009218245254143803,0.5888366542917995,0.5753736667309411,-0.013462987560858397
lidar_dropout,86,class2_tune_dependent_recovered,3,1.0,1.0,0.0,0.03549764262421348,0.04117616826416073,0.005678525639947245,0.5331745922156865,0.6188778090103357,0.0857032167946492
lidar_dropout,86,class2_tune_dependent_recovered,4,1.0,1.0,0.0,0.04130186566184291,0.036667788277020885,-0.004634077384822022,0.6203540222408804,0.5511168578036238,-0.06923716443725658
lidar_dropout,86,class2_tune_dependent_recovered,5,0.3337765957446808,0.0,-0.3337765957446808,0.0538952582036908,0.05715144556546431,0.0032561873617735076,0.8105846833835096,0.8595577413045832,0.04897305792107354
lidar_dropout,86,class2_tune_dependent_recovered,6,0.0,0.33355525965379484,0.33355525965379484,0.053014075520299145,0.05025231136514799,-0.0027617641551511557,0.7962714143148932,0.7547897167045228,-0.04148169761037046
lidar_dropout,94,class1_stable_success,1,1.0,1.0,0.0,0.04498270348583086,0.04518695544521549,0.0002042519593846298,0.6774395144966128,0.679611809896041,0.0021722953994282035
lidar_dropout,94,class1_stable_success,2,1.0,1.0,0.0,0.045658110608967406,0.045282233815114745,-0.00037587679385266137,0.6871545646649595,0.6801391519030234,-0.0070154127619360684
lidar_dropout,94,class1_stable_success,3,0.6668887408394405,1.0,0.3331112591605595,0.04816410415182896,0.044405440723392545,-0.0037586634284364137,0.7229432033189527,0.666969719665356,-0.05597348365359667
lidar_dropout,94,class1_stable_success,4,1.0,1.0,0.0,0.045873765096095837,0.044762463820284426,-0.0011113012758114105,0.6885652140923985,0.6741227051334835,-0.014442508958914968
lidar_dropout,94,class1_stable_success,5,0.0,0.0,0.0,0.06052460860587846,0.059787028405270594,-0.0007375802006078652,0.9108953595184709,0.8997947774993225,-0.01110058201914843
lidar_dropout,94,class1_stable_success,6,0.0,0.0,0.0,0.05907921332204849,0.05790238941593005,-0.0011768239061184377,0.8891421604968297,0.8702729129214287,-0.018869247575400983
lidar_dropout,173,class2_tune_dependent_recovered,1,1.0,1.0,0.0,0.030127172073452436,0.02734795830761634,-0.002779213765836095,0.45281139626399003,0.4113132929465497,-0.041498103317440305
lidar_dropout,173,class2_tune_dependent_recovered,2,1.0,1.0,0.0,0.03030174703624679,0.028004044287744927,-0.0022977027485018633,0.4554352579547892,0.42090078564480626,-0.03453447230998291
lidar_dropout,173,class2_tune_dependent_recovered,3,1.0,1.0,0.0,0.030069313238310677,0.03011829349315677,4.89802548460927e-05,0.4522424711041926,0.4523767682672146,0.00013429716302204575
lidar_dropout,173,class2_tune_dependent_recovered,4,1.0,1.0,0.0,0.029672791910815382,0.02211830672714128,-0.007554485183674103,0.4459820624195552,0.3324381501089334,-0.11354391231062178
lidar_dropout,173,class2_tune_dependent_recovered,5,1.0,1.0,0.0,0.04085934078590267,0.039248162931319275,-0.0016111778545833955,0.613707298604258,0.5914698153749814,-0.022237483229276545
lidar_dropout,173,class2_tune_dependent_recovered,6,1.0,1.0,0.0,0.03723864296775772,0.03867889217409269,0.0014402492063349745,0.5600691902350761,0.582117327220095,0.02204813698501895
lidar_dropout,239,class2_tune_dependent_recovered,1,1.0,1.0,0.0,0.043381295346709765,0.04141783395853361,-0.0019634613881761576,0.6524546820145148,0.6220958660571748,-0.030358815957340024
lidar_dropout,239,class2_tune_dependent_recovered,2,1.0,1.0,0.0,0.038583659100125386,0.028444942487804464,-0.010138716612320922,0.5802982328658858,0.42781193501657916,-0.15248629784930662
lidar_dropout,239,class2_tune_dependent_recovered,3,1.0,1.0,0.0,0.039625762515286135,0.04136275705167386,0.0017369945363877246,0.5947826953544448,0.6220958660571748,0.027313170702729983
lidar_dropout,239,class2_tune_dependent_recovered,4,1.0,1.0,0.0,0.036749686068875194,0.03828163849105499,0.0015319524221797942,0.5523477816151942,0.5746073937507353,0.022259612135541174
lidar_dropout,239,class2_tune_dependent_recovered,5,0.0,0.0,0.0,0.05666995434897939,0.05482747160407602,-0.0018424827449033676,0.8523161134086501,0.8246051729253034,-0.027710940483346658
lidar_dropout,239,class2_tune_dependent_recovered,6,1.0,0.0,-1.0,0.04708608189884448,0.05580658572694065,0.008720503828096172,0.708174671758621,0.8382149176186485,0.1300402458600275
lidar_dropout,240,class1_stable_success,1,1.0,1.0,0.0,0.0389253673774493,0.042509679870655084,0.003584312493205781,0.5846590180092885,0.6380702948585327,0.05341127684924418
lidar_dropout,240,class1_stable_success,2,1.0,1.0,0.0,0.04164912796233026,0.040993449903148106,-0.000655678059182152,0.6259863932738237,0.6161315520443159,-0.00985484122950775
lidar_dropout,240,class1_stable_success,3,1.0,1.0,0.0,0.0430608973526384,0.0430608973526384,0.0,0.6476358961836814,0.6476358961836814,0.0
lidar_dropout,240,class1_stable_success,4,1.0,1.0,0.0,0.04373903251157074,0.04241995706406676,-0.0013190754475039812,0.6573976586489081,0.637996154243564,-0.01940150440534405
lidar_dropout,240,class1_stable_success,5,0.0,0.0,0.0,0.05649682100742763,0.05713762340740509,0.0006408023999774567,0.8497121879517116,0.8593498560473726,0.009637668095661023
lidar_dropout,240,class1_stable_success,6,0.0,0.0,0.0,0.05646936012299474,0.05526936414803215,-0.0011999959749625921,0.8492991762498409,0.8301458495034428,-0.019153326746398025
lidar_dropout,250,class3_marginal_success,1,1.0,1.0,0.0,0.024162014960630987,0.02408552439746247,-7.649056316851727e-05,0.3636383251574964,0.36248714218181016,-0.0011511829756862269
lidar_dropout,250,class3_marginal_success,2,1.0,1.0,0.0,0.026822846890658242,0.024896372372816913,-0.0019264745178413298,0.4034156172355,0.3736945493159819,-0.029721067919518118
lidar_dropout,250,class3_marginal_success,3,1.0,1.0,0.0,0.024111711266763435,0.02552021045174164,0.0014084991849782035,0.3623990203394545,0.3835687630896768,0.02116974275022232
lidar_dropout,250,class3_marginal_success,4,1.0,1.0,0.0,0.037577289569941275,0.03630563011064658,-0.001271659459294694,0.5659139809233156,0.5460366768641245,-0.01987730405919108
lidar_dropout,250,class3_marginal_success,5,1.0,1.0,0.0,0.03489546085647745,0.03696011362497766,0.002064652768500215,0.5248277312814208,0.5558801089196641,0.03105237763824331
lidar_dropout,250,class3_marginal_success,6,1.0,1.0,0.0,0.035514536815935305,0.03425443450090853,-0.0012601023150267746,0.5348489244479858,0.5148441505486552,-0.02000477389933064
lidar_dropout,274,class1_stable_success,1,0.6668887408394404,1.0,0.3331112591605596,0.04564385390868984,0.04469561862648363,-0.0009482352822062085,0.6851142471694345,0.6717751479560489,-0.013339099213385608
lidar_dropout,274,class1_stable_success,2,1.0,1.0,0.0,0.045577450131389766,0.03752461649978643,-0.008052833631603334,0.6850290754747882,0.5643702321567879,-0.12065884331800025
lidar_dropout,274,class1_stable_success,3,1.0,1.0,0.0,0.044888872756085996,0.041053475545126034,-0.003835397210959962,0.6742308687964116,0.6182653417095981,-0.05596552708681346
lidar_dropout,274,class1_stable_success,4,0.6664447403462052,1.0,0.33355525965379484,0.047043209757886104,0.044047759397178934,-0.002995450360707169,0.7065890105634491,0.6620378237395994,-0.04455118682384973
lidar_dropout,274,class1_stable_success,5,0.0,0.0,0.0,0.06476965479975079,0.06503157392231192,0.00026191912256112726,0.9754310012842469,0.9767742403131248,0.0013432390288778961
lidar_dropout,274,class1_stable_success,6,0.0,0.33355525965379507,0.33355525965379507,0.059666052088423197,0.05419690315451047,-0.005469148933912725,0.8967807628890005,0.8140374853807473,-0.08274327750825328
