fault_label,metric,world_idx,effect_orientation,meaningful_threshold,n_pairs,observed_world_mean_degradation,observed_world_sd_degradation,posterior_mean,posterior_median,credible_interval_95_lower,credible_interval_95_upper,p_world_degradation,p_world_meaningful_degradation,interpretation
frontal_masking,completion_time_s,8,positive values mean degradation,5.0,6,6.80865,3.848335528381058,6.302509679643379,6.275375132897644,3.1572917420293427,9.653858539737806,0.9995,0.81,strong directional degradation
frontal_masking,completion_time_s,76,positive values mean degradation,5.0,6,5.157716666666668,5.787738452078378,6.089628974415028,6.150109069289156,2.5934403595653346,9.265473522665786,0.99875,0.77225,strong directional degradation
frontal_masking,completion_time_s,86,positive values mean degradation,5.0,6,8.145616666666669,9.841802584977346,6.8013243949700835,6.662349870151221,3.5260014483183792,10.751621087554955,1.0,0.8575,strong directional degradation
frontal_masking,completion_time_s,94,positive values mean degradation,5.0,6,1.0147333333333393,9.327820344467762,5.038422271784805,5.347355568574482,0.2290680498909686,8.37992135145863,0.978,0.5765,strong directional degradation
frontal_masking,completion_time_s,173,positive values mean degradation,5.0,5,6.800680000000011,10.852566353264095,6.605242513921202,6.493379389650089,3.148521166504985,10.845210036041786,0.99925,0.8335,strong directional degradation
frontal_masking,completion_time_s,239,positive values mean degradation,5.0,1,11.537800000000004,0.0,6.6348240605834405,6.480168078347173,2.5137877960294404,11.780334142090322,0.996,0.80825,strong directional degradation
frontal_masking,completion_time_s,240,positive values mean degradation,5.0,6,3.942199999999995,3.2699189867640444,5.699959291413633,5.824847040037524,1.9419674777927338,8.787103143985044,0.99725,0.69325,strong directional degradation
frontal_masking,completion_time_s,250,positive values mean degradation,5.0,5,7.836459999999977,5.852778466933452,6.5576447817418835,6.481686711346752,3.257689865953246,10.272770033809387,0.99975,0.848,strong directional degradation
frontal_masking,completion_time_s,274,positive values mean degradation,5.0,6,7.568100000000001,5.3597875428042965,6.508582344541574,6.480056666979372,3.325484643669287,10.05440523656696,0.999,0.833,strong directional degradation
lidar_dropout,completion_time_s,8,positive values mean degradation,5.0,5,5.3090599999999935,4.171743830582122,4.933138315007949,4.907886965611094,1.5931706986701475,8.524247662017011,0.9955,0.47625,strong directional degradation
lidar_dropout,completion_time_s,76,positive values mean degradation,5.0,5,3.663659999999999,2.786771839063976,4.201584808919599,4.324100421168546,0.5884570097156114,7.457457056351787,0.98575,0.30825,strong directional degradation
lidar_dropout,completion_time_s,86,positive values mean degradation,5.0,6,3.7196,5.455837551100657,4.1964726949563715,4.267257822513184,0.7605943501242599,7.362791591418435,0.9905,0.3185,strong directional degradation
lidar_dropout,completion_time_s,94,positive values mean degradation,5.0,6,8.19286666666668,7.726615543086541,5.898811363147026,5.687286389395204,2.6496895683084776,10.074593218506577,0.99925,0.65875,strong directional degradation
lidar_dropout,completion_time_s,173,positive values mean degradation,5.0,2,0.6024499999999904,10.869433308365256,3.6647397777307273,4.0053152488624715,-2.13576604468273,8.13203091804569,0.91975,0.292,strong directional degradation
lidar_dropout,completion_time_s,239,positive values mean degradation,5.0,1,10.5505,0.0,5.71518071917727,5.322270396383981,0.9392743734468824,12.262548013169706,0.9875,0.56625,strong directional degradation
lidar_dropout,completion_time_s,240,positive values mean degradation,5.0,6,6.4719666666666695,4.019788504220911,5.398426615048345,5.2906729696311015,2.3114211290248874,8.887756015877805,0.99925,0.576,strong directional degradation
lidar_dropout,completion_time_s,250,positive values mean degradation,5.0,3,-4.062799999999991,4.163398246624975,1.6873905162802485,2.2226930293797564,-5.040174928536448,6.1637522591045935,0.71025,0.11725,uncertain / mixed
lidar_dropout,completion_time_s,274,positive values mean degradation,5.0,6,6.000016666666663,3.7848807602970274,5.210969480378033,5.131199510032401,2.116324384998998,8.752495739643466,0.998,0.5415,strong directional degradation
