t_rel_s,load1,load5,load15,mem_available_mb,pg_process_count,pg_cpu_percent,pg_rss_mb
0.012167215347290039,19.3447265625,21.28076171875,19.232421875,6166.78515625,1,0.0,8.9609375
1.0249826908111572,19.3447265625,21.28076171875,19.232421875,6071.0,5,322.6,217.5703125
2.0461435317993164,19.3447265625,21.28076171875,19.232421875,5409.08203125,9,353.3,942.171875
3.0699589252471924,17.87548828125,20.94384765625,19.13427734375,5331.0,4,117.0,912.14453125
4.114891529083252,17.87548828125,20.94384765625,19.13427734375,5203.16796875,24,438.7999999999999,1592.86328125
5.157317876815796,17.87548828125,20.94384765625,19.13427734375,5102.1171875,23,403.3,1772.25
6.174415111541748,17.87548828125,20.94384765625,19.13427734375,5044.96484375,23,314.59999999999997,1881.7109375
7.199295997619629,17.87548828125,20.94384765625,19.13427734375,5043.7890625,23,252.60000000000002,1881.82421875
8.237382173538208,17.72509765625,20.861328125,19.1171875,4833.84765625,23,250.89999999999998,2152.74609375
9.288131713867188,17.72509765625,20.861328125,19.1171875,4613.171875,23,235.19999999999996,2369.19140625
10.32468867301941,17.72509765625,20.861328125,19.1171875,4777.96484375,22,223.80000000000004,2130.828125
11.372926950454712,17.72509765625,20.861328125,19.1171875,4777.05078125,23,314.2,2184.35546875
12.403491258621216,17.72509765625,20.861328125,19.1171875,4774.1640625,23,289.7,2222.1640625
13.431143283843994,16.4658203125,20.5478515625,19.02490234375,4781.359375,22,254.89999999999998,2143.85546875
14.453272104263306,16.4658203125,20.5478515625,19.02490234375,4780.6484375,22,250.2,2151.83203125
15.501280307769775,16.4658203125,20.5478515625,19.02490234375,4780.4296875,22,246.6,2151.86328125
16.82460331916809,16.4658203125,20.5478515625,19.02490234375,4748.7421875,29,428.7999999999999,2426.4140625
17.931052207946777,19.7919921875,21.169921875,19.234375,4720.27734375,29,372.0,2497.1015625
19.049166917800903,19.7919921875,21.169921875,19.234375,4677.1875,29,371.7,2559.546875
20.089447736740112,19.7919921875,21.169921875,19.234375,4661.33984375,29,362.0,2606.6015625
21.137099266052246,19.7919921875,21.169921875,19.234375,4658.39453125,29,345.2,2610.12109375
22.184508562088013,19.7919921875,21.169921875,19.234375,4633.8984375,29,341.0000000000001,2632.57421875
23.227988958358765,20.44970703125,21.28369140625,19.28173828125,4630.96484375,29,333.0999999999999,2632.6171875
24.268916368484497,20.44970703125,21.28369140625,19.28173828125,4630.9375,29,326.4,2632.65234375
25.308804750442505,20.44970703125,21.28369140625,19.28173828125,4628.99609375,29,321.5,2632.66015625
26.351093292236328,20.44970703125,21.28369140625,19.28173828125,4619.703125,30,402.1,2660.67578125
27.41934108734131,20.44970703125,21.28369140625,19.28173828125,4595.33984375,30,394.0,2692.55078125
28.486626863479614,20.734375,21.3291015625,19.30712890625,4579.4609375,30,378.30000000000007,2734.6953125
29.52855134010315,20.734375,21.3291015625,19.30712890625,4564.68359375,30,361.0,2744.3203125
30.58541250228882,20.734375,21.3291015625,19.30712890625,4563.73828125,30,353.29999999999995,2746.0703125
31.629461765289307,20.734375,21.3291015625,19.30712890625,4563.48046875,30,347.3999999999999,2744.4765625
32.65407419204712,20.734375,21.3291015625,19.30712890625,4563.48828125,30,342.6000000000001,2744.54296875
33.69950270652771,20.43505859375,21.2568359375,19.29443359375,4563.5,30,340.50000000000006,2744.5390625
34.731452226638794,20.43505859375,21.2568359375,19.29443359375,4565.0703125,30,337.7999999999999,2744.65625
35.78203058242798,20.43505859375,21.2568359375,19.29443359375,4565.08203125,30,335.3,2746.3203125
36.81961369514465,20.43505859375,21.2568359375,19.29443359375,4563.359375,30,332.9,2746.375
37.86032009124756,19.27880859375,21.00341796875,19.22265625,4563.359375,30,332.5,2746.41796875
38.90900421142578,19.27880859375,21.00341796875,19.22265625,4562.6328125,30,331.20000000000016,2746.45703125
39.944244623184204,19.27880859375,21.00341796875,19.22265625,4562.62109375,30,329.70000000000005,2746.49609375
40.97804093360901,19.27880859375,21.00341796875,19.22265625,4562.62109375,30,329.6000000000001,2746.5390625
42.00176644325256,19.27880859375,21.00341796875,19.22265625,4562.37890625,30,328.29999999999995,2746.703125
43.05351424217224,18.05517578125,20.720703125,19.140625,4562.16015625,30,326.99999999999994,2746.7421875
44.098122119903564,18.05517578125,20.720703125,19.140625,4562.16015625,30,325.6,2746.78125
45.14729833602905,18.05517578125,20.720703125,19.140625,4561.43359375,30,325.79999999999995,2746.82421875
46.208028078079224,18.05517578125,20.720703125,19.140625,4561.421875,30,324.5,2746.875
47.23748064041138,18.05517578125,20.720703125,19.140625,4561.421875,30,323.49999999999994,2746.90625
48.28008961677551,17.48974609375,20.55908203125,19.0966796875,4561.42578125,30,322.7,2746.95703125
49.34294152259827,17.48974609375,20.55908203125,19.0966796875,4559.71875,30,322.0,2746.9921875
50.38043665885925,17.48974609375,20.55908203125,19.0966796875,4559.703125,30,321.59999999999997,2749.15625
51.410921812057495,17.48974609375,20.55908203125,19.0966796875,4560.44921875,30,321.6000000000001,2747.5
52.454524993896484,17.48974609375,20.55908203125,19.0966796875,4560.44921875,30,320.80000000000007,2747.53515625
53.49261522293091,16.6494140625,20.33349609375,19.03125,4560.44921875,30,320.7000000000001,2747.25390625
54.530341148376465,16.6494140625,20.33349609375,19.03125,4560.44921875,30,319.50000000000006,2747.609375
55.56107759475708,16.6494140625,20.33349609375,19.03125,4560.44921875,30,318.8,2747.65234375
56.595377922058105,16.6494140625,20.33349609375,19.03125,4560.203125,30,317.79999999999995,2747.6875
57.627338886260986,16.6494140625,20.33349609375,19.03125,4560.203125,30,318.3999999999999,2747.73828125
58.712998151779175,15.79638671875,20.09521484375,18.9609375,4560.20703125,30,318.3,2747.81640625
59.75005650520325,15.79638671875,20.09521484375,18.9609375,4560.20703125,30,317.7,2747.93359375
60.80174231529236,15.79638671875,20.09521484375,18.9609375,4560.20703125,30,316.9,2747.97265625
61.86145520210266,15.79638671875,20.09521484375,18.9609375,4560.2109375,30,317.4,2748.0390625
62.89796805381775,15.251953125,19.91064453125,18.9072265625,4560.2109375,30,316.99999999999994,2748.49609375
63.9303343296051,15.251953125,19.91064453125,18.9072265625,4559.96484375,30,316.79999999999995,2748.12890625
65.05003094673157,15.251953125,19.91064453125,18.9072265625,4559.96875,30,316.59999999999997,2749.0078125
66.10628581047058,15.251953125,19.91064453125,18.9072265625,4559.96875,30,316.5,2749.046875
67.16556167602539,15.251953125,19.91064453125,18.9072265625,4559.96875,30,317.0,2748.23828125
68.2149600982666,14.5908203125,19.6962890625,18.84326171875,4559.96875,30,316.7,2748.28125
69.26123309135437,14.5908203125,19.6962890625,18.84326171875,4559.9765625,30,316.00000000000006,2748.296875
70.30966019630432,14.5908203125,19.6962890625,18.84326171875,4559.9765625,30,315.59999999999997,2748.33984375
71.35405325889587,14.5908203125,19.6962890625,18.84326171875,4559.2578125,30,316.49999999999994,2748.37890625
72.38894438743591,14.5908203125,19.6962890625,18.84326171875,4559.25,30,315.8999999999999,2748.41015625
73.42210268974304,15.2646484375,19.75146484375,18.86572265625,4560.59765625,30,315.3999999999999,2748.44921875
74.45322251319885,15.2646484375,19.75146484375,18.86572265625,4558.6171875,30,315.49999999999994,2748.4765625
75.48865079879761,15.2646484375,19.75146484375,18.86572265625,4558.3984375,30,315.19999999999993,2748.5078125
76.54264068603516,15.2646484375,19.75146484375,18.86572265625,4558.3984375,30,314.6,2748.55078125
77.58193469047546,15.2646484375,19.75146484375,18.86572265625,4558.3984375,30,314.1,2748.5625
78.62913680076599,14.2021484375,19.45654296875,18.77490234375,4558.15625,30,314.1000000000001,2748.60546875
79.66416811943054,14.2021484375,19.45654296875,18.77490234375,4558.15625,30,314.00000000000006,2748.64453125
80.70711421966553,14.2021484375,19.45654296875,18.77490234375,4558.16015625,30,313.5000000000001,2748.65625
81.74231481552124,14.2021484375,19.45654296875,18.77490234375,4557.19140625,30,313.4000000000001,2748.6953125
82.82037162780762,13.3046875,19.18310546875,18.68994140625,4558.99609375,30,313.40000000000003,2749.5859375
83.867116689682,13.3046875,19.18310546875,18.68994140625,4558.99609375,30,312.7000000000001,2748.74609375
84.89794731140137,13.3046875,19.18310546875,18.68994140625,4557.03125,30,312.4000000000001,2748.79296875
85.9336633682251,13.3046875,19.18310546875,18.68994140625,4557.03515625,30,312.20000000000005,2748.81640625
86.96258568763733,13.3046875,19.18310546875,18.68994140625,4557.8828125,30,311.90000000000003,2748.85546875
88.00866103172302,12.4794921875,18.9140625,18.60546875,4557.87890625,30,311.3999999999999,2748.875
89.05187153816223,12.4794921875,18.9140625,18.60546875,4557.87890625,30,311.3,2748.91796875
90.09289002418518,12.4794921875,18.9140625,18.60546875,4557.87890625,30,311.09999999999997,2748.96875
91.13411021232605,12.4794921875,18.9140625,18.60546875,4557.87890625,30,312.0,2748.9921875
92.17178606987,12.4794921875,18.9140625,18.60546875,4559.08984375,30,311.59999999999997,2749.0234375
93.22035908699036,11.80029296875,18.666015625,18.52685546875,4559.1484375,30,311.29999999999995,2749.08203125
94.24794697761536,11.80029296875,18.666015625,18.52685546875,4558.421875,30,311.19999999999993,2749.12109375
95.28362393379211,11.80029296875,18.666015625,18.52685546875,4558.41015625,30,310.7,2749.14453125
96.30805945396423,11.80029296875,18.666015625,18.52685546875,4557.671875,30,310.40000000000003,2748.8984375
97.36716318130493,11.80029296875,18.666015625,18.52685546875,4556.1953125,30,310.09999999999997,2749.21875
98.41403341293335,13.658203125,18.9375,18.61572265625,4556.1953125,30,309.9,2749.25
99.45774865150452,13.658203125,18.9375,18.61572265625,4558.4765625,30,309.8,2749.2734375
100.50715565681458,13.658203125,18.9375,18.61572265625,4558.4765625,30,309.6,2749.28515625
101.56908941268921,13.658203125,18.9375,18.61572265625,4558.4765625,30,309.50000000000006,2749.36328125
102.60004329681396,13.658203125,18.9375,18.61572265625,4557.73828125,30,309.90000000000003,2749.38671875
103.67009854316711,14.32666015625,18.98876953125,18.63427734375,4557.49609375,30,309.90000000000003,2749.4140625
104.71351456642151,14.32666015625,18.98876953125,18.63427734375,4557.49609375,30,309.6000000000001,2750.7109375
105.7632896900177,14.32666015625,18.98876953125,18.63427734375,4557.49609375,30,309.6000000000001,2749.46484375
106.79116773605347,14.32666015625,18.98876953125,18.63427734375,4557.49609375,30,309.50000000000006,2749.51171875
107.82613468170166,13.73974609375,18.78955078125,18.57177734375,4555.80078125,30,309.2,2749.953125
108.87217235565186,13.73974609375,18.78955078125,18.57177734375,4555.7734375,30,308.90000000000003,2749.59765625
109.90713477134705,13.73974609375,18.78955078125,18.57177734375,4555.7734375,30,308.9,2749.6171875
110.93173623085022,13.73974609375,18.78955078125,18.57177734375,4558.7265625,30,308.8,2749.67578125
111.96152591705322,13.73974609375,18.78955078125,18.57177734375,4557.74609375,30,308.8,2749.69921875
112.99235153198242,16.4033203125,19.25830078125,18.724609375,4557.74609375,30,308.8999999999999,2750.12890625
114.01866292953491,16.4033203125,19.25830078125,18.724609375,4557.18359375,30,308.99999999999994,2749.74609375
115.04737138748169,16.4033203125,19.25830078125,18.724609375,4558.3671875,30,308.79999999999995,2749.78125
116.07627964019775,16.4033203125,19.25830078125,18.724609375,4557.6875,30,308.69999999999993,2749.8125
117.13761568069458,16.4033203125,19.25830078125,18.724609375,4556.96484375,30,308.4,2751.5234375
118.17533850669861,15.72998046875,19.0712890625,18.6669921875,4558.140625,30,308.29999999999995,2749.8671875
119.21059846878052,15.72998046875,19.0712890625,18.6669921875,4558.140625,30,308.2,2749.890625
120.25674510002136,15.72998046875,19.0712890625,18.6669921875,4559.3828125,30,307.9,2749.9375
121.29486131668091,15.72998046875,19.0712890625,18.6669921875,4559.3828125,30,307.79999999999995,2751.63671875
122.33032250404358,15.72998046875,19.0712890625,18.6669921875,4559.14453125,30,307.79999999999995,2749.96875
123.3660056591034,14.63037109375,18.78759765625,18.5771484375,4559.140625,30,307.79999999999995,2749.984375
124.40284585952759,14.63037109375,18.78759765625,18.5771484375,4557.203125,30,307.5,2750.015625
125.43517398834229,14.63037109375,18.78759765625,18.5771484375,4558.4375,30,307.3999999999999,2750.05078125
126.47986602783203,14.63037109375,18.78759765625,18.5771484375,4558.4375,30,307.3999999999999,2750.07421875
127.5443868637085,14.63037109375,18.78759765625,18.5771484375,4556.2265625,30,307.29999999999995,2750.09375
128.61172819137573,16.662109375,19.14013671875,18.6923828125,4556.22265625,30,307.0,2751.50390625
129.67738103866577,16.662109375,19.14013671875,18.6923828125,4555.5078125,30,306.7,2750.1640625
130.73636436462402,16.662109375,19.14013671875,18.6923828125,4555.49609375,30,306.8,2750.1953125
131.7788474559784,16.662109375,19.14013671875,18.6923828125,4555.49609375,30,306.5,2750.21875
132.82690834999084,15.80810546875,18.921875,18.6240234375,4555.49609375,30,306.5,2750.23828125
133.8685896396637,15.80810546875,18.921875,18.6240234375,4555.5,30,306.20000000000005,2750.27734375
134.8982639312744,15.80810546875,18.921875,18.6240234375,4555.5,30,306.20000000000005,2752.0
135.92172026634216,15.80810546875,18.921875,18.6240234375,4556.83984375,30,306.1,2750.30859375
136.97741436958313,15.80810546875,18.921875,18.6240234375,4556.83984375,30,306.20000000000005,2750.34375
138.0035581588745,14.9423828125,18.6904296875,18.55078125,4556.11328125,30,306.20000000000005,2752.08984375
139.0288496017456,14.9423828125,18.6904296875,18.55078125,4556.1015625,30,306.00000000000006,2750.44921875
140.07198858261108,14.9423828125,18.6904296875,18.55078125,4557.19140625,30,306.3,2750.50390625
141.1022298336029,14.9423828125,18.6904296875,18.55078125,4557.21484375,30,305.90000000000003,2751.32421875
142.16739749908447,14.9423828125,18.6904296875,18.55078125,4557.21484375,30,305.90000000000003,2750.578125
143.20628714561462,14.46630859375,18.529296875,18.4990234375,4558.953125,30,305.8,2750.59765625
144.24684691429138,14.46630859375,18.529296875,18.4990234375,4558.953125,30,305.6,2750.6171875
145.2815010547638,14.46630859375,18.529296875,18.4990234375,4558.9609375,30,305.4,2750.640625
146.3282811641693,14.46630859375,18.529296875,18.4990234375,4547.84375,30,305.3,2750.66796875
147.3586027622223,14.46630859375,18.529296875,18.4990234375,4548.8203125,30,305.2,2750.6953125
148.39442443847656,17.15185546875,19.01904296875,18.65771484375,4550.82421875,30,305.2,2750.72265625
149.4381067752838,17.15185546875,19.01904296875,18.65771484375,4551.76953125,30,305.3,2750.73828125
150.51756525039673,17.15185546875,19.01904296875,18.65771484375,4552.78125,30,305.4,2750.765625
151.56179642677307,17.15185546875,19.01904296875,18.65771484375,4554.8828125,30,305.4,2750.79296875
152.60163283348083,17.15185546875,19.01904296875,18.65771484375,4556.85546875,30,305.4,2750.81640625
153.63314414024353,16.2587890625,18.802734375,18.58935546875,4556.1171875,30,305.2,2750.81640625
154.6790497303009,16.2587890625,18.802734375,18.58935546875,4556.1171875,30,305.1000000000001,2751.2578125
155.74129104614258,16.2587890625,18.802734375,18.58935546875,4555.39453125,30,305.00000000000006,2750.890625
156.8454692363739,16.2587890625,18.802734375,18.58935546875,4555.3828125,30,304.90000000000003,2750.91015625
157.90119552612305,15.27685546875,18.556640625,18.5107421875,4555.38671875,30,305.1,2751.07421875
158.92606043815613,15.27685546875,18.556640625,18.5107421875,4553.69140625,30,305.40000000000003,2750.9296875
159.95270371437073,15.27685546875,18.556640625,18.5107421875,4553.6640625,30,305.20000000000005,2750.96875
160.99190306663513,15.27685546875,18.556640625,18.5107421875,4553.6640625,30,305.1000000000001,2750.9921875
162.07743453979492,15.27685546875,18.556640625,18.5107421875,4553.67578125,30,305.20000000000005,2751.8046875
163.1351101398468,14.37353515625,18.31494140625,18.4326171875,4553.67578125,30,305.0000000000001,2751.01953125
164.16638898849487,14.37353515625,18.31494140625,18.4326171875,4553.67578125,30,304.90000000000015,2751.44921875
165.20843601226807,14.37353515625,18.31494140625,18.4326171875,4553.4296875,30,304.7000000000001,2751.05859375
166.24552202224731,14.37353515625,18.31494140625,18.4326171875,4554.546875,30,304.7000000000001,2751.08984375
167.31050300598145,14.37353515625,18.31494140625,18.4326171875,4553.69921875,30,304.8000000000001,2751.08984375
168.3811333179474,13.86279296875,18.1435546875,18.37646484375,4556.1875,30,304.7000000000001,2751.109375
169.45356392860413,13.86279296875,18.1435546875,18.37646484375,4557.4375,30,304.80000000000007,2751.78125
170.4923644065857,13.86279296875,18.1435546875,18.37646484375,4557.55859375,30,304.7000000000001,2751.52734375
171.54602718353271,13.86279296875,18.1435546875,18.37646484375,4557.06640625,30,304.6000000000001,2752.71875
172.59814262390137,13.86279296875,18.1435546875,18.37646484375,4557.06640625,30,304.6000000000001,2751.1328125
173.6752848625183,13.15283203125,17.92529296875,18.30419921875,4557.73828125,30,304.80000000000007,2751.1171875
174.75313758850098,13.15283203125,17.92529296875,18.30419921875,4557.0078125,30,304.4000000000001,2752.23046875
175.79398345947266,13.15283203125,17.92529296875,18.30419921875,4556.75,30,304.40000000000003,2751.53515625
176.83673882484436,13.15283203125,17.92529296875,18.30419921875,4556.75,30,304.0000000000001,2751.1328125
177.8942539691925,19.06640625,19.072265625,18.67333984375,4556.75,30,304.1,2751.1328125
178.9518494606018,19.06640625,19.072265625,18.67333984375,4556.75,30,303.9000000000001,2751.1328125
180.0011441707611,19.06640625,19.072265625,18.67333984375,4556.75,30,304.9000000000001,2751.125
181.04004740715027,19.06640625,19.072265625,18.67333984375,4556.75,30,304.80000000000007,2751.13671875
182.10720944404602,19.06640625,19.072265625,18.67333984375,4556.75,30,304.80000000000007,2751.5390625
183.1474506855011,19.3017578125,19.12109375,18.69140625,4559.4296875,30,304.6,2751.13671875
184.18801164627075,19.3017578125,19.12109375,18.69140625,4559.77734375,30,304.5,2751.13671875
185.22063541412354,19.3017578125,19.12109375,18.69140625,4558.125,30,304.5,2752.828125
186.26393508911133,19.3017578125,19.12109375,18.69140625,4558.09765625,30,304.40000000000003,2751.140625
187.34537172317505,19.3017578125,19.12109375,18.69140625,4556.625,30,304.5,2751.140625
188.42125511169434,18.716796875,19.00244140625,18.6552734375,4556.625,30,304.6,2751.54296875
189.4656467437744,18.716796875,19.00244140625,18.6552734375,4554.90234375,30,304.7,2751.140625
190.52920651435852,18.716796875,19.00244140625,18.6552734375,4554.90234375,30,304.6,2751.140625
191.60041499137878,18.716796875,19.00244140625,18.6552734375,4554.90234375,30,304.59999999999997,2751.140625
192.66079926490784,18.716796875,19.00244140625,18.6552734375,4554.65625,30,304.7,2751.140625
193.71042323112488,18.6591796875,18.9853515625,18.6513671875,4556.5859375,30,304.7,2751.1484375
194.7706334590912,18.6591796875,18.9853515625,18.6513671875,4556.5859375,30,304.5,2751.140625
195.89484477043152,18.6591796875,18.9853515625,18.6513671875,4556.33984375,30,304.7,2751.1484375
196.92813539505005,18.6591796875,18.9853515625,18.6513671875,4555.6171875,30,304.5,2751.1328125
197.95784211158752,19.5673828125,19.16845703125,18.71240234375,4555.609375,30,304.5,2751.1484375
198.9903814792633,19.5673828125,19.16845703125,18.71240234375,4555.609375,30,304.4,2751.1484375
200.02470326423645,19.5673828125,19.16845703125,18.71240234375,4556.578125,30,304.4,2751.5546875
201.10478949546814,19.5673828125,19.16845703125,18.71240234375,4556.29296875,30,304.4,2751.1484375
202.15889358520508,19.5673828125,19.16845703125,18.71240234375,4556.2890625,30,304.29999999999995,2751.1484375
203.2082920074463,22.96533203125,19.8798828125,18.9453125,4554.71484375,30,303.99999999999994,2751.1484375
204.25439500808716,22.96533203125,19.8798828125,18.9453125,4557.44140625,30,303.8999999999999,2751.1484375
205.29407691955566,22.96533203125,19.8798828125,18.9453125,4557.50390625,30,303.8999999999999,2751.1484375
206.3347065448761,22.96533203125,19.8798828125,18.9453125,4556.77734375,30,303.99999999999994,2752.8359375
207.38218092918396,22.96533203125,19.8798828125,18.9453125,4556.7734375,30,303.8999999999999,2751.16015625
208.40973091125488,28.57373046875,21.09423828125,19.34326171875,4556.7734375,30,303.49999999999994,2751.15234375
209.4347379207611,28.57373046875,21.09423828125,19.34326171875,4555.05078125,30,303.49999999999994,2751.15234375
210.4712655544281,28.57373046875,21.09423828125,19.34326171875,4555.05078125,30,303.49999999999994,2752.36328125
211.55201959609985,28.57373046875,21.09423828125,19.34326171875,4555.05078125,30,303.3999999999999,2751.15234375
212.6531798839569,28.57373046875,21.09423828125,19.34326171875,4554.32421875,30,303.3999999999999,2751.15234375
213.7393035888672,26.92578125,20.87646484375,19.2822265625,4554.31640625,30,303.29999999999995,2751.140625
214.79835534095764,26.92578125,20.87646484375,19.2822265625,4553.83203125,30,303.3999999999999,2751.1484375
215.87572073936462,26.92578125,20.87646484375,19.2822265625,4553.578125,30,303.3999999999999,2751.15234375
216.91374611854553,26.92578125,20.87646484375,19.2822265625,4553.58203125,30,303.3999999999999,2751.15625
217.96049857139587,25.169921875,20.61279296875,19.205078125,4553.58203125,30,303.3999999999999,2751.1484375
219.00812244415283,25.169921875,20.61279296875,19.205078125,4553.5859375,30,303.3999999999999,2751.14453125
220.05363774299622,25.169921875,20.61279296875,19.205078125,4553.5859375,30,303.19999999999993,2751.15234375
221.1293706893921,25.169921875,20.61279296875,19.205078125,4553.5859375,30,303.19999999999993,2751.14453125
222.19228076934814,25.169921875,20.61279296875,19.205078125,4553.5859375,30,303.09999999999997,2751.16015625
223.258793592453,26.35791015625,20.93505859375,19.31689453125,4553.5859375,30,303.09999999999997,2751.16015625
224.30806279182434,26.35791015625,20.93505859375,19.31689453125,4553.5859375,30,303.09999999999997,2751.15625
225.34171843528748,26.35791015625,20.93505859375,19.31689453125,4553.5859375,30,303.09999999999997,2751.15625
226.384357213974,26.35791015625,20.93505859375,19.31689453125,4556.16015625,30,303.2,2752.84765625
227.46869802474976,26.35791015625,20.93505859375,19.31689453125,4554.73046875,30,303.2,2751.16015625
228.5455937385559,25.2080078125,20.78662109375,19.27734375,4554.78125,30,303.4,2752.84765625
229.6229157447815,25.2080078125,20.78662109375,19.27734375,4554.78125,30,303.59999999999997,2751.1640625
230.68606781959534,25.2080078125,20.78662109375,19.27734375,4556.5546875,30,303.5,2751.1640625
231.73687601089478,25.2080078125,20.78662109375,19.27734375,4556.5546875,30,303.8999999999999,2751.54296875
232.84207797050476,24.47021484375,20.70703125,19.25927734375,4556.5546875,30,303.99999999999994,2751.1796875
233.88987922668457,24.47021484375,20.70703125,19.25927734375,4556.5546875,30,303.7,2751.1796875
234.92145943641663,24.47021484375,20.70703125,19.25927734375,4556.5546875,30,303.7,2751.16015625
235.9513020515442,24.47021484375,20.70703125,19.25927734375,4556.55859375,30,303.79999999999995,2751.171875
236.99939250946045,24.47021484375,20.70703125,19.25927734375,4554.34375,30,303.69999999999993,2751.171875
238.0357677936554,22.83056640625,20.42919921875,19.17724609375,4555.43359375,30,303.59999999999997,2751.171875
239.06163358688354,22.83056640625,20.42919921875,19.17724609375,4555.484375,30,303.59999999999997,2751.171875
240.09474730491638,22.83056640625,20.42919921875,19.17724609375,4555.484375,30,303.5,2751.7578125
241.15082550048828,22.83056640625,20.42919921875,19.17724609375,4555.484375,30,303.5,2752.0234375
242.18065237998962,22.83056640625,20.42919921875,19.17724609375,4555.48828125,30,303.4,2752.015625
243.2233817577362,23.00439453125,20.50537109375,19.208984375,4555.24609375,30,303.4,2752.015625
244.26147079467773,23.00439453125,20.50537109375,19.208984375,4554.515625,30,303.5,2751.5859375
245.30232691764832,23.00439453125,20.50537109375,19.208984375,4554.50390625,30,303.5,2752.01953125
246.33142375946045,23.00439453125,20.50537109375,19.208984375,4554.51171875,30,303.5,2752.01953125
247.3633167743683,23.00439453125,20.50537109375,19.208984375,4554.51171875,30,303.5,2752.01953125
248.41242480278015,22.923828125,20.5302734375,19.22412109375,4554.515625,30,303.5,2752.01953125
249.49261689186096,22.923828125,20.5302734375,19.22412109375,4554.515625,30,303.6,2752.01953125
250.57934045791626,22.923828125,20.5302734375,19.22412109375,4554.51953125,30,303.6,2752.01953125
251.62272953987122,22.923828125,20.5302734375,19.22412109375,4554.5234375,30,303.5,2752.01953125
252.64838337898254,22.923828125,20.5302734375,19.22412109375,4553.78515625,30,303.5,2752.01953125
253.68251419067383,23.97119140625,20.787109375,19.314453125,4553.54296875,30,303.5,2752.01953125
254.71931219100952,23.97119140625,20.787109375,19.314453125,4553.5390625,30,303.4,2752.01953125
255.76265668869019,23.97119140625,20.787109375,19.314453125,4553.5390625,30,303.3,2753.29296875
256.81334614753723,23.97119140625,20.787109375,19.314453125,4553.5390625,30,303.59999999999997,2752.01953125
257.8571445941925,22.85205078125,20.60791015625,19.26416015625,4555.109375,30,303.5,2752.01953125
258.90726041793823,22.85205078125,20.60791015625,19.26416015625,4555.109375,30,303.5,2752.0234375
259.9396753311157,22.85205078125,20.60791015625,19.26416015625,4555.11328125,30,303.5,2751.58984375
260.97584867477417,22.85205078125,20.60791015625,19.26416015625,4555.11328125,30,303.5,2752.0234375
262.0109519958496,22.85205078125,20.60791015625,19.26416015625,4553.1484375,30,303.4,2752.0234375
263.0653929710388,22.54345703125,20.5810546875,19.2626953125,4553.1484375,30,303.4,2752.02734375
264.08964586257935,22.54345703125,20.5810546875,19.2626953125,4553.15234375,30,303.5,2745.46875
265.1337978839874,22.54345703125,20.5810546875,19.2626953125,4593.1796875,29,292.5,2663.94921875
266.17924785614014,22.54345703125,20.5810546875,19.2626953125,4593.1796875,29,292.5,2663.94921875
267.2110209465027,22.54345703125,20.5810546875,19.2626953125,4593.18359375,29,292.4,2663.44140625
268.2562117576599,21.05810546875,20.3056640625,19.1806640625,4592.9609375,29,291.4,2663.70703125
269.3907699584961,21.05810546875,20.3056640625,19.1806640625,5132.83203125,28,291.59999999999997,1462.1328125
270.4023697376251,21.05810546875,20.3056640625,19.1806640625,6126.98046875,1,0.8,49.47265625
