relative_log,world_idx,fault,condition,timing,recovery_type,selected_policy,dropout_filter_active_count,masking_policy_enabled,masking_policy_monitoring_started,masking_nav2_recovery_started,masking_reorientation_started,mission_outcome,completion_time_s,nav_metric,progress_failure_count,goal_failed_logged
closed_loop_integration_smoke_retry_2026-08-16_18-39-35/world_240_fault_dropout_closed_loop.log,240,dropout,fault,start5_duration20,dropout_scan_filter_enabled,dropout_scan_filter,1,False,False,False,False,no_final_outcome,,,0,False
closed_loop_integration_smoke_retry_2026-08-16_18-39-35/world_240_fault_mask_closed_loop.log,240,masking,fault,start5_duration20,masking_nav2_supervisor_policy_enabled,masking_nav2_recovery,0,True,True,False,False,collided,60.0062,0.0000,0,False
closed_loop_integration_smoke_retry_2026-08-16_18-39-35/world_8_fault_dropout_closed_loop.log,8,dropout,fault,start5_duration20,dropout_scan_filter_enabled,dropout_scan_filter,1,False,False,False,False,succeeded,101.9310,0.1250,0,False
closed_loop_integration_smoke_retry_2026-08-16_18-39-35/world_8_fault_mask_closed_loop.log,8,masking,fault,start5_duration20,masking_nav2_supervisor_policy_enabled,masking_nav2_recovery,0,True,True,False,False,succeeded,97.9390,0.1250,0,False
closed_loop_w240_dropout_start5_300s_2026-08-16_19-06-28/world_240_fault_dropout_closed_loop_start5_300s.log,240,dropout,fault,start5_duration20,dropout_scan_filter_enabled,dropout_scan_filter,1,False,False,False,False,succeeded,283.7023,0.1250,0,False
closed_loop_w240_masking_start5_300s_2026-08-16_19-13-26/world_240_fault_masking_closed_loop_start5_300s.log,240,masking,fault,start5_duration20,masking_nav2_supervisor_policy_enabled,masking_nav2_recovery,0,True,True,False,False,collided,45.6221,0.0000,0,False
recovery_m2_nav2_masking_w240_forced_2026-08-14_22-04-01/world_240_m2_nav2_masking_forced.log,240,masking,single_run,start15_duration20,masking_nav2_supervisor_action_started,,0,False,True,True,False,succeeded,114.9567,0.1250,0,False
recovery_m2_nav2_masking_w8_forced_2026-08-14_22-00-06/world_008_m2_nav2_masking_forced.log,8,masking,single_run,start15_duration20,masking_nav2_supervisor_action_started,,0,False,True,True,False,succeeded,107.6900,0.1250,0,False
recovery_masking_reorient_progress_stall_2026-08-14_00-45-03/world_008_masking_reorient_progress_stall.log,8,masking,single_run,start15_duration20,masking_cmdvel_reorientation_action_started,,0,False,False,False,True,goal_failed,,,14,True
recovery_masking_reorient_smoke_2026-08-13_20-47-04/world_008_masking_reorient.log,8,masking,single_run,start15_duration20,masking_cmdvel_reorientation_action_started,,0,False,False,False,True,goal_failed,,,14,True
recovery_masking_reorient_w240_2026-08-14_13-41-46/world_240_masking_reorient_progress_stall.log,240,masking,single_run,start15_duration20,masking_cmdvel_reorientation_action_started,,0,False,False,False,True,goal_failed,,,14,True
