relative_log,world_idx,fault,condition,timing,recovery_type,predicted_type,selected_policy,fault_active_logged,classifier_policy_selected,dropout_filter_enabled,dropout_filter_active,dropout_filter_active_count,masking_policy_enabled,masking_policy_monitoring_started,masking_nav2_recovery_started,masking_reorientation_started,masking_reorientation_complete,progress_failure_count,goal_failed_logged,mission_outcome,completion_time_s,nav_metric
closed_loop_integration_smoke_retry_2026-08-16_18-39-35/world_240_fault_dropout_closed_loop.log,240,dropout,fault,start5_duration20,dropout_scan_filter_enabled,DROPOUT,dropout_scan_filter,True,True,True,True,1,False,False,False,False,False,0,False,no_final_outcome,,
closed_loop_integration_smoke_retry_2026-08-16_18-39-35/world_240_fault_mask_closed_loop.log,240,masking,fault,start5_duration20,masking_nav2_supervisor_policy_enabled,MASKING,masking_nav2_recovery,True,True,False,False,0,True,True,False,False,False,0,False,collided,60.0062,0.0000
closed_loop_integration_smoke_retry_2026-08-16_18-39-35/world_8_fault_dropout_closed_loop.log,8,dropout,fault,start5_duration20,dropout_scan_filter_enabled,DROPOUT,dropout_scan_filter,True,True,True,True,1,False,False,False,False,False,0,False,succeeded,101.9310,0.1250
closed_loop_integration_smoke_retry_2026-08-16_18-39-35/world_8_fault_mask_closed_loop.log,8,masking,fault,start5_duration20,masking_nav2_supervisor_policy_enabled,MASKING,masking_nav2_recovery,True,True,False,False,0,True,True,False,False,False,0,False,succeeded,97.9390,0.1250
closed_loop_w240_dropout_300s_debug_2026-08-16_19-01-53/world_240_fault_dropout_closed_loop_300s.log,240,dropout,fault,start15_duration20,no_recovery_policy_enabled,,,True,False,False,False,0,False,False,False,False,False,0,False,succeeded,99.0186,0.1250
closed_loop_w240_dropout_start5_300s_2026-08-16_19-06-28/world_240_fault_dropout_closed_loop_start5_300s.log,240,dropout,fault,start5_duration20,dropout_scan_filter_enabled,DROPOUT,dropout_scan_filter,True,True,True,True,1,False,False,False,False,False,0,False,succeeded,283.7023,0.1250
closed_loop_w240_masking_start15_300s_2026-08-16_19-16-08/world_240_fault_masking_closed_loop_start15_300s.log,240,masking,fault,start15_duration20,no_recovery_policy_enabled,,,True,False,False,False,0,False,False,False,False,False,0,False,succeeded,112.6154,0.1250
closed_loop_w240_masking_start5_300s_2026-08-16_19-13-26/world_240_fault_masking_closed_loop_start5_300s.log,240,masking,fault,start5_duration20,masking_nav2_supervisor_policy_enabled,MASKING,masking_nav2_recovery,True,True,False,False,0,True,True,False,False,False,0,False,collided,45.6221,0.0000
persistent_fault_characterisation/persistent_dropout_w240/worlds/world_240/logs/world_240_baseline_r001.log,240,unknown,baseline,persistent,no_recovery_policy_enabled,,,False,False,False,False,0,False,False,False,False,False,0,False,succeeded,83.0957,0.1250
persistent_fault_characterisation/persistent_dropout_w240/worlds/world_240/logs/world_240_baseline_r002.log,240,unknown,baseline,persistent,no_recovery_policy_enabled,,,False,False,False,False,0,False,False,False,False,False,0,False,succeeded,85.4665,0.1250
persistent_fault_characterisation/persistent_dropout_w240/worlds/world_240/logs/world_240_baseline_r003.log,240,unknown,baseline,persistent,no_recovery_policy_enabled,,,False,False,False,False,0,False,False,False,False,False,0,False,succeeded,86.3642,0.1250
persistent_fault_characterisation/persistent_dropout_w240/worlds/world_240/logs/world_240_baseline_r004.log,240,unknown,baseline,persistent,no_recovery_policy_enabled,,,False,False,False,False,0,False,False,False,False,False,0,False,succeeded,86.7568,0.1250
persistent_fault_characterisation/persistent_dropout_w240/worlds/world_240/logs/world_240_baseline_r005.log,240,unknown,baseline,persistent,no_recovery_policy_enabled,,,False,False,False,False,0,False,False,False,False,False,0,False,succeeded,85.0413,0.1250
persistent_fault_characterisation/persistent_dropout_w240/worlds/world_240/logs/world_240_baseline_r006.log,240,unknown,baseline,persistent,no_recovery_policy_enabled,,,False,False,False,False,0,False,False,False,False,False,0,False,succeeded,85.2085,0.1250
persistent_fault_characterisation/persistent_dropout_w240/worlds/world_240/logs/world_240_fault_r001.log,240,dropout,fault,start15_duration20,no_recovery_policy_enabled,,,True,False,False,False,0,False,False,False,False,False,0,False,succeeded,91.8159,0.1250
persistent_fault_characterisation/persistent_dropout_w240/worlds/world_240/logs/world_240_fault_r002.log,240,dropout,fault,start15_duration20,no_recovery_policy_enabled,,,True,False,False,False,0,False,False,False,False,False,0,False,succeeded,88.2031,0.1250
persistent_fault_characterisation/persistent_dropout_w240/worlds/world_240/logs/world_240_fault_r003.log,240,dropout,fault,start15_duration20,no_recovery_policy_enabled,,,True,False,False,False,0,False,False,False,False,False,0,False,succeeded,89.3623,0.1250
persistent_fault_characterisation/persistent_dropout_w240/worlds/world_240/logs/world_240_fault_r004.log,240,dropout,fault,start15_duration20,no_recovery_policy_enabled,,,True,False,False,False,0,False,False,False,False,False,0,False,succeeded,89.3326,0.1250
persistent_fault_characterisation/persistent_dropout_w240/worlds/world_240/logs/world_240_fault_r005.log,240,dropout,fault,start15_duration20,no_recovery_policy_enabled,,,True,False,False,False,0,False,False,False,False,False,0,False,succeeded,87.7637,0.1250
persistent_fault_characterisation/persistent_dropout_w240/worlds/world_240/logs/world_240_fault_r006.log,240,dropout,fault,start15_duration20,no_recovery_policy_enabled,,,True,False,False,False,0,False,False,False,False,False,0,False,succeeded,89.3482,0.1250
recovery_m2_nav2_masking_w240_forced_2026-08-14_22-04-01/world_240_m2_nav2_masking_forced.log,240,masking,single_run,start15_duration20,masking_nav2_supervisor_action_started,,,True,False,False,False,0,False,True,True,False,False,0,False,succeeded,114.9567,0.1250
recovery_m2_nav2_masking_w240_progress_2026-08-14_22-08-48/world_240_m2_nav2_masking_progress.log,240,masking,single_run,start15_duration20,no_recovery_policy_enabled,,,True,False,False,False,0,False,True,False,False,False,0,False,succeeded,91.6376,0.1250
recovery_m2_nav2_masking_w8_forced_2026-08-14_22-00-06/world_008_m2_nav2_masking_forced.log,8,masking,single_run,start15_duration20,masking_nav2_supervisor_action_started,,,True,False,False,False,0,False,True,True,False,False,0,False,succeeded,107.6900,0.1250
recovery_m2_nav2_masking_w8_retry_2026-08-14_21-55-48/world_008_m2_nav2_masking_retry.log,8,masking,single_run,start15_duration20,no_recovery_policy_enabled,,,True,False,False,False,0,False,True,False,False,False,0,False,succeeded,87.1614,0.1250
recovery_masking_reorient_progress_stall_2026-08-14_00-45-03/world_008_masking_reorient_progress_stall.log,8,masking,single_run,start15_duration20,masking_cmdvel_reorientation_action_started,,,True,False,False,False,0,False,False,False,True,True,14,True,goal_failed,,
recovery_masking_reorient_smoke_2026-08-13_20-47-04/world_008_masking_reorient.log,8,masking,single_run,start15_duration20,masking_cmdvel_reorientation_action_started,,,True,False,False,False,0,False,False,False,True,True,14,True,goal_failed,,
recovery_masking_reorient_w240_2026-08-14_13-41-46/world_240_masking_reorient_progress_stall.log,240,masking,single_run,start15_duration20,masking_cmdvel_reorientation_action_started,,,True,False,False,False,0,False,False,False,True,True,14,True,goal_failed,,
recovery_persistent_fault_only_2026-08-10_15-59-43/world_008_masking_persistent_no_recovery.log,8,masking,single_run,start15_duration20,none_fault_only,,,True,False,False,False,0,False,False,False,False,False,0,False,succeeded,79.2973,0.1250
recovery_persistent_fault_only_2026-08-10_15-59-43/world_240_dropout_persistent_no_recovery.log,240,dropout,single_run,start15_duration20,none_fault_only,,,True,False,False,False,0,False,False,False,False,False,0,False,no_final_outcome,,
recovery_persistent_fault_only_retry_2026-08-10_16-24-58/world_240_dropout_persistent_no_recovery_retry.log,240,dropout,single_run,start15_duration20,none_fault_only,,,True,False,False,False,0,False,False,False,False,False,0,False,succeeded,85.2632,0.1250
