world_idx,condition,run_id,status,completion_time_s,nav_metric,sample_count,nominal_path_length_m,actual_path_length_m,net_displacement_m,path_efficiency_ratio,max_ref_progress_m,max_ref_progress_ratio,min_goal_distance_m,final_goal_distance_m,fault_config_start_s,fault_config_duration_s,fault_center_deg,fault_width_deg,fault_replacement,odom_linear_scale,odom_yaw_rate_bias_deg_s,fault_active_t_s,fault_end_t_s,fault_timing_source,progress_at_fault_start_m,progress_at_fault_end_m,progress_delta_during_fault_m,whole_path_length_m,whole_mean_speed_mps,whole_stop_ratio,whole_max_stop_streak_s,pre_fault_mean_speed_mps,pre_fault_stop_ratio,during_fault_mean_speed_mps,during_fault_stop_ratio,during_fault_path_length_m,during_fault_max_stop_streak_s,post_fault_mean_speed_mps,post_fault_stop_ratio,post_fault_path_length_m,post_fault_max_stop_streak_s,local_costmap_warn_count,global_costmap_warn_count,controller_warn_count,planner_warn_count,behavior_warn_count,bt_warn_count,controller_new_path_count,robot_out_of_bounds_count,raytrace_oob_count,recovery_spin_mentions,recovery_backup_mentions,recovery_drive_on_heading_mentions,recovery_wait_mentions,recovery_assisted_teleop_mentions,recovery_mentions_total
8,baseline,1,succeeded,200.8973,0.125,41,11.241805096548905,9.568810131300165,9.046021224825862,1.0705662251085584,10.244044941046546,0.9112455564801902,1.0151354589413186,1.0151354589413186,nan,nan,nan,nan,,nan,nan,nan,nan,,nan,nan,nan,9.458810131300165,0.047176110380549446,0.6500249376558604,45.120000000000005,0.047176110380549446,0.6500249376558604,0.0,0.0,0.0,0.0,0.0,0.0,0.0,0.0,0,0,80,0,0,3,201,0,0,3,3,3,4,3,16
8,fault,1,succeeded,204.9903,0.125,41,11.241805096548905,9.468972185762317,8.928090501333418,1.068548242998627,10.118053592099193,0.9000381615942896,1.144901742508937,1.144901742508937,20.0,30.0,nan,nan,"linear_scale=1.120, yaw_rate_bias_deg_s=2.500[0m",1.12,2.5,20.17,50.0,logged,1.1092598215480771,2.2936132883959544,1.1843534668478772,9.358972185762317,0.046678165515024024,0.7251870324189525,60.160000000000004,0.05050608811701836,0.2497502497502497,0.04495295865564368,0.7501246882793017,0.9013068210456557,15.04,0.04637209983505428,0.8001462668705536,6.974827536190515,40.11000000000001,0,0,68,0,0,0,205,0,0,3,3,3,4,3,16
8,baseline,2,succeeded,196.5663,0.125,40,11.241805096548905,9.57439117111177,9.036780400120387,1.068605301172613,10.231245160950301,0.910106968861359,1.0312128781197418,1.0312128781197418,nan,nan,nan,nan,,nan,nan,nan,nan,,nan,nan,nan,9.474391171111769,0.04846979675199145,0.564280963830767,35.09,0.04846979675199145,0.564280963830767,0.0,0.0,0.0,0.0,0.0,0.0,0.0,0.0,0,0,59,0,0,0,197,0,0,3,3,3,4,3,16
8,fault,2,succeeded,200.0378,0.125,40,11.241805096548905,9.434996243164914,8.907687690977946,1.0704528662931867,10.09971877196133,0.8984072117619099,1.160560209553989,1.160560209553989,20.0,30.0,nan,nan,"linear_scale=1.120, yaw_rate_bias_deg_s=2.500[0m",1.12,2.5,20.08,50.18,logged,1.0895786404475014,2.6136132883959546,1.5240346479484532,9.324996243164911,0.04772504346775634,0.6153846153846153,40.07000000000001,0.04948531606434242,0.25012481278082876,0.04904503254627754,0.8004788507581804,1.2290685156097152,20.060000000000002,0.04743004063748749,0.6427603906751262,6.65301180022037,40.07000000000001,0,0,68,0,0,0,201,0,0,3,3,3,4,3,16
8,baseline,3,succeeded,238.2793,0.125,48,11.241805096548905,9.50575252602403,8.976825719595988,1.070076443569958,10.171881856503939,0.9048263841210501,1.0878419002777926,1.0878419002777926,nan,nan,nan,nan,,nan,nan,nan,nan,,nan,nan,nan,9.395752526024031,0.039902121399855744,1.0,235.47,0.039902121399855744,1.0,0.0,0.0,0.0,0.0,0.0,0.0,0.0,0.0,0,0,149,0,0,0,238,0,0,3,3,3,4,3,16
8,fault,3,collided,88.8142,0.0,18,11.241805096548905,4.670902084027323,4.670010706625843,0.965378241578203,4.509187240462261,0.40110882564994166,5.330009380854785,5.330009380854785,20.0,30.0,nan,nan,"linear_scale=1.120, yaw_rate_bias_deg_s=2.500[0m",1.12,2.5,20.17,50.12,logged,1.1253841626907164,2.813613288395955,1.6882291257052384,4.560902084027323,0.05355685866636124,0.23543917332080785,10.0,0.051493175141747824,0.4997501249375313,0.05509694668752246,0.0,1.380178514522438,0.0,0.05453275049596112,0.1672207446808511,1.6403451349185103,5.030000000000001,0,0,19,0,0,0,92,0,0,3,3,3,4,3,16
76,baseline,1,succeeded,227.2551,0.125,46,10.735274461193614,9.441504915266107,9.02842732705979,1.0256203810720599,9.68339986908895,0.9020169818753092,1.0547511554864497,1.0547511554864497,nan,nan,nan,nan,,nan,nan,nan,nan,,nan,nan,nan,9.331051305094231,0.04137204622281738,1.0,225.54,0.04137204622281738,1.0,0.0,0.0,0.0,0.0,0.0,0.0,0.0,0.0,0,0,101,0,0,0,227,0,0,3,3,3,4,3,16
76,fault,1,succeeded,234.1896,0.125,47,10.735274461193614,9.414765072503112,9.011242977525354,1.0245939960541823,9.646311767547306,0.8985621934881365,1.0965856099730655,1.0965856099730655,20.0,30.0,nan,nan,"linear_scale=1.120, yaw_rate_bias_deg_s=2.500[0m",1.12,2.5,20.07,50.37,logged,0.6637823017115507,1.837986679523661,1.1742043778121103,9.304311462331242,0.040358772717668266,1.0,230.54,0.030461984114486827,1.0,0.03982940901361497,1.0,0.9981249898811914,25.060000000000002,0.041446281229245006,1.0,7.27092111604645,175.42999999999998,0,0,131,0,0,0,235,0,0,3,3,3,4,3,16
76,baseline,2,succeeded,229.1584,0.125,46,10.735274461193614,9.404379985494463,9.012263866532093,1.0250870671689933,9.640308297873299,0.8980029651520833,1.1049434374663711,1.1049434374663711,nan,nan,nan,nan,,nan,nan,nan,nan,,nan,nan,nan,9.293926375322592,0.041220234955083125,1.0,225.47,0.041220234955083125,1.0,0.0,0.0,0.0,0.0,0.0,0.0,0.0,0.0,0,0,119,0,0,0,229,0,0,3,3,3,4,3,16
76,fault,2,succeeded,230.8412,0.125,47,10.735274461193614,9.511307057271763,9.11063115266994,1.0245386786805732,9.744701964982424,0.9077273245512298,1.0017983829094559,1.0017983829094559,20.0,30.0,nan,nan,"linear_scale=1.120, yaw_rate_bias_deg_s=2.500[0m",1.12,2.5,20.18,50.18,logged,0.8141056911718297,2.03444661819669,1.2203409270248602,9.400853447099891,0.040774000030794115,1.0,230.56,0.038111818077235564,1.0,0.04129596221124072,1.0,1.0340508937694675,25.04,0.04081526794183723,1.0,7.161038760395343,175.45000000000002,0,0,114,0,0,3,231,0,0,3,3,3,4,3,16
76,baseline,3,succeeded,224.853,0.125,45,10.735274461193614,9.397576044662435,8.992291142973519,1.0237991754073936,9.621230605353677,0.8962258617730701,1.1230761327710599,1.1230761327710599,nan,nan,nan,nan,,nan,nan,nan,nan,,nan,nan,nan,9.287122434490561,0.04212037931194413,1.0,220.49,0.04212037931194413,1.0,0.0,0.0,0.0,0.0,0.0,0.0,0.0,0.0,0,0,84,0,0,2,225,0,0,3,3,3,4,3,16
76,fault,3,succeeded,229.9927,0.125,46,10.735274461193614,9.391845379091066,9.002277489613393,1.0254395236376372,9.630769451613487,0.8971144134625766,1.1140017953306895,1.1140017953306895,20.0,30.0,nan,nan,"linear_scale=1.120, yaw_rate_bias_deg_s=2.500[0m",1.12,2.5,20.03,50.0,logged,0.605615209286361,1.8598285395307095,1.2542133302443483,9.281391768919194,0.04114092096152125,0.9777482269503546,170.45000000000002,0.03655940603914221,1.0,0.042744120552716015,1.0,1.0711676610510634,25.060000000000002,0.04131540151447144,0.971391120989343,7.249613503744303,170.45000000000002,0,0,118,0,0,0,230,0,0,3,3,3,4,3,16
86,baseline,1,succeeded,249.9545,0.125,50,10.823290603523027,9.298908056629534,8.890022497159386,1.044663112614275,9.714226234352568,0.8975298354449196,1.1101801655587253,1.1101801655587253,nan,nan,nan,nan,,nan,nan,nan,nan,,nan,nan,nan,9.188454446457662,0.03741532065501125,0.979599315905204,160.35999999999999,0.03741532065501125,0.979599315905204,0.0,0.0,0.0,0.0,0.0,0.0,0.0,0.0,0,0,165,0,0,2,249,0,0,3,3,3,4,3,16
86,fault,1,succeeded,252.5616,0.125,51,10.823290603523027,9.362975092300248,8.950089385028509,1.0443129907516078,9.777876520972884,0.9034106982020923,1.050761628534275,1.050761628534275,20.0,30.0,nan,nan,"linear_scale=1.120, yaw_rate_bias_deg_s=2.500[0m",1.12,2.5,20.3,50.2,logged,0.7507920819562299,1.6454869343896497,0.8946948524334197,9.252521482128374,0.036914109244477855,1.0,250.64999999999998,0.033449952618488814,1.0,0.041421227634807524,1.0,1.0384301768046247,25.07,0.03649759487997201,1.0,7.135279799034528,195.49999999999997,0,0,167,0,0,0,252,0,0,3,3,3,4,3,16
86,baseline,2,succeeded,250.5362,0.125,50,10.823290603523027,9.272864294832285,8.860050789922143,1.0443005568512456,9.683657346699388,0.8947054737260142,1.1403946685248934,1.1403946685248934,nan,nan,nan,nan,,nan,nan,nan,nan,,nan,nan,nan,9.162410684660411,0.037306232429399074,0.9591205211726384,165.39999999999998,0.037306232429399074,0.9591205211726384,0.0,0.0,0.0,0.0,0.0,0.0,0.0,0.0,0,0,216,0,0,0,250,0,0,3,3,3,4,3,16
86,fault,2,succeeded,241.5389,0.125,49,10.823290603523027,9.368944735847926,8.980022271687304,1.0464410656958936,9.804048513826634,0.9058288161121143,1.0201960595885475,1.0201960595885475,20.0,30.0,nan,nan,"linear_scale=1.120, yaw_rate_bias_deg_s=2.500[0m",1.12,2.5,20.31,50.27,logged,0.766717627415091,1.5214051665339205,0.7546875391188296,9.258491125676052,0.03847284905745295,0.9790982755038438,155.41000000000003,0.03464162203736887,1.0,0.03519745826233053,1.0,0.8816963294713798,25.049999999999997,0.03939592273679509,0.9728884816471728,7.309125545357594,100.29,0,0,173,0,0,0,241,0,0,3,3,3,4,3,16
86,baseline,3,succeeded,248.9659,0.125,50,10.823290603523027,9.325452430558151,8.910089786304065,1.0442341087884848,9.7379555078733,0.8997222623500061,1.0907336980216573,1.0907336980216573,nan,nan,nan,nan,,nan,nan,nan,nan,,nan,nan,nan,9.21499882038628,0.037520353503201466,0.9592019543973941,195.45999999999998,0.037520353503201466,0.9592019543973941,0.0,0.0,0.0,0.0,0.0,0.0,0.0,0.0,0,0,174,0,0,0,248,0,0,3,3,3,4,3,16
86,fault,3,succeeded,253.0975,0.125,51,10.823290603523027,9.34226364319001,8.941258300709134,1.044282436416599,9.755961838956678,0.9013859274721008,1.0705606008068862,1.0705606008068862,20.0,30.0,nan,nan,"linear_scale=1.120, yaw_rate_bias_deg_s=2.500[0m",1.12,2.5,20.02,50.25,logged,0.5698824684343485,1.581784752554206,1.0119022841198575,9.231810033018137,0.036835887131985226,1.0,250.62,0.031118358694259395,1.0,0.039864139404145175,1.0,1.1987146718826454,30.07,0.036871713035710414,1.0,7.207313747090315,195.47,0,0,193,0,0,0,253,0,0,3,3,3,4,3,16
94,baseline,1,succeeded,229.6768,0.125,46,10.053227314964037,9.175081785041465,8.945725236111379,0.9771714455846002,8.965627931245903,0.8918158965629611,1.1072488428533132,1.1072488428533132,nan,nan,nan,nan,,nan,nan,nan,nan,,nan,nan,nan,9.065081785041466,0.04019278968272354,0.7556530992285183,90.23,0.04019278968272354,0.7556530992285183,0.0,0.0,0.0,0.0,0.0,0.0,0.0,0.0,0,0,67,0,0,0,228,0,0,3,3,3,4,3,16
94,fault,1,succeeded,241.1028,0.125,49,10.053227314964037,9.255653930457813,8.990556156323144,0.9765172917757705,9.038306109784429,0.8990452345915906,1.0149384217774,1.0149384217774,20.0,30.0,nan,nan,"linear_scale=1.120, yaw_rate_bias_deg_s=2.500[0m",1.12,2.5,20.08,50.24,logged,1.0243699078853554,2.3336132883959544,1.309243380510599,9.145653930457813,0.038018182284909434,0.7917359494512803,105.24999999999999,0.04723197640217173,0.75,0.042034443327757944,1.0,1.0533831497936141,25.060000000000002,0.036193038859932365,0.7568223492611369,6.710913265408659,60.14,0,0,94,0,0,0,239,0,0,3,3,3,4,3,16
94,baseline,2,succeeded,228.523,0.125,46,10.053227314964037,9.173777068892072,8.920560520505424,0.9776439952406936,8.968688065079105,0.8921202897431141,1.0846197490365,1.0846197490365,nan,nan,nan,nan,,nan,nan,nan,nan,,nan,nan,nan,9.063777068892072,0.040178097738783065,0.7330998714482025,95.22,0.040178097738783065,0.7330998714482025,0.0,0.0,0.0,0.0,0.0,0.0,0.0,0.0,0,0,73,0,0,2,227,0,0,3,3,3,4,3,16
94,fault,2,succeeded,237.8248,0.125,48,10.053227314964037,9.171976729169833,8.93,0.9800576298760395,8.989065774468376,0.8941472716018589,1.0700000000000003,1.0700000000000003,20.0,30.0,nan,nan,"linear_scale=1.120, yaw_rate_bias_deg_s=2.500[0m",1.12,2.5,20.26,50.13,logged,1.0127508973561004,2.3636132883959546,1.3508623910398543,9.061976729169833,0.038479731334054496,0.7657749469214437,95.17999999999999,0.046657743508648514,0.7496259351620947,0.04359962793206664,1.0,1.09260667597759,25.060000000000002,0.03676292679845419,0.7295431253034143,6.815478999165424,55.11,0,0,79,0,0,0,236,0,0,3,3,3,4,3,16
94,baseline,3,succeeded,230.403,0.125,46,10.053227314964037,9.153612739670121,8.870360759292712,0.9745930485472295,8.921047345175861,0.8873814413702804,1.132828318855069,1.132828318855069,nan,nan,nan,nan,,nan,nan,nan,nan,,nan,nan,nan,9.043612739670122,0.04010471281450165,0.7778270509977828,145.33,0.04010471281450165,0.7778270509977828,0.0,0.0,0.0,0.0,0.0,0.0,0.0,0.0,0,0,75,0,0,0,229,0,0,3,3,3,4,3,16
94,fault,3,succeeded,236.849,0.125,48,10.053227314964037,9.280670107107449,8.97020066665178,0.973540355888679,9.03510687895881,0.8987270053577946,1.0317460927960904,1.0317460927960904,20.0,30.0,nan,nan,"linear_scale=1.120, yaw_rate_bias_deg_s=2.500[0m",1.12,2.5,20.27,50.11,logged,1.0243699078853554,2.1536132883959547,1.1292433805105992,9.170670107107448,0.03894292796767356,0.7658923945815108,100.17,0.04722950410356718,0.7500000000000001,0.04283344737492751,1.0,0.8583822853935474,20.040000000000003,0.03739725508525483,0.7296364224835473,6.932703147704539,60.080000000000005,0,0,61,0,0,0,235,0,0,3,3,3,4,3,16
94,baseline,4,succeeded,230.7023,0.125,47,10.053227314964037,9.264545089260896,9.000272218105406,0.9785678977141142,9.065986411275656,0.9017986092666092,1.0024470060806208,1.0024470060806208,nan,nan,nan,nan,,nan,nan,nan,nan,,nan,nan,nan,9.154545089260894,0.03971258497857407,0.7824917577650529,105.2,0.03971258497857407,0.7824917577650529,0.0,0.0,0.0,0.0,0.0,0.0,0.0,0.0,0,0,78,0,0,0,230,0,0,3,3,3,4,3,16
94,fault,4,succeeded,245.0379,0.125,49,10.053227314964037,9.179165079154032,8.87005073266213,0.9724483006262925,8.926263482391546,0.8879002933819047,1.130398159941886,1.130398159941886,20.0,30.0,nan,nan,"linear_scale=1.120, yaw_rate_bias_deg_s=2.500[0m",1.12,2.5,20.19,50.12,logged,1.0538916795362185,2.3336132883959544,1.2797216088597358,9.069165079154033,0.037709626108748576,0.8543035343035342,150.34,0.04874481181461369,0.7498751872191711,0.0409094165858042,1.0,1.0255990738061114,25.07,0.035903183858716714,0.8380258899676374,6.656450287406079,105.26,0,0,143,0,0,0,243,0,0,3,3,3,4,3,16
173,baseline,1,timeout,300.0013,0.0,60,10.438964312180014,9.005976288323279,8.811498170004917,1.0248516672162025,9.2297898139977,0.8841671968576932,1.281600561797629,1.281600561797629,nan,nan,nan,nan,,nan,nan,nan,nan,,nan,nan,nan,8.905477532112071,0.030113541176451732,1.0,295.73,0.030113541176451732,1.0,0.0,0.0,0.0,0.0,0.0,0.0,0.0,0.0,0,0,290,0,0,2,307,0,0,3,3,3,4,3,16
173,fault,1,timeout,300.0123,0.0,60,10.438964312180014,8.769802686745148,8.580285543034101,1.0263024112045507,9.000469643194693,0.8621994839749659,1.4904026301640771,1.4904026301640771,20.0,30.0,nan,nan,"linear_scale=1.120, yaw_rate_bias_deg_s=2.500[0m",1.12,2.5,20.48,50.38,logged,0.6523357654511721,1.3873669153140593,0.7350311498628872,8.669303930533939,0.02931294651068112,1.0,295.74999999999994,0.027637667482165028,1.0,0.024716550613902124,1.0,0.6198910893966653,25.08,0.030115098283507478,1.0,7.245090345046228,240.57999999999998,0,0,307,0,0,3,300,0,0,3,3,3,4,3,16
173,baseline,2,timeout,300.0158,0.0,60,10.438964312180014,8.978128800337515,8.782055568031893,1.0246663724856155,9.199586669550474,0.8812738883316754,1.3132021931142215,1.3132021931142215,nan,nan,nan,nan,,nan,nan,nan,nan,,nan,nan,nan,8.877630044126306,0.030017345880393263,1.0,295.74999999999994,0.030017345880393263,1.0,0.0,0.0,0.0,0.0,0.0,0.0,0.0,0.0,0,0,228,0,0,0,299,0,0,3,3,3,4,3,16
173,fault,2,timeout,300.023,0.0,60,10.438964312180014,8.81459474235572,8.620237815744993,1.0256241050166184,9.040460843712776,0.8660304387825632,1.4520674915443845,1.4520674915443845,20.0,30.0,nan,nan,"linear_scale=1.120, yaw_rate_bias_deg_s=2.500[0m",1.12,2.5,20.15,50.15,logged,0.6838721408624194,1.4601341815407527,0.7762620406783333,8.71409598614451,0.029483340053270097,1.0,295.56,0.029262207614236938,1.0,0.025167277625595896,1.0,0.6299369589686652,25.029999999999998,0.029964735275423374,1.0,7.205320244328304,240.45999999999998,0,0,257,0,0,0,300,0,0,3,3,3,4,3,16
173,baseline,3,timeout,300.0135,0.0,60,10.438964312180014,8.986611660691196,8.790523306379432,1.0248816850674487,9.210213701855977,0.8822919042945333,1.2935609765295184,1.2935609765295184,nan,nan,nan,nan,,nan,nan,nan,nan,,nan,nan,nan,8.886112904479987,0.030041965260759276,1.0,295.79,0.030041965260759276,1.0,0.0,0.0,0.0,0.0,0.0,0.0,0.0,0.0,0,0,255,0,0,0,299,0,0,3,3,3,4,3,16
173,fault,3,timeout,300.0087,0.0,60,10.438964312180014,8.68390775121465,8.491407421623345,1.026043828328945,8.910069953911679,0.8535396508172323,1.5824032355881983,1.5824032355881983,20.0,30.0,nan,nan,"linear_scale=1.120, yaw_rate_bias_deg_s=2.500[0m",1.12,2.5,20.04,50.05,logged,0.5383376084090333,1.3679778845056632,0.8296402760966298,8.58340899500344,0.02903233213260084,1.0,295.65000000000003,0.02929352438732579,1.0,0.027414739889236046,1.0,0.6864650868264706,25.04,0.02923087821333786,1.0,7.177057527720845,245.53000000000003,0,0,248,0,0,0,301,0,0,3,3,3,4,3,16
239,baseline,1,succeeded,281.0594,0.125,57,13.473876414560028,10.770960925414249,9.747389394089065,1.2509446935944413,13.473876414560028,1.0,1.0057832768544128,1.0057832768544128,nan,nan,nan,nan,,nan,nan,nan,nan,,nan,nan,nan,10.660507315242377,0.037989121642229264,1.0,280.62,0.037989121642229264,1.0,0.0,0.0,0.0,0.0,0.0,0.0,0.0,0.0,0,0,120,0,0,0,278,0,0,3,3,3,4,3,16
239,fault,1,succeeded,284.1979,0.125,57,13.473876414560028,10.714165672817249,9.676745320612712,1.2575758884095287,13.473876414560028,1.0,1.0195096860746342,1.0195096860746342,20.0,30.0,nan,nan,"linear_scale=1.120, yaw_rate_bias_deg_s=2.500[0m",1.12,2.5,20.21,50.02,logged,0.8341984769498678,1.861906427920483,1.0277079509706153,10.603712062645377,0.03779750503545084,1.0,280.53999999999996,0.037045258268632975,1.0,0.041190067793151895,1.0,0.8250370578968326,20.03,0.03746884244302705,1.0,8.635069429420012,230.45999999999998,0,0,111,0,0,0,283,0,0,3,3,3,4,3,16
239,baseline,2,succeeded,282.5679,0.125,57,13.473876414560028,10.758997007899524,9.71655288669804,1.2523357339598824,13.473876414560028,1.0,1.0056838469419702,1.0056838469419702,nan,nan,nan,nan,,nan,nan,nan,nan,,nan,nan,nan,10.648543397727652,0.037941079589993765,1.0,280.66,0.037941079589993765,1.0,0.0,0.0,0.0,0.0,0.0,0.0,0.0,0.0,0,0,127,0,0,0,281,0,0,3,3,3,4,3,16
239,fault,2,timeout,300.003,0.0,60,13.473876414560028,10.81754974504064,9.751410154434074,1.245557148534232,13.473876414560028,1.0,1.0440306508910553,1.0440306508910553,20.0,30.0,nan,nan,"linear_scale=1.120, yaw_rate_bias_deg_s=2.500[0m",1.12,2.5,20.09,50.07,logged,0.8118500921560101,1.8395580431266256,1.0277079509706155,10.707096134868769,0.036209320713117235,1.0,295.70000000000005,0.0358214258082896,1.0,0.04184332668200523,1.0,0.838958699974205,20.050000000000004,0.03575807499728448,1.0,8.78111047708315,245.57000000000002,0,0,127,0,0,0,283,0,0,3,3,3,4,3,16
239,baseline,3,timeout,300.0147,0.0,60,13.473876414560028,10.825398258792985,9.748379352487262,1.2446541080939726,13.473876414560028,1.0,1.0153324578678653,1.0153324578678653,nan,nan,nan,nan,,nan,nan,nan,nan,,nan,nan,nan,10.714944648621113,0.03621749078459054,1.0,295.85,0.03621749078459054,1.0,0.0,0.0,0.0,0.0,0.0,0.0,0.0,0.0,0,0,118,0,0,0,279,0,0,3,3,3,4,3,16
239,fault,3,timeout,300.0097,0.0,60,13.473876414560028,10.761231786810004,9.743536319016828,1.2520756621072786,13.473876414560028,1.0,1.0660675400742676,1.0660675400742676,20.0,30.0,nan,nan,"linear_scale=1.120, yaw_rate_bias_deg_s=2.500[0m",1.12,2.5,20.23,50.15,logged,0.7935265349553593,1.9465337238934317,1.1530071889380724,10.650778176638132,0.036015210417063306,1.0,295.73,0.034917052519554986,1.0,0.03852546498931107,1.0,0.9650628979822425,25.050000000000004,0.03578752654898359,1.0,8.61083676295094,240.60999999999999,0,0,144,0,0,0,291,0,0,3,3,3,4,3,16
240,baseline,1,succeeded,208.7815,0.125,42,12.784792464059896,9.23457533781609,9.02123051473578,1.267102872242466,11.701156934486207,0.9152402721733682,1.0874741376235117,1.0874741376235117,nan,nan,nan,nan,,nan,nan,nan,nan,,nan,nan,nan,9.134076581604878,0.044456714599459164,0.8781758006424608,65.14,0.044456714599459164,0.8781758006424608,0.0,0.0,0.0,0.0,0.0,0.0,0.0,0.0,0,0,124,0,0,0,209,0,0,3,3,3,4,3,16
240,fault,1,succeeded,218.0297,0.125,44,12.784792464059896,9.237264697398945,9.041205671811696,1.2687732933055178,11.719994751253656,0.9167137272036635,1.0692988356862647,1.0692988356862647,20.0,30.0,nan,nan,"linear_scale=1.120, yaw_rate_bias_deg_s=2.500[0m",1.12,2.5,20.24,50.34,logged,0.9734699959633384,2.460123301692225,1.4866533057288864,9.136765941187736,0.042399953321210895,0.9767042554178847,165.35999999999999,0.04463974117212598,1.0,0.04312162015728117,0.7996807661612132,1.080627801141466,20.040000000000003,0.04205050278468613,1.0,6.742377616496575,160.34,0,0,155,0,0,0,218,0,0,3,3,3,4,3,16
240,baseline,2,succeeded,209.278,0.125,42,12.784792464059896,9.201829057622488,8.989816460862814,1.2696364722145006,11.682977782640698,0.9138183365497269,1.1030865786510138,1.1030865786510138,nan,nan,nan,nan,,nan,nan,nan,nan,,nan,nan,nan,9.101330301411279,0.04429733428118018,0.878029786819819,110.24000000000001,0.04429733428118018,0.878029786819819,0.0,0.0,0.0,0.0,0.0,0.0,0.0,0.0,0,0,146,0,0,0,209,0,0,3,3,3,4,3,16
240,fault,2,succeeded,213.2536,0.125,43,12.784792464059896,9.231718745610737,9.020737220427163,1.2678588297713318,11.704516125588096,0.9155030211473022,1.0833743581975717,1.0833743581975717,20.0,30.0,nan,nan,"linear_scale=1.120, yaw_rate_bias_deg_s=2.500[0m",1.12,2.5,20.04,50.17,logged,0.759855188338491,2.450123301692225,1.690268113353734,9.131219989399527,0.043397271942395926,0.952426215484055,125.23,0.0452051904263644,1.0,0.04213327903271067,1.0,1.2656837021426286,30.04,0.043307929366419216,0.9355524079320116,6.726587589192232,75.17000000000002,0,0,123,0,0,0,214,0,0,3,3,3,4,3,16
240,baseline,3,succeeded,209.1261,0.125,42,12.784792464059896,9.20902205315238,9.011242977525354,1.2695960503319934,11.691738026102485,0.9145035446582209,1.0965856099730653,1.0965856099730653,nan,nan,nan,nan,,nan,nan,nan,nan,,nan,nan,nan,9.108523296941168,0.04430862137929255,0.9268375735759108,125.34,0.04430862137929255,0.9268375735759108,0.0,0.0,0.0,0.0,0.0,0.0,0.0,0.0,0,0,114,0,0,0,210,0,0,3,3,3,4,3,16
240,fault,3,succeeded,214.5769,0.125,43,12.784792464059896,9.211273147403745,9.011747888173526,1.2689210978718006,11.688378835000595,0.914240795684287,1.100727032465361,1.100727032465361,20.0,30.0,nan,nan,"linear_scale=1.120, yaw_rate_bias_deg_s=2.500[0m",1.12,2.5,20.03,50.05,logged,0.7505627202919173,2.445123301692225,1.694560581400308,9.110774391192535,0.04330010166433409,0.9762368708711563,160.31,0.044498933974377625,1.0,0.04195907963743129,1.0,1.0514945357140282,25.06,0.04330150856135953,0.9688065381496038,6.94079880730032,110.19000000000001,0,0,148,0,0,0,215,0,0,3,3,3,4,3,16
240,baseline,4,succeeded,205.8825,0.125,42,12.784792464059896,9.314598020742281,9.100642834437576,1.2646672853112726,11.779867392657893,0.921396841268483,1.0107917688624102,1.0107917688624102,nan,nan,nan,nan,,nan,nan,nan,nan,,nan,nan,nan,9.214099264531074,0.04483964798545464,0.902525670348922,120.32,0.04483964798545464,0.902525670348922,0.0,0.0,0.0,0.0,0.0,0.0,0.0,0.0,0,0,131,0,0,0,206,0,0,3,3,3,4,3,16
240,fault,4,succeeded,212.5631,0.125,43,12.784792464059896,9.264883310797934,9.050220991776941,1.2667328500687167,11.736132041841156,0.9179759526666785,1.0519030373565814,1.0519030373565814,20.0,30.0,nan,nan,"linear_scale=1.120, yaw_rate_bias_deg_s=2.500[0m",1.12,2.5,20.2,50.2,logged,0.9734699959633384,2.445123301692225,1.4716533057288868,9.164384554586725,0.043538336997419,0.9762459024181671,150.37,0.04473851813089063,1.0,0.042253536287820845,1.0,1.0592961547356685,25.07,0.043508769288651696,0.9678187552294523,6.759957484377815,95.25000000000001,0,0,122,0,0,0,212,0,0,3,3,3,4,3,16
250,baseline,1,timeout,300.014,0.0,60,10.518025280700408,8.63485898197898,8.552110850544445,1.0487856152931982,9.056115890384824,0.8610091389494897,1.4623952953972459,1.4623952953972459,nan,nan,nan,nan,,nan,nan,nan,nan,,nan,nan,nan,8.524858981978978,0.0288313683102644,1.0,295.68,0.0288313683102644,1.0,0.0,0.0,0.0,0.0,0.0,0.0,0.0,0.0,0,0,330,0,0,0,301,0,0,3,3,3,4,3,16
250,fault,1,timeout,300.0049,0.0,60,10.518025280700408,8.182384079203047,8.102721764938002,1.051830955267399,8.606484862392897,0.8182605225512236,1.9115700353374452,1.9115700353374452,20.0,30.0,nan,nan,"linear_scale=1.120, yaw_rate_bias_deg_s=2.500[0m",1.12,2.5,20.25,50.14,logged,0.6377763018423073,1.424009877645642,0.7862335758033347,8.072384079203049,0.027302005882243883,1.0,295.67,0.026579553346504352,1.0,0.0265471108278008,1.0,0.6652705973446881,25.060000000000002,0.02746406248855823,1.0,6.744075184690359,245.56,0,0,400,0,0,0,301,0,0,3,3,3,4,3,16
250,baseline,2,timeout,300.0072,0.0,60,10.518025280700408,8.404997302278293,8.32240349898994,1.0501285534639504,8.826327658909909,0.8391620502287054,1.6918628786045278,1.6918628786045278,nan,nan,nan,nan,,nan,nan,nan,nan,,nan,nan,nan,8.294997302278293,0.02804922497642543,1.0,295.73,0.02804922497642543,1.0,0.0,0.0,0.0,0.0,0.0,0.0,0.0,0.0,0,0,399,0,0,0,300,0,0,3,3,3,4,3,16
250,fault,2,timeout,300.0155,0.0,60,10.518025280700408,7.934298169316648,7.853082197455977,1.0532507832034144,8.356805761002176,0.7945223117438339,2.1612265036316765,2.1612265036316765,20.0,30.0,nan,nan,"linear_scale=1.120, yaw_rate_bias_deg_s=2.500[0m",1.12,2.5,20.11,50.46,logged,0.6281440375139353,1.4140164034049565,0.7858723658910212,7.8242981693166485,0.026459362785555603,1.0,295.71000000000004,0.02602498655050953,1.0,0.02654622430984572,1.0,0.6652483812047337,25.060000000000002,0.026540164785835915,1.0,6.385563647472122,240.60000000000002,0,0,452,0,0,0,300,0,0,3,3,3,4,3,16
250,baseline,3,timeout,300.0116,0.0,60,10.518025280700408,8.655886800461184,8.572105925617112,1.048535750238446,9.07600676030063,0.8629002610360951,1.4425671561490645,1.4425671561490645,nan,nan,nan,nan,,nan,nan,nan,nan,,nan,nan,nan,8.545886800461187,0.028897598486664147,1.0,295.72999999999996,0.028897598486664147,1.0,0.0,0.0,0.0,0.0,0.0,0.0,0.0,0.0,0,0,372,0,0,0,299,0,0,3,3,3,4,3,16
250,fault,3,timeout,300.0153,0.0,60,10.518025280700408,8.364975299846593,8.282662615367114,1.0502724008995312,8.785502691635157,0.8352806213306724,1.7327723451163464,1.7327723451163464,20.0,30.0,nan,nan,"linear_scale=1.120, yaw_rate_bias_deg_s=2.500[0m",1.12,2.5,20.15,50.32,logged,0.61815056327325,1.4040229291642712,0.7858723658910212,8.254975299846594,0.027912948197222537,1.0,295.74,0.025492155044610786,1.0,0.027776683338489493,1.0,0.6960836844625465,25.059999999999995,0.028291971018859895,1.0,6.806765307427502,240.58999999999997,0,0,422,0,0,0,300,0,0,3,3,3,4,3,16
274,baseline,1,succeeded,210.8659,0.125,43,11.402420244720178,9.2011247743919,9.012446948526243,1.145565524467926,10.540491327871084,0.9244082485691401,1.0120276676059803,1.0120276676059803,nan,nan,nan,nan,,nan,nan,nan,nan,,nan,nan,nan,9.091124774391899,0.0431985021353856,0.9048229983368972,125.27,0.0431985021353856,0.9048229983368972,0.0,0.0,0.0,0.0,0.0,0.0,0.0,0.0,0,0,86,0,0,0,211,0,0,3,3,3,4,3,16
274,fault,1,succeeded,225.8379,0.125,46,11.402420244720178,9.203879989233501,9.012685504332213,1.1455875708187133,10.543850518972972,0.9247028519103424,1.014149890302218,1.014149890302218,20.0,30.0,nan,nan,"linear_scale=1.120, yaw_rate_bias_deg_s=2.500[0m",1.12,2.5,20.18,50.2,logged,0.9993474240685576,2.2113549792846117,1.212007555216054,9.0938799892335,0.04032762744671175,0.9555654101995567,140.31,0.04441117764471059,1.0,0.04331653511171763,1.0,1.0850792045485267,25.05,0.039227473640067755,0.9411937320265273,6.683969233531145,85.2,0,0,107,0,0,3,226,0,0,3,3,3,4,3,16
274,baseline,2,succeeded,212.7202,0.125,43,11.402420244720178,9.155345110712743,8.96223186488723,1.1457828697878463,10.490037594850573,0.9199834219150028,1.0590561835898973,1.0590561835898973,nan,nan,nan,nan,,nan,nan,nan,nan,,nan,nan,nan,9.045345110712743,0.042976885592781594,0.9284933719770038,80.16000000000001,0.042976885592781594,0.9284933719770038,0.0,0.0,0.0,0.0,0.0,0.0,0.0,0.0,0,0,82,0,0,0,213,0,0,3,3,3,4,3,16
274,fault,2,succeeded,223.7447,0.125,45,11.402420244720178,9.117879181700122,8.932468863645704,1.1477603346406653,10.465140060801287,0.9177998912684443,1.0904127658827187,1.0904127658827187,20.0,30.0,nan,nan,"linear_scale=1.120, yaw_rate_bias_deg_s=2.500[0m",1.12,2.5,20.06,50.02,logged,0.6195954029225059,1.8689000863123075,1.2493046833898016,9.007879181700122,0.04085205978095294,0.9773242630385488,150.37,0.03390957446808512,1.0,0.04305005257700648,1.0,1.0784038170540124,25.05,0.04084449516092281,0.9706521101132829,6.958676640566419,100.24000000000001,0,0,119,0,0,0,224,0,0,3,3,3,4,3,16
274,baseline,3,succeeded,215.7688,0.125,44,11.402420244720178,9.217423272494793,9.022000886721305,1.1438328850007782,10.543191854051033,0.9246450865493222,0.9982484660644367,0.9982484660644367,nan,nan,nan,nan,,nan,nan,nan,nan,,nan,nan,nan,9.107423272494794,0.04226182493037027,0.9071461716937357,100.25,0.04226182493037027,0.9071461716937357,0.0,0.0,0.0,0.0,0.0,0.0,0.0,0.0,0,0,104,0,0,0,215,0,0,3,3,3,4,3,16
274,fault,3,succeeded,218.9217,0.125,44,11.402420244720178,9.113870573553719,8.92247163066378,1.1472316913033167,10.455721152417562,0.9169738466058572,1.100227249253535,1.100227249253535,20.0,30.0,nan,nan,"linear_scale=1.120, yaw_rate_bias_deg_s=2.500[0m",1.12,2.5,20.27,50.29,logged,0.9793604755871863,2.2513549792846117,1.2719945036974254,9.003870573553717,0.041802639739791626,0.976693439806862,130.20999999999998,0.04341317365269462,1.0,0.04562162983343598,1.0,1.142365611029237,25.040000000000003,0.04091081190983435,0.9686856715114465,6.5584122572655446,80.16,0,0,98,0,0,0,219,0,0,3,3,3,4,3,16
274,baseline,4,succeeded,209.6659,0.125,42,11.402420244720178,9.08326999850055,8.892479969052504,1.1479857396056419,10.42746442726639,0.9144957126180966,1.1296902230257633,1.1296902230257633,nan,nan,nan,nan,,nan,nan,nan,nan,,nan,nan,nan,8.97326999850055,0.043680426415326636,0.9024485226111084,100.18999999999998,0.043680426415326636,0.9024485226111084,0.0,0.0,0.0,0.0,0.0,0.0,0.0,0.0,0,0,81,0,0,0,210,0,0,3,3,3,4,3,16
274,fault,4,succeeded,222.4079,0.125,45,11.402420244720178,9.156672887273036,8.962014282514842,1.1452498667200661,10.486678403748687,0.9196888185738007,1.0572133181151278,1.0572133181151278,20.0,30.0,nan,nan,"linear_scale=1.120, yaw_rate_bias_deg_s=2.500[0m",1.12,2.5,20.09,50.16,logged,0.9993474240685576,2.2913549792846117,1.2920075552160541,9.046672887273036,0.0410373004639285,1.0,220.45,0.04441117764471059,1.0,0.04611338318315825,1.0,1.154217981074451,25.03,0.039599787155092714,1.0,6.547824806094579,165.34999999999997,0,0,113,0,0,0,222,0,0,3,3,3,4,3,16
