world_idx,run_id,metric,baseline_status,fault_status,baseline_value,fault_value,difference_fault_minus_baseline,baseline_whole_mean_speed_mps,fault_whole_mean_speed_mps,baseline_whole_stop_ratio,fault_whole_stop_ratio
8,1,completion_time_s,succeeded,succeeded,199.4981,198.5801,-0.9180000000000064,0.04789366820727635,0.04811354060012438,0.6666154948316446,0.6155735188785431
8,2,completion_time_s,succeeded,succeeded,196.0094,205.9458,9.936399999999992,0.04834058072510468,0.046062125349447085,0.5637889565528889,0.8294807533213293
8,3,completion_time_s,succeeded,succeeded,199.6984,207.902,8.203599999999994,0.04771332063432722,0.045729469046637425,0.7436422248375378,0.8780048661800486
8,4,completion_time_s,timeout,succeeded,300.0153,207.4227,-92.59260000000003,0.029527275014693037,0.04590603560497636,1.0,0.8051214643882967
8,5,completion_time_s,succeeded,succeeded,143.8965,148.8811,4.9846,0.06656390351467212,0.06416591443206995,0.03563030000712607,0.034542076653134315
8,6,completion_time_s,succeeded,succeeded,153.7662,158.1049,4.338699999999989,0.062130220028867346,0.060206887795384134,0.033315600478787205,0.06457220112019568
76,1,completion_time_s,succeeded,succeeded,227.2953,232.6019,5.306600000000003,0.04140481847362477,0.0405663761362927,1.0,1.0
76,2,completion_time_s,succeeded,succeeded,226.3856,228.5307,2.145099999999985,0.04156550864518527,0.041342281404471916,1.0,1.0
76,3,completion_time_s,collided,succeeded,36.3175,231.6212,195.3037,0.05269662530681966,0.04061046989458708,0.28595841640558245,1.0
76,4,completion_time_s,succeeded,succeeded,227.7703,234.1294,6.359100000000012,0.04135843988839829,0.040251505677332516,1.0,1.0
76,5,completion_time_s,succeeded,succeeded,173.3884,172.9202,-0.46819999999999595,0.054624943679043934,0.054545982127514825,0.17642915835191927,0.23554616423079172
76,6,completion_time_s,succeeded,succeeded,174.9044,179.8801,4.975699999999989,0.05422333802131093,0.05259617947196393,0.23518366388921488,0.25702399270530574
86,1,completion_time_s,succeeded,succeeded,244.9473,249.9497,5.002399999999994,0.03815133651714395,0.03731790574060457,0.9167255643786638,0.9796367190681763
86,2,completion_time_s,succeeded,succeeded,247.0888,249.5223,2.4335000000000093,0.037733725446614665,0.0374623733597266,0.9796284224250326,0.9591005377220141
86,3,completion_time_s,succeeded,succeeded,248.8478,249.4809,0.6330999999999847,0.03738715720694405,0.03743870737418553,0.9796350602802216,1.0
86,4,completion_time_s,succeeded,succeeded,240.1744,252.2808,12.106400000000008,0.03877636078530391,0.03686142313901194,0.9575371549893843,0.960028721876496
86,5,completion_time_s,succeeded,succeeded,183.4152,179.4051,-4.010099999999994,0.05078925915346911,0.05202512762642726,0.41669437978051216,0.2857631563943213
86,6,completion_time_s,succeeded,succeeded,186.5881,192.7404,6.152299999999997,0.049798663646435294,0.048189735398983,0.3783492371556417,0.36828563927540026
94,1,completion_time_s,succeeded,succeeded,233.6871,234.419,0.7319000000000244,0.03915527669146167,0.03912493587739086,0.8261529784372424,0.8261473063242822
94,2,completion_time_s,succeeded,succeeded,229.8168,250.1282,20.311399999999992,0.04004094194943772,0.03685894835025184,0.7778172138420586,0.8776008795146382
94,3,completion_time_s,succeeded,succeeded,229.5912,244.8271,15.235900000000015,0.03990850306560284,0.03759084703310209,0.7999733948208584,0.8750727529724786
94,4,completion_time_s,succeeded,succeeded,230.182,233.9292,3.7472000000000207,0.039837678792393465,0.03922997548573473,0.8888839602555005,0.8043110552109988
94,5,completion_time_s,succeeded,succeeded,164.5889,168.7717,4.1828000000000145,0.056002331157049764,0.05536287963873265,0.31253898939488445,0.3030358006773099
94,6,completion_time_s,succeeded,succeeded,172.3318,177.2798,4.9480000000000075,0.05341246680895307,0.05167854484432082,0.3527996243690575,0.3428310918623204
173,1,completion_time_s,timeout,timeout,300.0089,300.025,0.016099999999994452,0.03001379315710956,0.028090247425025364,1.0,1.0
173,2,completion_time_s,timeout,timeout,300.0096,300.0098,0.0002000000000066393,0.02990336318279061,0.028921477213568622,1.0,1.0
173,3,completion_time_s,timeout,timeout,300.0063,300.0164,0.010099999999965803,0.029347968419487093,0.029287411316140613,1.0,1.0
173,4,completion_time_s,timeout,timeout,300.0214,300.0157,-0.005700000000047112,0.027357638255065556,0.026622767734125963,1.0,1.0
173,5,completion_time_s,succeeded,succeeded,226.7397,235.028,8.288299999999992,0.04064241815681141,0.039340395934022124,1.0,1.0
173,6,completion_time_s,succeeded,succeeded,245.0968,238.0134,-7.083400000000012,0.03776112539871585,0.03886102092213417,1.0,1.0
239,1,completion_time_s,succeeded,succeeded,274.7034,285.2539,10.5505,0.03882547751050175,0.03772831344969982,1.0,1.0
239,2,completion_time_s,timeout,timeout,300.0186,300.0145,-0.004099999999993997,0.03613709619251865,0.03583368940495042,1.0,1.0
239,3,completion_time_s,timeout,timeout,300.0033,300.0204,0.017099999999970805,0.03614677038024581,0.03609748602509463,1.0,1.0
239,4,completion_time_s,timeout,timeout,300.014,300.0049,-0.00909999999998945,0.036050631545514474,0.033592080811923934,1.0,1.0
239,5,completion_time_s,timeout,timeout,300.0082,300.0173,0.00909999999998945,0.036083741455642214,0.03626222139022118,0.5254558370826427,0.5253027535349434
239,6,completion_time_s,succeeded,timeout,246.2345,300.0193,53.78479999999999,0.04333467928197974,0.03618649261468907,0.8165193662688875,0.5593598809080759
240,1,completion_time_s,succeeded,succeeded,210.2102,216.2525,6.0423000000000116,0.0442353875512649,0.04267853801344,0.9024627664752264,0.9301948051948051
240,2,completion_time_s,succeeded,succeeded,208.8547,222.3398,13.485099999999989,0.044357739274771726,0.041513397411026935,0.878023850085179,0.9545516396788678
240,3,completion_time_s,succeeded,succeeded,211.3685,219.7199,8.351399999999984,0.04370275244185301,0.04258018307119937,0.9046578984853522,0.9767420268325517
240,4,completion_time_s,succeeded,succeeded,212.7665,214.8857,2.1192000000000064,0.04343353830387434,0.04323817712592355,0.9047890535917901,0.9761995249406176
240,5,completion_time_s,succeeded,succeeded,153.7994,157.7166,3.9172000000000082,0.060485878275262236,0.05877357044255305,0.06665779670037242,0.16133599330716258
240,6,completion_time_s,succeeded,succeeded,157.0093,161.9259,4.916600000000017,0.05895992971090054,0.05713850835493945,0.09676173308440088,0.06250000000000007
250,1,completion_time_s,timeout,timeout,300.0155,300.0068,-0.008699999999976171,0.027620934268236478,0.026522449809727056,1.0,1.0
250,2,completion_time_s,timeout,timeout,300.0129,300.0214,0.008500000000026375,0.028130801423687058,0.02716878868014944,1.0,1.0
250,3,completion_time_s,timeout,timeout,300.0118,300.0149,0.003100000000017644,0.026867395193137397,0.027601755351891938,1.0,1.0
250,4,completion_time_s,succeeded,succeeded,243.8575,235.0671,-8.790399999999977,0.03700608282461473,0.038505022995139804,1.0,1.0
250,5,completion_time_s,succeeded,succeeded,249.6876,247.2328,-2.454800000000006,0.036232421163552915,0.036423209062352226,1.0,1.0
250,6,completion_time_s,succeeded,succeeded,252.6898,251.7466,-0.9431999999999903,0.03566050064478656,0.03573274364197112,1.0,1.0
274,1,completion_time_s,succeeded,succeeded,224.5545,226.5795,2.0250000000000057,0.04076933689006704,0.04026789747279805,0.9092145837112281,0.955609756097561
274,2,completion_time_s,succeeded,succeeded,214.0715,221.7008,7.629300000000001,0.04273196647797041,0.04114932013288353,0.9048456057007125,0.9545537010159653
274,3,completion_time_s,succeeded,succeeded,215.3951,226.5947,11.199599999999975,0.04253559826656379,0.04022061900435789,0.9524488147831457,0.9778368794326241
274,4,completion_time_s,succeeded,succeeded,213.9751,222.9211,8.945999999999998,0.04273258915746917,0.041005308371267,0.9286834228156032,0.977273758221819
274,5,completion_time_s,succeeded,succeeded,155.5037,159.1685,3.6647999999999854,0.05858199663408819,0.05759120183572468,0.2258479757997038,0.29043265516353317
274,6,completion_time_s,succeeded,succeeded,170.31,172.8454,2.53540000000001,0.05387821426332308,0.052916308399371004,0.27270528479864553,0.41180266322520087
