,mean,sd,eti89_lb,eti89_ub,ess_bulk,ess_tail,r_hat,mcse_mean,mcse_sd
mu,0.001,0.00024,0.000626,0.00137,1836.288244,1880.40691,1.00133,6e-06,5e-06
tau,0.000421,0.000278,4.4e-05,0.000908,1088.746369,1283.781948,1.001746,8e-06,8e-06
sigma,0.000962,0.000149,0.000744,0.001211,2883.968911,2600.484307,1.00022,3e-06,2e-06
nu,2.55496,0.481118,2.042309,3.465218,3059.661993,1754.818402,1.001497,0.007205,0.008674
theta[8],0.001343,0.000426,0.000727,0.002084,2439.530106,3236.691813,0.999879,9e-06,6e-06
theta[76],0.000941,0.000321,0.000425,0.00144,5133.349631,3405.486336,1.000197,4e-06,4e-06
theta[86],0.000865,0.000355,0.000254,0.00139,4341.818238,3388.896142,0.999789,5e-06,5e-06
theta[94],0.001106,0.000351,0.000584,0.001708,4015.860457,3166.512223,1.002349,6e-06,5e-06
theta[173],0.000909,0.000332,0.000347,0.001395,4985.13571,3208.765811,1.00243,5e-06,4e-06
theta[239],0.000894,0.00036,0.000301,0.001442,5317.043494,3236.778028,0.999624,5e-06,4e-06
theta[240],0.001237,0.000351,0.000729,0.001831,3090.744291,2844.591363,0.999836,6e-06,5e-06
theta[250],0.000597,0.00044,-0.000188,0.001192,2052.675781,2467.648635,1.001428,1e-05,7e-06
theta[274],0.001151,0.000314,0.000677,0.001679,3940.108231,3387.245005,1.000417,5e-06,4e-06
