campaign_label,fault_label,world_idx,pair_id,condition,attempt_idx,valid,validity_reason,navigation_status,completion_time_s,returncode,cleanup_ok,hard_timed_out,log_path,resource_path,meta_path,started_at,recorded_at
lidar_dropout_tuned_clean,lidar_dropout,240,1,fault,1,True,valid,succeeded,216.2525,0,True,False,/home/student24/dissertation/barn_ros2/src/The-Barn-Challenge-Ros2/experiment_runs/fault_campaigns/lidar_dropout_tuned_clean_campaign2/worlds/world_240/logs/world_240_fault_r001.log,/home/student24/dissertation/barn_ros2/src/The-Barn-Challenge-Ros2/experiment_runs/fault_campaigns/lidar_dropout_tuned_clean_campaign2/worlds/world_240/logs/resource_logs/world_240_fault_r001.csv,/home/student24/dissertation/barn_ros2/src/The-Barn-Challenge-Ros2/experiment_runs/fault_campaigns/lidar_dropout_tuned_clean_campaign2/worlds/world_240/meta/world_240_fault_r001.json,2026-08-04T12:19:04.115912,2026-08-04T12:23:25.199461
lidar_dropout_tuned_clean,lidar_dropout,240,1,baseline,1,True,valid,succeeded,210.2102,0,True,False,/home/student24/dissertation/barn_ros2/src/The-Barn-Challenge-Ros2/experiment_runs/fault_campaigns/lidar_dropout_tuned_clean_campaign2/worlds/world_240/logs/world_240_baseline_r001.log,/home/student24/dissertation/barn_ros2/src/The-Barn-Challenge-Ros2/experiment_runs/fault_campaigns/lidar_dropout_tuned_clean_campaign2/worlds/world_240/logs/resource_logs/world_240_baseline_r001.csv,/home/student24/dissertation/barn_ros2/src/The-Barn-Challenge-Ros2/experiment_runs/fault_campaigns/lidar_dropout_tuned_clean_campaign2/worlds/world_240/meta/world_240_baseline_r001.json,2026-08-04T12:23:33.214587,2026-08-04T12:27:46.864475
lidar_dropout_tuned_clean,lidar_dropout,274,1,baseline,1,True,valid,succeeded,224.5545,0,True,False,/home/student24/dissertation/barn_ros2/src/The-Barn-Challenge-Ros2/experiment_runs/fault_campaigns/lidar_dropout_tuned_clean_campaign2/worlds/world_274/logs/world_274_baseline_r001.log,/home/student24/dissertation/barn_ros2/src/The-Barn-Challenge-Ros2/experiment_runs/fault_campaigns/lidar_dropout_tuned_clean_campaign2/worlds/world_274/logs/resource_logs/world_274_baseline_r001.csv,/home/student24/dissertation/barn_ros2/src/The-Barn-Challenge-Ros2/experiment_runs/fault_campaigns/lidar_dropout_tuned_clean_campaign2/worlds/world_274/meta/world_274_baseline_r001.json,2026-08-04T12:27:54.963990,2026-08-04T12:32:23.162937
lidar_dropout_tuned_clean,lidar_dropout,274,1,fault,1,True,valid,succeeded,226.5795,0,True,False,/home/student24/dissertation/barn_ros2/src/The-Barn-Challenge-Ros2/experiment_runs/fault_campaigns/lidar_dropout_tuned_clean_campaign2/worlds/world_274/logs/world_274_fault_r001.log,/home/student24/dissertation/barn_ros2/src/The-Barn-Challenge-Ros2/experiment_runs/fault_campaigns/lidar_dropout_tuned_clean_campaign2/worlds/world_274/logs/resource_logs/world_274_fault_r001.csv,/home/student24/dissertation/barn_ros2/src/The-Barn-Challenge-Ros2/experiment_runs/fault_campaigns/lidar_dropout_tuned_clean_campaign2/worlds/world_274/meta/world_274_fault_r001.json,2026-08-04T12:32:31.187688,2026-08-04T12:37:02.287173
lidar_dropout_tuned_clean,lidar_dropout,94,1,baseline,1,True,valid,succeeded,233.6871,0,True,False,/home/student24/dissertation/barn_ros2/src/The-Barn-Challenge-Ros2/experiment_runs/fault_campaigns/lidar_dropout_tuned_clean_campaign2/worlds/world_094/logs/world_094_baseline_r001.log,/home/student24/dissertation/barn_ros2/src/The-Barn-Challenge-Ros2/experiment_runs/fault_campaigns/lidar_dropout_tuned_clean_campaign2/worlds/world_094/logs/resource_logs/world_094_baseline_r001.csv,/home/student24/dissertation/barn_ros2/src/The-Barn-Challenge-Ros2/experiment_runs/fault_campaigns/lidar_dropout_tuned_clean_campaign2/worlds/world_094/meta/world_094_baseline_r001.json,2026-08-04T12:37:10.384351,2026-08-04T12:41:47.387945
lidar_dropout_tuned_clean,lidar_dropout,94,1,fault,1,True,valid,succeeded,234.419,0,True,False,/home/student24/dissertation/barn_ros2/src/The-Barn-Challenge-Ros2/experiment_runs/fault_campaigns/lidar_dropout_tuned_clean_campaign2/worlds/world_094/logs/world_094_fault_r001.log,/home/student24/dissertation/barn_ros2/src/The-Barn-Challenge-Ros2/experiment_runs/fault_campaigns/lidar_dropout_tuned_clean_campaign2/worlds/world_094/logs/resource_logs/world_094_fault_r001.csv,/home/student24/dissertation/barn_ros2/src/The-Barn-Challenge-Ros2/experiment_runs/fault_campaigns/lidar_dropout_tuned_clean_campaign2/worlds/world_094/meta/world_094_fault_r001.json,2026-08-04T12:41:55.400230,2026-08-04T12:46:32.179955
lidar_dropout_tuned_clean,lidar_dropout,8,1,fault,1,True,valid,succeeded,198.5801,0,True,False,/home/student24/dissertation/barn_ros2/src/The-Barn-Challenge-Ros2/experiment_runs/fault_campaigns/lidar_dropout_tuned_clean_campaign2/worlds/world_008/logs/world_008_fault_r001.log,/home/student24/dissertation/barn_ros2/src/The-Barn-Challenge-Ros2/experiment_runs/fault_campaigns/lidar_dropout_tuned_clean_campaign2/worlds/world_008/logs/resource_logs/world_008_fault_r001.csv,/home/student24/dissertation/barn_ros2/src/The-Barn-Challenge-Ros2/experiment_runs/fault_campaigns/lidar_dropout_tuned_clean_campaign2/worlds/world_008/meta/world_008_fault_r001.json,2026-08-04T12:46:40.347170,2026-08-04T12:50:42.621334
lidar_dropout_tuned_clean,lidar_dropout,8,1,baseline,1,True,valid,succeeded,199.4981,0,True,False,/home/student24/dissertation/barn_ros2/src/The-Barn-Challenge-Ros2/experiment_runs/fault_campaigns/lidar_dropout_tuned_clean_campaign2/worlds/world_008/logs/world_008_baseline_r001.log,/home/student24/dissertation/barn_ros2/src/The-Barn-Challenge-Ros2/experiment_runs/fault_campaigns/lidar_dropout_tuned_clean_campaign2/worlds/world_008/logs/resource_logs/world_008_baseline_r001.csv,/home/student24/dissertation/barn_ros2/src/The-Barn-Challenge-Ros2/experiment_runs/fault_campaigns/lidar_dropout_tuned_clean_campaign2/worlds/world_008/meta/world_008_baseline_r001.json,2026-08-04T12:50:50.638384,2026-08-04T12:54:52.604701
lidar_dropout_tuned_clean,lidar_dropout,86,1,fault,1,True,valid,succeeded,249.9497,0,True,False,/home/student24/dissertation/barn_ros2/src/The-Barn-Challenge-Ros2/experiment_runs/fault_campaigns/lidar_dropout_tuned_clean_campaign2/worlds/world_086/logs/world_086_fault_r001.log,/home/student24/dissertation/barn_ros2/src/The-Barn-Challenge-Ros2/experiment_runs/fault_campaigns/lidar_dropout_tuned_clean_campaign2/worlds/world_086/logs/resource_logs/world_086_fault_r001.csv,/home/student24/dissertation/barn_ros2/src/The-Barn-Challenge-Ros2/experiment_runs/fault_campaigns/lidar_dropout_tuned_clean_campaign2/worlds/world_086/meta/world_086_fault_r001.json,2026-08-04T12:55:00.792454,2026-08-04T12:59:57.561952
lidar_dropout_tuned_clean,lidar_dropout,86,1,baseline,1,True,valid,succeeded,244.9473,0,True,False,/home/student24/dissertation/barn_ros2/src/The-Barn-Challenge-Ros2/experiment_runs/fault_campaigns/lidar_dropout_tuned_clean_campaign2/worlds/world_086/logs/world_086_baseline_r001.log,/home/student24/dissertation/barn_ros2/src/The-Barn-Challenge-Ros2/experiment_runs/fault_campaigns/lidar_dropout_tuned_clean_campaign2/worlds/world_086/logs/resource_logs/world_086_baseline_r001.csv,/home/student24/dissertation/barn_ros2/src/The-Barn-Challenge-Ros2/experiment_runs/fault_campaigns/lidar_dropout_tuned_clean_campaign2/worlds/world_086/meta/world_086_baseline_r001.json,2026-08-04T13:00:05.576365,2026-08-04T13:04:55.220721
lidar_dropout_tuned_clean,lidar_dropout,173,1,baseline,1,True,valid,timeout,300.0089,0,True,False,/home/student24/dissertation/barn_ros2/src/The-Barn-Challenge-Ros2/experiment_runs/fault_campaigns/lidar_dropout_tuned_clean_campaign2/worlds/world_173/logs/world_173_baseline_r001.log,/home/student24/dissertation/barn_ros2/src/The-Barn-Challenge-Ros2/experiment_runs/fault_campaigns/lidar_dropout_tuned_clean_campaign2/worlds/world_173/logs/resource_logs/world_173_baseline_r001.csv,/home/student24/dissertation/barn_ros2/src/The-Barn-Challenge-Ros2/experiment_runs/fault_campaigns/lidar_dropout_tuned_clean_campaign2/worlds/world_173/meta/world_173_baseline_r001.json,2026-08-04T13:05:03.444676,2026-08-04T13:10:48.669156
lidar_dropout_tuned_clean,lidar_dropout,173,1,fault,1,True,valid,timeout,300.025,0,True,False,/home/student24/dissertation/barn_ros2/src/The-Barn-Challenge-Ros2/experiment_runs/fault_campaigns/lidar_dropout_tuned_clean_campaign2/worlds/world_173/logs/world_173_fault_r001.log,/home/student24/dissertation/barn_ros2/src/The-Barn-Challenge-Ros2/experiment_runs/fault_campaigns/lidar_dropout_tuned_clean_campaign2/worlds/world_173/logs/resource_logs/world_173_fault_r001.csv,/home/student24/dissertation/barn_ros2/src/The-Barn-Challenge-Ros2/experiment_runs/fault_campaigns/lidar_dropout_tuned_clean_campaign2/worlds/world_173/meta/world_173_fault_r001.json,2026-08-04T13:10:56.685609,2026-08-04T13:16:42.603718
lidar_dropout_tuned_clean,lidar_dropout,76,1,fault,1,True,valid,succeeded,232.6019,0,True,False,/home/student24/dissertation/barn_ros2/src/The-Barn-Challenge-Ros2/experiment_runs/fault_campaigns/lidar_dropout_tuned_clean_campaign2/worlds/world_076/logs/world_076_fault_r001.log,/home/student24/dissertation/barn_ros2/src/The-Barn-Challenge-Ros2/experiment_runs/fault_campaigns/lidar_dropout_tuned_clean_campaign2/worlds/world_076/logs/resource_logs/world_076_fault_r001.csv,/home/student24/dissertation/barn_ros2/src/The-Barn-Challenge-Ros2/experiment_runs/fault_campaigns/lidar_dropout_tuned_clean_campaign2/worlds/world_076/meta/world_076_fault_r001.json,2026-08-04T13:16:50.976487,2026-08-04T13:21:27.752497
lidar_dropout_tuned_clean,lidar_dropout,76,1,baseline,1,True,valid,succeeded,227.2953,0,True,False,/home/student24/dissertation/barn_ros2/src/The-Barn-Challenge-Ros2/experiment_runs/fault_campaigns/lidar_dropout_tuned_clean_campaign2/worlds/world_076/logs/world_076_baseline_r001.log,/home/student24/dissertation/barn_ros2/src/The-Barn-Challenge-Ros2/experiment_runs/fault_campaigns/lidar_dropout_tuned_clean_campaign2/worlds/world_076/logs/resource_logs/world_076_baseline_r001.csv,/home/student24/dissertation/barn_ros2/src/The-Barn-Challenge-Ros2/experiment_runs/fault_campaigns/lidar_dropout_tuned_clean_campaign2/worlds/world_076/meta/world_076_baseline_r001.json,2026-08-04T13:21:35.770439,2026-08-04T13:26:06.502706
lidar_dropout_tuned_clean,lidar_dropout,239,1,baseline,1,True,valid,succeeded,274.7034,0,True,False,/home/student24/dissertation/barn_ros2/src/The-Barn-Challenge-Ros2/experiment_runs/fault_campaigns/lidar_dropout_tuned_clean_campaign2/worlds/world_239/logs/world_239_baseline_r001.log,/home/student24/dissertation/barn_ros2/src/The-Barn-Challenge-Ros2/experiment_runs/fault_campaigns/lidar_dropout_tuned_clean_campaign2/worlds/world_239/logs/resource_logs/world_239_baseline_r001.csv,/home/student24/dissertation/barn_ros2/src/The-Barn-Challenge-Ros2/experiment_runs/fault_campaigns/lidar_dropout_tuned_clean_campaign2/worlds/world_239/meta/world_239_baseline_r001.json,2026-08-04T13:26:14.839044,2026-08-04T13:31:32.299952
lidar_dropout_tuned_clean,lidar_dropout,239,1,fault,1,True,valid,succeeded,285.2539,0,True,False,/home/student24/dissertation/barn_ros2/src/The-Barn-Challenge-Ros2/experiment_runs/fault_campaigns/lidar_dropout_tuned_clean_campaign2/worlds/world_239/logs/world_239_fault_r001.log,/home/student24/dissertation/barn_ros2/src/The-Barn-Challenge-Ros2/experiment_runs/fault_campaigns/lidar_dropout_tuned_clean_campaign2/worlds/world_239/logs/resource_logs/world_239_fault_r001.csv,/home/student24/dissertation/barn_ros2/src/The-Barn-Challenge-Ros2/experiment_runs/fault_campaigns/lidar_dropout_tuned_clean_campaign2/worlds/world_239/meta/world_239_fault_r001.json,2026-08-04T13:31:40.315220,2026-08-04T13:37:12.727119
lidar_dropout_tuned_clean,lidar_dropout,250,1,fault,1,True,valid,timeout,300.0068,0,True,False,/home/student24/dissertation/barn_ros2/src/The-Barn-Challenge-Ros2/experiment_runs/fault_campaigns/lidar_dropout_tuned_clean_campaign2/worlds/world_250/logs/world_250_fault_r001.log,/home/student24/dissertation/barn_ros2/src/The-Barn-Challenge-Ros2/experiment_runs/fault_campaigns/lidar_dropout_tuned_clean_campaign2/worlds/world_250/logs/resource_logs/world_250_fault_r001.csv,/home/student24/dissertation/barn_ros2/src/The-Barn-Challenge-Ros2/experiment_runs/fault_campaigns/lidar_dropout_tuned_clean_campaign2/worlds/world_250/meta/world_250_fault_r001.json,2026-08-04T13:37:21.161589,2026-08-04T13:43:08.291385
lidar_dropout_tuned_clean,lidar_dropout,250,1,baseline,1,False,nonzero_returncode,unknown,nan,124,False,True,/home/student24/dissertation/barn_ros2/src/The-Barn-Challenge-Ros2/experiment_runs/fault_campaigns/lidar_dropout_tuned_clean_campaign2/worlds/world_250/logs/world_250_baseline_r001.log,/home/student24/dissertation/barn_ros2/src/The-Barn-Challenge-Ros2/experiment_runs/fault_campaigns/lidar_dropout_tuned_clean_campaign2/worlds/world_250/logs/resource_logs/world_250_baseline_r001.csv,/home/student24/dissertation/barn_ros2/src/The-Barn-Challenge-Ros2/experiment_runs/fault_campaigns/lidar_dropout_tuned_clean_campaign2/worlds/world_250/meta/world_250_baseline_r001.json,2026-08-04T13:43:16.302791,2026-08-04T13:51:46.638340
lidar_dropout_tuned_clean,lidar_dropout,250,1,baseline,2,True,valid,timeout,300.0155,0,True,False,/home/student24/dissertation/barn_ros2/src/The-Barn-Challenge-Ros2/experiment_runs/fault_campaigns/lidar_dropout_tuned_clean_campaign2/worlds/world_250/logs/world_250_baseline_r001.log,/home/student24/dissertation/barn_ros2/src/The-Barn-Challenge-Ros2/experiment_runs/fault_campaigns/lidar_dropout_tuned_clean_campaign2/worlds/world_250/logs/resource_logs/world_250_baseline_r001.csv,/home/student24/dissertation/barn_ros2/src/The-Barn-Challenge-Ros2/experiment_runs/fault_campaigns/lidar_dropout_tuned_clean_campaign2/worlds/world_250/meta/world_250_baseline_r001.json,2026-08-04T13:59:18.760874,2026-08-04T14:05:04.963462
lidar_dropout_tuned_clean,lidar_dropout,240,2,fault,1,True,valid,succeeded,222.3398,0,True,False,/home/student24/dissertation/barn_ros2/src/The-Barn-Challenge-Ros2/experiment_runs/fault_campaigns/lidar_dropout_tuned_clean_campaign2/worlds/world_240/logs/world_240_fault_r002.log,/home/student24/dissertation/barn_ros2/src/The-Barn-Challenge-Ros2/experiment_runs/fault_campaigns/lidar_dropout_tuned_clean_campaign2/worlds/world_240/logs/resource_logs/world_240_fault_r002.csv,/home/student24/dissertation/barn_ros2/src/The-Barn-Challenge-Ros2/experiment_runs/fault_campaigns/lidar_dropout_tuned_clean_campaign2/worlds/world_240/meta/world_240_fault_r002.json,2026-08-04T14:05:13.428476,2026-08-04T14:09:39.873870
lidar_dropout_tuned_clean,lidar_dropout,240,2,baseline,1,True,valid,succeeded,208.8547,0,True,False,/home/student24/dissertation/barn_ros2/src/The-Barn-Challenge-Ros2/experiment_runs/fault_campaigns/lidar_dropout_tuned_clean_campaign2/worlds/world_240/logs/world_240_baseline_r002.log,/home/student24/dissertation/barn_ros2/src/The-Barn-Challenge-Ros2/experiment_runs/fault_campaigns/lidar_dropout_tuned_clean_campaign2/worlds/world_240/logs/resource_logs/world_240_baseline_r002.csv,/home/student24/dissertation/barn_ros2/src/The-Barn-Challenge-Ros2/experiment_runs/fault_campaigns/lidar_dropout_tuned_clean_campaign2/worlds/world_240/meta/world_240_baseline_r002.json,2026-08-04T14:09:47.891697,2026-08-04T14:13:59.175746
lidar_dropout_tuned_clean,lidar_dropout,274,2,fault,1,True,valid,succeeded,221.7008,0,True,False,/home/student24/dissertation/barn_ros2/src/The-Barn-Challenge-Ros2/experiment_runs/fault_campaigns/lidar_dropout_tuned_clean_campaign2/worlds/world_274/logs/world_274_fault_r002.log,/home/student24/dissertation/barn_ros2/src/The-Barn-Challenge-Ros2/experiment_runs/fault_campaigns/lidar_dropout_tuned_clean_campaign2/worlds/world_274/logs/resource_logs/world_274_fault_r002.csv,/home/student24/dissertation/barn_ros2/src/The-Barn-Challenge-Ros2/experiment_runs/fault_campaigns/lidar_dropout_tuned_clean_campaign2/worlds/world_274/meta/world_274_fault_r002.json,2026-08-04T14:14:07.639304,2026-08-04T14:18:32.082043
lidar_dropout_tuned_clean,lidar_dropout,274,2,baseline,1,True,valid,succeeded,214.0715,0,True,False,/home/student24/dissertation/barn_ros2/src/The-Barn-Challenge-Ros2/experiment_runs/fault_campaigns/lidar_dropout_tuned_clean_campaign2/worlds/world_274/logs/world_274_baseline_r002.log,/home/student24/dissertation/barn_ros2/src/The-Barn-Challenge-Ros2/experiment_runs/fault_campaigns/lidar_dropout_tuned_clean_campaign2/worlds/world_274/logs/resource_logs/world_274_baseline_r002.csv,/home/student24/dissertation/barn_ros2/src/The-Barn-Challenge-Ros2/experiment_runs/fault_campaigns/lidar_dropout_tuned_clean_campaign2/worlds/world_274/meta/world_274_baseline_r002.json,2026-08-04T14:18:40.097847,2026-08-04T14:22:55.767239
lidar_dropout_tuned_clean,lidar_dropout,94,2,baseline,1,True,valid,succeeded,229.8168,0,True,False,/home/student24/dissertation/barn_ros2/src/The-Barn-Challenge-Ros2/experiment_runs/fault_campaigns/lidar_dropout_tuned_clean_campaign2/worlds/world_094/logs/world_094_baseline_r002.log,/home/student24/dissertation/barn_ros2/src/The-Barn-Challenge-Ros2/experiment_runs/fault_campaigns/lidar_dropout_tuned_clean_campaign2/worlds/world_094/logs/resource_logs/world_094_baseline_r002.csv,/home/student24/dissertation/barn_ros2/src/The-Barn-Challenge-Ros2/experiment_runs/fault_campaigns/lidar_dropout_tuned_clean_campaign2/worlds/world_094/meta/world_094_baseline_r002.json,2026-08-04T14:23:04.317281,2026-08-04T14:27:34.955689
lidar_dropout_tuned_clean,lidar_dropout,94,2,fault,1,True,valid,succeeded,250.1282,0,True,False,/home/student24/dissertation/barn_ros2/src/The-Barn-Challenge-Ros2/experiment_runs/fault_campaigns/lidar_dropout_tuned_clean_campaign2/worlds/world_094/logs/world_094_fault_r002.log,/home/student24/dissertation/barn_ros2/src/The-Barn-Challenge-Ros2/experiment_runs/fault_campaigns/lidar_dropout_tuned_clean_campaign2/worlds/world_094/logs/resource_logs/world_094_fault_r002.csv,/home/student24/dissertation/barn_ros2/src/The-Barn-Challenge-Ros2/experiment_runs/fault_campaigns/lidar_dropout_tuned_clean_campaign2/worlds/world_094/meta/world_094_fault_r002.json,2026-08-04T14:27:42.969401,2026-08-04T14:32:35.041608
lidar_dropout_tuned_clean,lidar_dropout,8,2,fault,1,True,valid,succeeded,205.9458,0,True,False,/home/student24/dissertation/barn_ros2/src/The-Barn-Challenge-Ros2/experiment_runs/fault_campaigns/lidar_dropout_tuned_clean_campaign2/worlds/world_008/logs/world_008_fault_r002.log,/home/student24/dissertation/barn_ros2/src/The-Barn-Challenge-Ros2/experiment_runs/fault_campaigns/lidar_dropout_tuned_clean_campaign2/worlds/world_008/logs/resource_logs/world_008_fault_r002.csv,/home/student24/dissertation/barn_ros2/src/The-Barn-Challenge-Ros2/experiment_runs/fault_campaigns/lidar_dropout_tuned_clean_campaign2/worlds/world_008/meta/world_008_fault_r002.json,2026-08-04T14:32:43.594479,2026-08-04T14:37:01.747817
lidar_dropout_tuned_clean,lidar_dropout,8,2,baseline,1,True,valid,succeeded,196.0094,0,True,False,/home/student24/dissertation/barn_ros2/src/The-Barn-Challenge-Ros2/experiment_runs/fault_campaigns/lidar_dropout_tuned_clean_campaign2/worlds/world_008/logs/world_008_baseline_r002.log,/home/student24/dissertation/barn_ros2/src/The-Barn-Challenge-Ros2/experiment_runs/fault_campaigns/lidar_dropout_tuned_clean_campaign2/worlds/world_008/logs/resource_logs/world_008_baseline_r002.csv,/home/student24/dissertation/barn_ros2/src/The-Barn-Challenge-Ros2/experiment_runs/fault_campaigns/lidar_dropout_tuned_clean_campaign2/worlds/world_008/meta/world_008_baseline_r002.json,2026-08-04T14:37:09.759420,2026-08-04T14:41:09.396577
lidar_dropout_tuned_clean,lidar_dropout,86,2,fault,1,True,valid,succeeded,249.5223,0,True,False,/home/student24/dissertation/barn_ros2/src/The-Barn-Challenge-Ros2/experiment_runs/fault_campaigns/lidar_dropout_tuned_clean_campaign2/worlds/world_086/logs/world_086_fault_r002.log,/home/student24/dissertation/barn_ros2/src/The-Barn-Challenge-Ros2/experiment_runs/fault_campaigns/lidar_dropout_tuned_clean_campaign2/worlds/world_086/logs/resource_logs/world_086_fault_r002.csv,/home/student24/dissertation/barn_ros2/src/The-Barn-Challenge-Ros2/experiment_runs/fault_campaigns/lidar_dropout_tuned_clean_campaign2/worlds/world_086/meta/world_086_fault_r002.json,2026-08-04T14:41:18.035510,2026-08-04T14:46:10.913628
lidar_dropout_tuned_clean,lidar_dropout,86,2,baseline,1,True,valid,succeeded,247.0888,0,True,False,/home/student24/dissertation/barn_ros2/src/The-Barn-Challenge-Ros2/experiment_runs/fault_campaigns/lidar_dropout_tuned_clean_campaign2/worlds/world_086/logs/world_086_baseline_r002.log,/home/student24/dissertation/barn_ros2/src/The-Barn-Challenge-Ros2/experiment_runs/fault_campaigns/lidar_dropout_tuned_clean_campaign2/worlds/world_086/logs/resource_logs/world_086_baseline_r002.csv,/home/student24/dissertation/barn_ros2/src/The-Barn-Challenge-Ros2/experiment_runs/fault_campaigns/lidar_dropout_tuned_clean_campaign2/worlds/world_086/meta/world_086_baseline_r002.json,2026-08-04T14:46:18.927802,2026-08-04T14:51:09.598820
lidar_dropout_tuned_clean,lidar_dropout,173,2,baseline,1,True,valid,timeout,300.0096,0,True,False,/home/student24/dissertation/barn_ros2/src/The-Barn-Challenge-Ros2/experiment_runs/fault_campaigns/lidar_dropout_tuned_clean_campaign2/worlds/world_173/logs/world_173_baseline_r002.log,/home/student24/dissertation/barn_ros2/src/The-Barn-Challenge-Ros2/experiment_runs/fault_campaigns/lidar_dropout_tuned_clean_campaign2/worlds/world_173/logs/resource_logs/world_173_baseline_r002.csv,/home/student24/dissertation/barn_ros2/src/The-Barn-Challenge-Ros2/experiment_runs/fault_campaigns/lidar_dropout_tuned_clean_campaign2/worlds/world_173/meta/world_173_baseline_r002.json,2026-08-04T14:51:18.265152,2026-08-04T14:57:03.998769
lidar_dropout_tuned_clean,lidar_dropout,173,2,fault,1,True,valid,timeout,300.0098,0,True,False,/home/student24/dissertation/barn_ros2/src/The-Barn-Challenge-Ros2/experiment_runs/fault_campaigns/lidar_dropout_tuned_clean_campaign2/worlds/world_173/logs/world_173_fault_r002.log,/home/student24/dissertation/barn_ros2/src/The-Barn-Challenge-Ros2/experiment_runs/fault_campaigns/lidar_dropout_tuned_clean_campaign2/worlds/world_173/logs/resource_logs/world_173_fault_r002.csv,/home/student24/dissertation/barn_ros2/src/The-Barn-Challenge-Ros2/experiment_runs/fault_campaigns/lidar_dropout_tuned_clean_campaign2/worlds/world_173/meta/world_173_fault_r002.json,2026-08-04T14:57:12.014051,2026-08-04T15:02:59.210406
lidar_dropout_tuned_clean,lidar_dropout,76,2,fault,1,True,valid,succeeded,228.5307,0,True,False,/home/student24/dissertation/barn_ros2/src/The-Barn-Challenge-Ros2/experiment_runs/fault_campaigns/lidar_dropout_tuned_clean_campaign2/worlds/world_076/logs/world_076_fault_r002.log,/home/student24/dissertation/barn_ros2/src/The-Barn-Challenge-Ros2/experiment_runs/fault_campaigns/lidar_dropout_tuned_clean_campaign2/worlds/world_076/logs/resource_logs/world_076_fault_r002.csv,/home/student24/dissertation/barn_ros2/src/The-Barn-Challenge-Ros2/experiment_runs/fault_campaigns/lidar_dropout_tuned_clean_campaign2/worlds/world_076/meta/world_076_fault_r002.json,2026-08-04T15:03:07.923711,2026-08-04T15:07:40.523544
lidar_dropout_tuned_clean,lidar_dropout,76,2,baseline,1,False,nonzero_returncode,unknown,nan,124,False,True,/home/student24/dissertation/barn_ros2/src/The-Barn-Challenge-Ros2/experiment_runs/fault_campaigns/lidar_dropout_tuned_clean_campaign2/worlds/world_076/logs/world_076_baseline_r002.log,/home/student24/dissertation/barn_ros2/src/The-Barn-Challenge-Ros2/experiment_runs/fault_campaigns/lidar_dropout_tuned_clean_campaign2/worlds/world_076/logs/resource_logs/world_076_baseline_r002.csv,/home/student24/dissertation/barn_ros2/src/The-Barn-Challenge-Ros2/experiment_runs/fault_campaigns/lidar_dropout_tuned_clean_campaign2/worlds/world_076/meta/world_076_baseline_r002.json,2026-08-04T15:07:48.543921,2026-08-04T15:16:18.964098
lidar_dropout_tuned_clean,lidar_dropout,239,2,fault,1,True,valid,timeout,300.0145,0,True,False,/home/student24/dissertation/barn_ros2/src/The-Barn-Challenge-Ros2/experiment_runs/fault_campaigns/lidar_dropout_tuned_clean_campaign2/worlds/world_239/logs/world_239_fault_r002.log,/home/student24/dissertation/barn_ros2/src/The-Barn-Challenge-Ros2/experiment_runs/fault_campaigns/lidar_dropout_tuned_clean_campaign2/worlds/world_239/logs/resource_logs/world_239_fault_r002.csv,/home/student24/dissertation/barn_ros2/src/The-Barn-Challenge-Ros2/experiment_runs/fault_campaigns/lidar_dropout_tuned_clean_campaign2/worlds/world_239/meta/world_239_fault_r002.json,2026-08-04T15:16:19.705761,2026-08-04T15:22:03.485429
lidar_dropout_tuned_clean,lidar_dropout,239,2,baseline,1,True,valid,timeout,300.0186,0,True,False,/home/student24/dissertation/barn_ros2/src/The-Barn-Challenge-Ros2/experiment_runs/fault_campaigns/lidar_dropout_tuned_clean_campaign2/worlds/world_239/logs/world_239_baseline_r002.log,/home/student24/dissertation/barn_ros2/src/The-Barn-Challenge-Ros2/experiment_runs/fault_campaigns/lidar_dropout_tuned_clean_campaign2/worlds/world_239/logs/resource_logs/world_239_baseline_r002.csv,/home/student24/dissertation/barn_ros2/src/The-Barn-Challenge-Ros2/experiment_runs/fault_campaigns/lidar_dropout_tuned_clean_campaign2/worlds/world_239/meta/world_239_baseline_r002.json,2026-08-04T15:22:11.498544,2026-08-04T15:27:55.524414
lidar_dropout_tuned_clean,lidar_dropout,250,2,fault,1,True,valid,timeout,300.0214,0,True,False,/home/student24/dissertation/barn_ros2/src/The-Barn-Challenge-Ros2/experiment_runs/fault_campaigns/lidar_dropout_tuned_clean_campaign2/worlds/world_250/logs/world_250_fault_r002.log,/home/student24/dissertation/barn_ros2/src/The-Barn-Challenge-Ros2/experiment_runs/fault_campaigns/lidar_dropout_tuned_clean_campaign2/worlds/world_250/logs/resource_logs/world_250_fault_r002.csv,/home/student24/dissertation/barn_ros2/src/The-Barn-Challenge-Ros2/experiment_runs/fault_campaigns/lidar_dropout_tuned_clean_campaign2/worlds/world_250/meta/world_250_fault_r002.json,2026-08-04T15:28:04.422595,2026-08-04T15:33:58.800437
lidar_dropout_tuned_clean,lidar_dropout,250,2,baseline,1,True,valid,timeout,300.0129,0,True,False,/home/student24/dissertation/barn_ros2/src/The-Barn-Challenge-Ros2/experiment_runs/fault_campaigns/lidar_dropout_tuned_clean_campaign2/worlds/world_250/logs/world_250_baseline_r002.log,/home/student24/dissertation/barn_ros2/src/The-Barn-Challenge-Ros2/experiment_runs/fault_campaigns/lidar_dropout_tuned_clean_campaign2/worlds/world_250/logs/resource_logs/world_250_baseline_r002.csv,/home/student24/dissertation/barn_ros2/src/The-Barn-Challenge-Ros2/experiment_runs/fault_campaigns/lidar_dropout_tuned_clean_campaign2/worlds/world_250/meta/world_250_baseline_r002.json,2026-08-04T15:34:06.819568,2026-08-04T15:40:01.876070
lidar_dropout_tuned_clean,lidar_dropout,76,2,baseline,2,True,valid,succeeded,226.3856,0,True,False,/home/student24/dissertation/barn_ros2/src/The-Barn-Challenge-Ros2/experiment_runs/fault_campaigns/lidar_dropout_tuned_clean_campaign2/worlds/world_076/logs/world_076_baseline_r002.log,/home/student24/dissertation/barn_ros2/src/The-Barn-Challenge-Ros2/experiment_runs/fault_campaigns/lidar_dropout_tuned_clean_campaign2/worlds/world_076/logs/resource_logs/world_076_baseline_r002.csv,/home/student24/dissertation/barn_ros2/src/The-Barn-Challenge-Ros2/experiment_runs/fault_campaigns/lidar_dropout_tuned_clean_campaign2/worlds/world_076/meta/world_076_baseline_r002.json,2026-08-04T15:53:08.410272,2026-08-04T15:57:37.136438
lidar_dropout_tuned_clean,lidar_dropout,240,3,fault,1,True,valid,succeeded,219.7199,0,True,False,/home/student24/dissertation/barn_ros2/src/The-Barn-Challenge-Ros2/experiment_runs/fault_campaigns/lidar_dropout_tuned_clean_campaign2/worlds/world_240/logs/world_240_fault_r003.log,/home/student24/dissertation/barn_ros2/src/The-Barn-Challenge-Ros2/experiment_runs/fault_campaigns/lidar_dropout_tuned_clean_campaign2/worlds/world_240/logs/resource_logs/world_240_fault_r003.csv,/home/student24/dissertation/barn_ros2/src/The-Barn-Challenge-Ros2/experiment_runs/fault_campaigns/lidar_dropout_tuned_clean_campaign2/worlds/world_240/meta/world_240_fault_r003.json,2026-08-04T15:57:47.880207,2026-08-04T16:02:11.899681
lidar_dropout_tuned_clean,lidar_dropout,240,3,baseline,1,True,valid,succeeded,211.3685,0,True,False,/home/student24/dissertation/barn_ros2/src/The-Barn-Challenge-Ros2/experiment_runs/fault_campaigns/lidar_dropout_tuned_clean_campaign2/worlds/world_240/logs/world_240_baseline_r003.log,/home/student24/dissertation/barn_ros2/src/The-Barn-Challenge-Ros2/experiment_runs/fault_campaigns/lidar_dropout_tuned_clean_campaign2/worlds/world_240/logs/resource_logs/world_240_baseline_r003.csv,/home/student24/dissertation/barn_ros2/src/The-Barn-Challenge-Ros2/experiment_runs/fault_campaigns/lidar_dropout_tuned_clean_campaign2/worlds/world_240/meta/world_240_baseline_r003.json,2026-08-04T16:02:19.919525,2026-08-04T16:06:35.922527
lidar_dropout_tuned_clean,lidar_dropout,274,3,fault,1,True,valid,succeeded,226.5947,0,True,False,/home/student24/dissertation/barn_ros2/src/The-Barn-Challenge-Ros2/experiment_runs/fault_campaigns/lidar_dropout_tuned_clean_campaign2/worlds/world_274/logs/world_274_fault_r003.log,/home/student24/dissertation/barn_ros2/src/The-Barn-Challenge-Ros2/experiment_runs/fault_campaigns/lidar_dropout_tuned_clean_campaign2/worlds/world_274/logs/resource_logs/world_274_fault_r003.csv,/home/student24/dissertation/barn_ros2/src/The-Barn-Challenge-Ros2/experiment_runs/fault_campaigns/lidar_dropout_tuned_clean_campaign2/worlds/world_274/meta/world_274_fault_r003.json,2026-08-04T16:06:44.845801,2026-08-04T16:11:24.916125
lidar_dropout_tuned_clean,lidar_dropout,274,3,baseline,1,True,valid,succeeded,215.3951,0,True,False,/home/student24/dissertation/barn_ros2/src/The-Barn-Challenge-Ros2/experiment_runs/fault_campaigns/lidar_dropout_tuned_clean_campaign2/worlds/world_274/logs/world_274_baseline_r003.log,/home/student24/dissertation/barn_ros2/src/The-Barn-Challenge-Ros2/experiment_runs/fault_campaigns/lidar_dropout_tuned_clean_campaign2/worlds/world_274/logs/resource_logs/world_274_baseline_r003.csv,/home/student24/dissertation/barn_ros2/src/The-Barn-Challenge-Ros2/experiment_runs/fault_campaigns/lidar_dropout_tuned_clean_campaign2/worlds/world_274/meta/world_274_baseline_r003.json,2026-08-04T16:11:32.936550,2026-08-04T16:15:51.359873
lidar_dropout_tuned_clean,lidar_dropout,94,3,baseline,1,True,valid,succeeded,229.5912,0,True,False,/home/student24/dissertation/barn_ros2/src/The-Barn-Challenge-Ros2/experiment_runs/fault_campaigns/lidar_dropout_tuned_clean_campaign2/worlds/world_094/logs/world_094_baseline_r003.log,/home/student24/dissertation/barn_ros2/src/The-Barn-Challenge-Ros2/experiment_runs/fault_campaigns/lidar_dropout_tuned_clean_campaign2/worlds/world_094/logs/resource_logs/world_094_baseline_r003.csv,/home/student24/dissertation/barn_ros2/src/The-Barn-Challenge-Ros2/experiment_runs/fault_campaigns/lidar_dropout_tuned_clean_campaign2/worlds/world_094/meta/world_094_baseline_r003.json,2026-08-04T16:16:00.387178,2026-08-04T16:20:30.910412
lidar_dropout_tuned_clean,lidar_dropout,94,3,fault,1,True,valid,succeeded,244.8271,0,True,False,/home/student24/dissertation/barn_ros2/src/The-Barn-Challenge-Ros2/experiment_runs/fault_campaigns/lidar_dropout_tuned_clean_campaign2/worlds/world_094/logs/world_094_fault_r003.log,/home/student24/dissertation/barn_ros2/src/The-Barn-Challenge-Ros2/experiment_runs/fault_campaigns/lidar_dropout_tuned_clean_campaign2/worlds/world_094/logs/resource_logs/world_094_fault_r003.csv,/home/student24/dissertation/barn_ros2/src/The-Barn-Challenge-Ros2/experiment_runs/fault_campaigns/lidar_dropout_tuned_clean_campaign2/worlds/world_094/meta/world_094_fault_r003.json,2026-08-04T16:20:38.926303,2026-08-04T16:25:27.417606
lidar_dropout_tuned_clean,lidar_dropout,8,3,baseline,1,True,valid,succeeded,199.6984,0,True,False,/home/student24/dissertation/barn_ros2/src/The-Barn-Challenge-Ros2/experiment_runs/fault_campaigns/lidar_dropout_tuned_clean_campaign2/worlds/world_008/logs/world_008_baseline_r003.log,/home/student24/dissertation/barn_ros2/src/The-Barn-Challenge-Ros2/experiment_runs/fault_campaigns/lidar_dropout_tuned_clean_campaign2/worlds/world_008/logs/resource_logs/world_008_baseline_r003.csv,/home/student24/dissertation/barn_ros2/src/The-Barn-Challenge-Ros2/experiment_runs/fault_campaigns/lidar_dropout_tuned_clean_campaign2/worlds/world_008/meta/world_008_baseline_r003.json,2026-08-04T16:25:36.397359,2026-08-04T16:29:40.483032
lidar_dropout_tuned_clean,lidar_dropout,8,3,fault,1,False,nonzero_returncode,unknown,nan,124,False,True,/home/student24/dissertation/barn_ros2/src/The-Barn-Challenge-Ros2/experiment_runs/fault_campaigns/lidar_dropout_tuned_clean_campaign2/worlds/world_008/logs/world_008_fault_r003.log,/home/student24/dissertation/barn_ros2/src/The-Barn-Challenge-Ros2/experiment_runs/fault_campaigns/lidar_dropout_tuned_clean_campaign2/worlds/world_008/logs/resource_logs/world_008_fault_r003.csv,/home/student24/dissertation/barn_ros2/src/The-Barn-Challenge-Ros2/experiment_runs/fault_campaigns/lidar_dropout_tuned_clean_campaign2/worlds/world_008/meta/world_008_fault_r003.json,2026-08-04T16:29:48.502234,2026-08-04T16:38:18.965577
lidar_dropout_tuned_clean,lidar_dropout,86,3,fault,1,True,valid,succeeded,249.4809,0,True,False,/home/student24/dissertation/barn_ros2/src/The-Barn-Challenge-Ros2/experiment_runs/fault_campaigns/lidar_dropout_tuned_clean_campaign2/worlds/world_086/logs/world_086_fault_r003.log,/home/student24/dissertation/barn_ros2/src/The-Barn-Challenge-Ros2/experiment_runs/fault_campaigns/lidar_dropout_tuned_clean_campaign2/worlds/world_086/logs/resource_logs/world_086_fault_r003.csv,/home/student24/dissertation/barn_ros2/src/The-Barn-Challenge-Ros2/experiment_runs/fault_campaigns/lidar_dropout_tuned_clean_campaign2/worlds/world_086/meta/world_086_fault_r003.json,2026-08-04T16:38:19.948028,2026-08-04T16:43:11.663564
lidar_dropout_tuned_clean,lidar_dropout,86,3,baseline,1,True,valid,succeeded,248.8478,0,True,False,/home/student24/dissertation/barn_ros2/src/The-Barn-Challenge-Ros2/experiment_runs/fault_campaigns/lidar_dropout_tuned_clean_campaign2/worlds/world_086/logs/world_086_baseline_r003.log,/home/student24/dissertation/barn_ros2/src/The-Barn-Challenge-Ros2/experiment_runs/fault_campaigns/lidar_dropout_tuned_clean_campaign2/worlds/world_086/logs/resource_logs/world_086_baseline_r003.csv,/home/student24/dissertation/barn_ros2/src/The-Barn-Challenge-Ros2/experiment_runs/fault_campaigns/lidar_dropout_tuned_clean_campaign2/worlds/world_086/meta/world_086_baseline_r003.json,2026-08-04T16:43:19.679884,2026-08-04T16:48:11.917158
lidar_dropout_tuned_clean,lidar_dropout,173,3,baseline,1,True,valid,timeout,300.0063,0,True,False,/home/student24/dissertation/barn_ros2/src/The-Barn-Challenge-Ros2/experiment_runs/fault_campaigns/lidar_dropout_tuned_clean_campaign2/worlds/world_173/logs/world_173_baseline_r003.log,/home/student24/dissertation/barn_ros2/src/The-Barn-Challenge-Ros2/experiment_runs/fault_campaigns/lidar_dropout_tuned_clean_campaign2/worlds/world_173/logs/resource_logs/world_173_baseline_r003.csv,/home/student24/dissertation/barn_ros2/src/The-Barn-Challenge-Ros2/experiment_runs/fault_campaigns/lidar_dropout_tuned_clean_campaign2/worlds/world_173/meta/world_173_baseline_r003.json,2026-08-04T16:48:20.931482,2026-08-04T16:54:07.264532
lidar_dropout_tuned_clean,lidar_dropout,173,3,fault,1,True,valid,timeout,300.0164,0,True,False,/home/student24/dissertation/barn_ros2/src/The-Barn-Challenge-Ros2/experiment_runs/fault_campaigns/lidar_dropout_tuned_clean_campaign2/worlds/world_173/logs/world_173_fault_r003.log,/home/student24/dissertation/barn_ros2/src/The-Barn-Challenge-Ros2/experiment_runs/fault_campaigns/lidar_dropout_tuned_clean_campaign2/worlds/world_173/logs/resource_logs/world_173_fault_r003.csv,/home/student24/dissertation/barn_ros2/src/The-Barn-Challenge-Ros2/experiment_runs/fault_campaigns/lidar_dropout_tuned_clean_campaign2/worlds/world_173/meta/world_173_fault_r003.json,2026-08-04T16:54:15.277600,2026-08-04T17:00:01.676887
lidar_dropout_tuned_clean,lidar_dropout,76,3,baseline,1,True,valid,collided,36.3175,0,True,False,/home/student24/dissertation/barn_ros2/src/The-Barn-Challenge-Ros2/experiment_runs/fault_campaigns/lidar_dropout_tuned_clean_campaign2/worlds/world_076/logs/world_076_baseline_r003.log,/home/student24/dissertation/barn_ros2/src/The-Barn-Challenge-Ros2/experiment_runs/fault_campaigns/lidar_dropout_tuned_clean_campaign2/worlds/world_076/logs/resource_logs/world_076_baseline_r003.csv,/home/student24/dissertation/barn_ros2/src/The-Barn-Challenge-Ros2/experiment_runs/fault_campaigns/lidar_dropout_tuned_clean_campaign2/worlds/world_076/meta/world_076_baseline_r003.json,2026-08-04T17:00:10.813525,2026-08-04T17:01:37.633130
lidar_dropout_tuned_clean,lidar_dropout,76,3,fault,1,True,valid,succeeded,231.6212,0,True,False,/home/student24/dissertation/barn_ros2/src/The-Barn-Challenge-Ros2/experiment_runs/fault_campaigns/lidar_dropout_tuned_clean_campaign2/worlds/world_076/logs/world_076_fault_r003.log,/home/student24/dissertation/barn_ros2/src/The-Barn-Challenge-Ros2/experiment_runs/fault_campaigns/lidar_dropout_tuned_clean_campaign2/worlds/world_076/logs/resource_logs/world_076_fault_r003.csv,/home/student24/dissertation/barn_ros2/src/The-Barn-Challenge-Ros2/experiment_runs/fault_campaigns/lidar_dropout_tuned_clean_campaign2/worlds/world_076/meta/world_076_fault_r003.json,2026-08-04T17:01:45.653336,2026-08-04T17:06:20.104155
lidar_dropout_tuned_clean,lidar_dropout,239,3,baseline,1,True,valid,timeout,300.0033,0,True,False,/home/student24/dissertation/barn_ros2/src/The-Barn-Challenge-Ros2/experiment_runs/fault_campaigns/lidar_dropout_tuned_clean_campaign2/worlds/world_239/logs/world_239_baseline_r003.log,/home/student24/dissertation/barn_ros2/src/The-Barn-Challenge-Ros2/experiment_runs/fault_campaigns/lidar_dropout_tuned_clean_campaign2/worlds/world_239/logs/resource_logs/world_239_baseline_r003.csv,/home/student24/dissertation/barn_ros2/src/The-Barn-Challenge-Ros2/experiment_runs/fault_campaigns/lidar_dropout_tuned_clean_campaign2/worlds/world_239/meta/world_239_baseline_r003.json,2026-08-04T17:06:29.265574,2026-08-04T17:12:12.216794
lidar_dropout_tuned_clean,lidar_dropout,239,3,fault,1,True,valid,timeout,300.0204,0,True,False,/home/student24/dissertation/barn_ros2/src/The-Barn-Challenge-Ros2/experiment_runs/fault_campaigns/lidar_dropout_tuned_clean_campaign2/worlds/world_239/logs/world_239_fault_r003.log,/home/student24/dissertation/barn_ros2/src/The-Barn-Challenge-Ros2/experiment_runs/fault_campaigns/lidar_dropout_tuned_clean_campaign2/worlds/world_239/logs/resource_logs/world_239_fault_r003.csv,/home/student24/dissertation/barn_ros2/src/The-Barn-Challenge-Ros2/experiment_runs/fault_campaigns/lidar_dropout_tuned_clean_campaign2/worlds/world_239/meta/world_239_fault_r003.json,2026-08-04T17:12:20.231392,2026-08-04T17:18:03.459575
lidar_dropout_tuned_clean,lidar_dropout,250,3,fault,1,True,valid,timeout,300.0149,0,True,False,/home/student24/dissertation/barn_ros2/src/The-Barn-Challenge-Ros2/experiment_runs/fault_campaigns/lidar_dropout_tuned_clean_campaign2/worlds/world_250/logs/world_250_fault_r003.log,/home/student24/dissertation/barn_ros2/src/The-Barn-Challenge-Ros2/experiment_runs/fault_campaigns/lidar_dropout_tuned_clean_campaign2/worlds/world_250/logs/resource_logs/world_250_fault_r003.csv,/home/student24/dissertation/barn_ros2/src/The-Barn-Challenge-Ros2/experiment_runs/fault_campaigns/lidar_dropout_tuned_clean_campaign2/worlds/world_250/meta/world_250_fault_r003.json,2026-08-04T17:18:12.574849,2026-08-04T17:23:58.633478
lidar_dropout_tuned_clean,lidar_dropout,250,3,baseline,1,True,valid,timeout,300.0118,0,True,False,/home/student24/dissertation/barn_ros2/src/The-Barn-Challenge-Ros2/experiment_runs/fault_campaigns/lidar_dropout_tuned_clean_campaign2/worlds/world_250/logs/world_250_baseline_r003.log,/home/student24/dissertation/barn_ros2/src/The-Barn-Challenge-Ros2/experiment_runs/fault_campaigns/lidar_dropout_tuned_clean_campaign2/worlds/world_250/logs/resource_logs/world_250_baseline_r003.csv,/home/student24/dissertation/barn_ros2/src/The-Barn-Challenge-Ros2/experiment_runs/fault_campaigns/lidar_dropout_tuned_clean_campaign2/worlds/world_250/meta/world_250_baseline_r003.json,2026-08-04T17:24:06.652606,2026-08-04T17:29:56.199409
lidar_dropout_tuned_clean,lidar_dropout,240,4,fault,1,True,valid,succeeded,214.8857,0,True,False,/home/student24/dissertation/barn_ros2/src/The-Barn-Challenge-Ros2/experiment_runs/fault_campaigns/lidar_dropout_tuned_clean_campaign2/worlds/world_240/logs/world_240_fault_r004.log,/home/student24/dissertation/barn_ros2/src/The-Barn-Challenge-Ros2/experiment_runs/fault_campaigns/lidar_dropout_tuned_clean_campaign2/worlds/world_240/logs/resource_logs/world_240_fault_r004.csv,/home/student24/dissertation/barn_ros2/src/The-Barn-Challenge-Ros2/experiment_runs/fault_campaigns/lidar_dropout_tuned_clean_campaign2/worlds/world_240/meta/world_240_fault_r004.json,2026-08-04T17:30:05.394415,2026-08-04T17:34:24.372410
lidar_dropout_tuned_clean,lidar_dropout,240,4,baseline,1,True,valid,succeeded,212.7665,0,True,False,/home/student24/dissertation/barn_ros2/src/The-Barn-Challenge-Ros2/experiment_runs/fault_campaigns/lidar_dropout_tuned_clean_campaign2/worlds/world_240/logs/world_240_baseline_r004.log,/home/student24/dissertation/barn_ros2/src/The-Barn-Challenge-Ros2/experiment_runs/fault_campaigns/lidar_dropout_tuned_clean_campaign2/worlds/world_240/logs/resource_logs/world_240_baseline_r004.csv,/home/student24/dissertation/barn_ros2/src/The-Barn-Challenge-Ros2/experiment_runs/fault_campaigns/lidar_dropout_tuned_clean_campaign2/worlds/world_240/meta/world_240_baseline_r004.json,2026-08-04T17:34:32.387604,2026-08-04T17:38:48.462012
lidar_dropout_tuned_clean,lidar_dropout,274,4,fault,1,True,valid,succeeded,222.9211,0,True,False,/home/student24/dissertation/barn_ros2/src/The-Barn-Challenge-Ros2/experiment_runs/fault_campaigns/lidar_dropout_tuned_clean_campaign2/worlds/world_274/logs/world_274_fault_r004.log,/home/student24/dissertation/barn_ros2/src/The-Barn-Challenge-Ros2/experiment_runs/fault_campaigns/lidar_dropout_tuned_clean_campaign2/worlds/world_274/logs/resource_logs/world_274_fault_r004.csv,/home/student24/dissertation/barn_ros2/src/The-Barn-Challenge-Ros2/experiment_runs/fault_campaigns/lidar_dropout_tuned_clean_campaign2/worlds/world_274/meta/world_274_fault_r004.json,2026-08-04T17:38:57.686300,2026-08-04T17:43:23.423612
lidar_dropout_tuned_clean,lidar_dropout,274,4,baseline,1,True,valid,succeeded,213.9751,0,True,False,/home/student24/dissertation/barn_ros2/src/The-Barn-Challenge-Ros2/experiment_runs/fault_campaigns/lidar_dropout_tuned_clean_campaign2/worlds/world_274/logs/world_274_baseline_r004.log,/home/student24/dissertation/barn_ros2/src/The-Barn-Challenge-Ros2/experiment_runs/fault_campaigns/lidar_dropout_tuned_clean_campaign2/worlds/world_274/logs/resource_logs/world_274_baseline_r004.csv,/home/student24/dissertation/barn_ros2/src/The-Barn-Challenge-Ros2/experiment_runs/fault_campaigns/lidar_dropout_tuned_clean_campaign2/worlds/world_274/meta/world_274_baseline_r004.json,2026-08-04T17:43:31.442274,2026-08-04T17:47:48.388492
lidar_dropout_tuned_clean,lidar_dropout,94,4,baseline,1,True,valid,succeeded,230.182,0,True,False,/home/student24/dissertation/barn_ros2/src/The-Barn-Challenge-Ros2/experiment_runs/fault_campaigns/lidar_dropout_tuned_clean_campaign2/worlds/world_094/logs/world_094_baseline_r004.log,/home/student24/dissertation/barn_ros2/src/The-Barn-Challenge-Ros2/experiment_runs/fault_campaigns/lidar_dropout_tuned_clean_campaign2/worlds/world_094/logs/resource_logs/world_094_baseline_r004.csv,/home/student24/dissertation/barn_ros2/src/The-Barn-Challenge-Ros2/experiment_runs/fault_campaigns/lidar_dropout_tuned_clean_campaign2/worlds/world_094/meta/world_094_baseline_r004.json,2026-08-04T17:47:57.691536,2026-08-04T17:52:28.847710
lidar_dropout_tuned_clean,lidar_dropout,94,4,fault,1,True,valid,succeeded,233.9292,0,True,False,/home/student24/dissertation/barn_ros2/src/The-Barn-Challenge-Ros2/experiment_runs/fault_campaigns/lidar_dropout_tuned_clean_campaign2/worlds/world_094/logs/world_094_fault_r004.log,/home/student24/dissertation/barn_ros2/src/The-Barn-Challenge-Ros2/experiment_runs/fault_campaigns/lidar_dropout_tuned_clean_campaign2/worlds/world_094/logs/resource_logs/world_094_fault_r004.csv,/home/student24/dissertation/barn_ros2/src/The-Barn-Challenge-Ros2/experiment_runs/fault_campaigns/lidar_dropout_tuned_clean_campaign2/worlds/world_094/meta/world_094_fault_r004.json,2026-08-04T17:52:36.863506,2026-08-04T17:57:18.271132
lidar_dropout_tuned_clean,lidar_dropout,86,4,fault,1,True,valid,succeeded,252.2808,0,True,False,/home/student24/dissertation/barn_ros2/src/The-Barn-Challenge-Ros2/experiment_runs/fault_campaigns/lidar_dropout_tuned_clean_campaign2/worlds/world_086/logs/world_086_fault_r004.log,/home/student24/dissertation/barn_ros2/src/The-Barn-Challenge-Ros2/experiment_runs/fault_campaigns/lidar_dropout_tuned_clean_campaign2/worlds/world_086/logs/resource_logs/world_086_fault_r004.csv,/home/student24/dissertation/barn_ros2/src/The-Barn-Challenge-Ros2/experiment_runs/fault_campaigns/lidar_dropout_tuned_clean_campaign2/worlds/world_086/meta/world_086_fault_r004.json,2026-08-04T17:57:28.905043,2026-08-04T18:02:25.299958
lidar_dropout_tuned_clean,lidar_dropout,86,4,baseline,1,True,valid,succeeded,240.1744,0,True,False,/home/student24/dissertation/barn_ros2/src/The-Barn-Challenge-Ros2/experiment_runs/fault_campaigns/lidar_dropout_tuned_clean_campaign2/worlds/world_086/logs/world_086_baseline_r004.log,/home/student24/dissertation/barn_ros2/src/The-Barn-Challenge-Ros2/experiment_runs/fault_campaigns/lidar_dropout_tuned_clean_campaign2/worlds/world_086/logs/resource_logs/world_086_baseline_r004.csv,/home/student24/dissertation/barn_ros2/src/The-Barn-Challenge-Ros2/experiment_runs/fault_campaigns/lidar_dropout_tuned_clean_campaign2/worlds/world_086/meta/world_086_baseline_r004.json,2026-08-04T18:02:33.313357,2026-08-04T18:07:16.481372
lidar_dropout_tuned_clean,lidar_dropout,173,4,baseline,1,True,valid,timeout,300.0214,0,True,False,/home/student24/dissertation/barn_ros2/src/The-Barn-Challenge-Ros2/experiment_runs/fault_campaigns/lidar_dropout_tuned_clean_campaign2/worlds/world_173/logs/world_173_baseline_r004.log,/home/student24/dissertation/barn_ros2/src/The-Barn-Challenge-Ros2/experiment_runs/fault_campaigns/lidar_dropout_tuned_clean_campaign2/worlds/world_173/logs/resource_logs/world_173_baseline_r004.csv,/home/student24/dissertation/barn_ros2/src/The-Barn-Challenge-Ros2/experiment_runs/fault_campaigns/lidar_dropout_tuned_clean_campaign2/worlds/world_173/meta/world_173_baseline_r004.json,2026-08-04T18:07:25.971433,2026-08-04T18:13:13.197403
lidar_dropout_tuned_clean,lidar_dropout,173,4,fault,1,True,valid,timeout,300.0157,0,True,False,/home/student24/dissertation/barn_ros2/src/The-Barn-Challenge-Ros2/experiment_runs/fault_campaigns/lidar_dropout_tuned_clean_campaign2/worlds/world_173/logs/world_173_fault_r004.log,/home/student24/dissertation/barn_ros2/src/The-Barn-Challenge-Ros2/experiment_runs/fault_campaigns/lidar_dropout_tuned_clean_campaign2/worlds/world_173/logs/resource_logs/world_173_fault_r004.csv,/home/student24/dissertation/barn_ros2/src/The-Barn-Challenge-Ros2/experiment_runs/fault_campaigns/lidar_dropout_tuned_clean_campaign2/worlds/world_173/meta/world_173_fault_r004.json,2026-08-04T18:13:21.222760,2026-08-04T18:19:10.131621
lidar_dropout_tuned_clean,lidar_dropout,76,4,baseline,1,True,valid,succeeded,227.7703,0,True,False,/home/student24/dissertation/barn_ros2/src/The-Barn-Challenge-Ros2/experiment_runs/fault_campaigns/lidar_dropout_tuned_clean_campaign2/worlds/world_076/logs/world_076_baseline_r004.log,/home/student24/dissertation/barn_ros2/src/The-Barn-Challenge-Ros2/experiment_runs/fault_campaigns/lidar_dropout_tuned_clean_campaign2/worlds/world_076/logs/resource_logs/world_076_baseline_r004.csv,/home/student24/dissertation/barn_ros2/src/The-Barn-Challenge-Ros2/experiment_runs/fault_campaigns/lidar_dropout_tuned_clean_campaign2/worlds/world_076/meta/world_076_baseline_r004.json,2026-08-04T18:19:19.561375,2026-08-04T18:23:51.111588
lidar_dropout_tuned_clean,lidar_dropout,76,4,fault,1,True,valid,succeeded,234.1294,0,True,False,/home/student24/dissertation/barn_ros2/src/The-Barn-Challenge-Ros2/experiment_runs/fault_campaigns/lidar_dropout_tuned_clean_campaign2/worlds/world_076/logs/world_076_fault_r004.log,/home/student24/dissertation/barn_ros2/src/The-Barn-Challenge-Ros2/experiment_runs/fault_campaigns/lidar_dropout_tuned_clean_campaign2/worlds/world_076/logs/resource_logs/world_076_fault_r004.csv,/home/student24/dissertation/barn_ros2/src/The-Barn-Challenge-Ros2/experiment_runs/fault_campaigns/lidar_dropout_tuned_clean_campaign2/worlds/world_076/meta/world_076_fault_r004.json,2026-08-04T18:23:59.134227,2026-08-04T18:28:47.382305
lidar_dropout_tuned_clean,lidar_dropout,8,3,fault,2,True,valid,succeeded,207.902,0,True,False,/home/student24/dissertation/barn_ros2/src/The-Barn-Challenge-Ros2/experiment_runs/fault_campaigns/lidar_dropout_tuned_clean_campaign2/worlds/world_008/logs/world_008_fault_r003.log,/home/student24/dissertation/barn_ros2/src/The-Barn-Challenge-Ros2/experiment_runs/fault_campaigns/lidar_dropout_tuned_clean_campaign2/worlds/world_008/logs/resource_logs/world_008_fault_r003.csv,/home/student24/dissertation/barn_ros2/src/The-Barn-Challenge-Ros2/experiment_runs/fault_campaigns/lidar_dropout_tuned_clean_campaign2/worlds/world_008/meta/world_008_fault_r003.json,2026-08-04T19:16:54.418294,2026-08-04T19:21:04.996944
lidar_dropout_tuned_clean,lidar_dropout,8,4,fault,1,True,valid,succeeded,207.4227,0,True,False,/home/student24/dissertation/barn_ros2/src/The-Barn-Challenge-Ros2/experiment_runs/fault_campaigns/lidar_dropout_tuned_clean_campaign2/worlds/world_008/logs/world_008_fault_r004.log,/home/student24/dissertation/barn_ros2/src/The-Barn-Challenge-Ros2/experiment_runs/fault_campaigns/lidar_dropout_tuned_clean_campaign2/worlds/world_008/logs/resource_logs/world_008_fault_r004.csv,/home/student24/dissertation/barn_ros2/src/The-Barn-Challenge-Ros2/experiment_runs/fault_campaigns/lidar_dropout_tuned_clean_campaign2/worlds/world_008/meta/world_008_fault_r004.json,2026-08-04T19:21:26.372137,2026-08-04T19:25:36.834562
lidar_dropout_tuned_clean,lidar_dropout,8,4,baseline,1,True,valid,timeout,300.0153,0,True,False,/home/student24/dissertation/barn_ros2/src/The-Barn-Challenge-Ros2/experiment_runs/fault_campaigns/lidar_dropout_tuned_clean_campaign2/worlds/world_008/logs/world_008_baseline_r004.log,/home/student24/dissertation/barn_ros2/src/The-Barn-Challenge-Ros2/experiment_runs/fault_campaigns/lidar_dropout_tuned_clean_campaign2/worlds/world_008/logs/resource_logs/world_008_baseline_r004.csv,/home/student24/dissertation/barn_ros2/src/The-Barn-Challenge-Ros2/experiment_runs/fault_campaigns/lidar_dropout_tuned_clean_campaign2/worlds/world_008/meta/world_008_baseline_r004.json,2026-08-04T19:25:44.860208,2026-08-04T19:31:30.556151
lidar_dropout_tuned_clean,lidar_dropout,239,4,baseline,1,True,valid,timeout,300.014,0,True,False,/home/student24/dissertation/barn_ros2/src/The-Barn-Challenge-Ros2/experiment_runs/fault_campaigns/lidar_dropout_tuned_clean_campaign2/worlds/world_239/logs/world_239_baseline_r004.log,/home/student24/dissertation/barn_ros2/src/The-Barn-Challenge-Ros2/experiment_runs/fault_campaigns/lidar_dropout_tuned_clean_campaign2/worlds/world_239/logs/resource_logs/world_239_baseline_r004.csv,/home/student24/dissertation/barn_ros2/src/The-Barn-Challenge-Ros2/experiment_runs/fault_campaigns/lidar_dropout_tuned_clean_campaign2/worlds/world_239/meta/world_239_baseline_r004.json,2026-08-04T19:31:44.681724,2026-08-04T19:37:33.360305
lidar_dropout_tuned_clean,lidar_dropout,239,4,fault,1,True,valid,timeout,300.0049,0,True,False,/home/student24/dissertation/barn_ros2/src/The-Barn-Challenge-Ros2/experiment_runs/fault_campaigns/lidar_dropout_tuned_clean_campaign2/worlds/world_239/logs/world_239_fault_r004.log,/home/student24/dissertation/barn_ros2/src/The-Barn-Challenge-Ros2/experiment_runs/fault_campaigns/lidar_dropout_tuned_clean_campaign2/worlds/world_239/logs/resource_logs/world_239_fault_r004.csv,/home/student24/dissertation/barn_ros2/src/The-Barn-Challenge-Ros2/experiment_runs/fault_campaigns/lidar_dropout_tuned_clean_campaign2/worlds/world_239/meta/world_239_fault_r004.json,2026-08-04T19:37:41.376856,2026-08-04T19:43:26.626214
lidar_dropout_tuned_clean,lidar_dropout,250,4,fault,1,True,valid,succeeded,235.0671,0,True,False,/home/student24/dissertation/barn_ros2/src/The-Barn-Challenge-Ros2/experiment_runs/fault_campaigns/lidar_dropout_tuned_clean_campaign2/worlds/world_250/logs/world_250_fault_r004.log,/home/student24/dissertation/barn_ros2/src/The-Barn-Challenge-Ros2/experiment_runs/fault_campaigns/lidar_dropout_tuned_clean_campaign2/worlds/world_250/logs/resource_logs/world_250_fault_r004.csv,/home/student24/dissertation/barn_ros2/src/The-Barn-Challenge-Ros2/experiment_runs/fault_campaigns/lidar_dropout_tuned_clean_campaign2/worlds/world_250/meta/world_250_fault_r004.json,2026-08-05T14:12:06.704781,2026-08-05T14:16:47.930471
lidar_dropout_tuned_clean,lidar_dropout,250,4,baseline,1,True,valid,succeeded,243.8575,0,True,False,/home/student24/dissertation/barn_ros2/src/The-Barn-Challenge-Ros2/experiment_runs/fault_campaigns/lidar_dropout_tuned_clean_campaign2/worlds/world_250/logs/world_250_baseline_r004.log,/home/student24/dissertation/barn_ros2/src/The-Barn-Challenge-Ros2/experiment_runs/fault_campaigns/lidar_dropout_tuned_clean_campaign2/worlds/world_250/logs/resource_logs/world_250_baseline_r004.csv,/home/student24/dissertation/barn_ros2/src/The-Barn-Challenge-Ros2/experiment_runs/fault_campaigns/lidar_dropout_tuned_clean_campaign2/worlds/world_250/meta/world_250_baseline_r004.json,2026-08-05T14:16:55.943986,2026-08-05T14:21:40.645270
lidar_dropout_tuned_clean,lidar_dropout,240,5,baseline,1,True,valid,succeeded,153.7994,0,True,False,/home/student24/dissertation/barn_ros2/src/The-Barn-Challenge-Ros2/experiment_runs/fault_campaigns/lidar_dropout_tuned_clean_campaign2/worlds/world_240/logs/world_240_baseline_r005.log,/home/student24/dissertation/barn_ros2/src/The-Barn-Challenge-Ros2/experiment_runs/fault_campaigns/lidar_dropout_tuned_clean_campaign2/worlds/world_240/logs/resource_logs/world_240_baseline_r005.csv,/home/student24/dissertation/barn_ros2/src/The-Barn-Challenge-Ros2/experiment_runs/fault_campaigns/lidar_dropout_tuned_clean_campaign2/worlds/world_240/meta/world_240_baseline_r005.json,2026-08-05T14:21:49.976646,2026-08-05T14:25:02.981120
lidar_dropout_tuned_clean,lidar_dropout,240,5,fault,1,True,valid,succeeded,157.7166,0,True,False,/home/student24/dissertation/barn_ros2/src/The-Barn-Challenge-Ros2/experiment_runs/fault_campaigns/lidar_dropout_tuned_clean_campaign2/worlds/world_240/logs/world_240_fault_r005.log,/home/student24/dissertation/barn_ros2/src/The-Barn-Challenge-Ros2/experiment_runs/fault_campaigns/lidar_dropout_tuned_clean_campaign2/worlds/world_240/logs/resource_logs/world_240_fault_r005.csv,/home/student24/dissertation/barn_ros2/src/The-Barn-Challenge-Ros2/experiment_runs/fault_campaigns/lidar_dropout_tuned_clean_campaign2/worlds/world_240/meta/world_240_fault_r005.json,2026-08-05T14:25:10.994885,2026-08-05T14:28:27.867288
lidar_dropout_tuned_clean,lidar_dropout,274,5,baseline,1,True,valid,succeeded,155.5037,0,True,False,/home/student24/dissertation/barn_ros2/src/The-Barn-Challenge-Ros2/experiment_runs/fault_campaigns/lidar_dropout_tuned_clean_campaign2/worlds/world_274/logs/world_274_baseline_r005.log,/home/student24/dissertation/barn_ros2/src/The-Barn-Challenge-Ros2/experiment_runs/fault_campaigns/lidar_dropout_tuned_clean_campaign2/worlds/world_274/logs/resource_logs/world_274_baseline_r005.csv,/home/student24/dissertation/barn_ros2/src/The-Barn-Challenge-Ros2/experiment_runs/fault_campaigns/lidar_dropout_tuned_clean_campaign2/worlds/world_274/meta/world_274_baseline_r005.json,2026-08-05T14:28:37.305203,2026-08-05T14:31:52.366521
lidar_dropout_tuned_clean,lidar_dropout,274,5,fault,1,True,valid,succeeded,159.1685,0,True,False,/home/student24/dissertation/barn_ros2/src/The-Barn-Challenge-Ros2/experiment_runs/fault_campaigns/lidar_dropout_tuned_clean_campaign2/worlds/world_274/logs/world_274_fault_r005.log,/home/student24/dissertation/barn_ros2/src/The-Barn-Challenge-Ros2/experiment_runs/fault_campaigns/lidar_dropout_tuned_clean_campaign2/worlds/world_274/logs/resource_logs/world_274_fault_r005.csv,/home/student24/dissertation/barn_ros2/src/The-Barn-Challenge-Ros2/experiment_runs/fault_campaigns/lidar_dropout_tuned_clean_campaign2/worlds/world_274/meta/world_274_fault_r005.json,2026-08-05T14:32:00.385116,2026-08-05T14:35:21.741948
lidar_dropout_tuned_clean,lidar_dropout,94,5,baseline,1,True,valid,succeeded,164.5889,0,True,False,/home/student24/dissertation/barn_ros2/src/The-Barn-Challenge-Ros2/experiment_runs/fault_campaigns/lidar_dropout_tuned_clean_campaign2/worlds/world_094/logs/world_094_baseline_r005.log,/home/student24/dissertation/barn_ros2/src/The-Barn-Challenge-Ros2/experiment_runs/fault_campaigns/lidar_dropout_tuned_clean_campaign2/worlds/world_094/logs/resource_logs/world_094_baseline_r005.csv,/home/student24/dissertation/barn_ros2/src/The-Barn-Challenge-Ros2/experiment_runs/fault_campaigns/lidar_dropout_tuned_clean_campaign2/worlds/world_094/meta/world_094_baseline_r005.json,2026-08-05T14:35:31.161633,2026-08-05T14:38:54.426771
lidar_dropout_tuned_clean,lidar_dropout,94,5,fault,1,True,valid,succeeded,168.7717,0,True,False,/home/student24/dissertation/barn_ros2/src/The-Barn-Challenge-Ros2/experiment_runs/fault_campaigns/lidar_dropout_tuned_clean_campaign2/worlds/world_094/logs/world_094_fault_r005.log,/home/student24/dissertation/barn_ros2/src/The-Barn-Challenge-Ros2/experiment_runs/fault_campaigns/lidar_dropout_tuned_clean_campaign2/worlds/world_094/logs/resource_logs/world_094_fault_r005.csv,/home/student24/dissertation/barn_ros2/src/The-Barn-Challenge-Ros2/experiment_runs/fault_campaigns/lidar_dropout_tuned_clean_campaign2/worlds/world_094/meta/world_094_fault_r005.json,2026-08-05T14:39:02.438880,2026-08-05T14:42:30.534320
lidar_dropout_tuned_clean,lidar_dropout,8,5,fault,1,True,valid,succeeded,148.8811,0,True,False,/home/student24/dissertation/barn_ros2/src/The-Barn-Challenge-Ros2/experiment_runs/fault_campaigns/lidar_dropout_tuned_clean_campaign2/worlds/world_008/logs/world_008_fault_r005.log,/home/student24/dissertation/barn_ros2/src/The-Barn-Challenge-Ros2/experiment_runs/fault_campaigns/lidar_dropout_tuned_clean_campaign2/worlds/world_008/logs/resource_logs/world_008_fault_r005.csv,/home/student24/dissertation/barn_ros2/src/The-Barn-Challenge-Ros2/experiment_runs/fault_campaigns/lidar_dropout_tuned_clean_campaign2/worlds/world_008/meta/world_008_fault_r005.json,2026-08-05T14:42:40.007244,2026-08-05T14:45:49.546640
lidar_dropout_tuned_clean,lidar_dropout,8,5,baseline,1,True,valid,succeeded,143.8965,0,True,False,/home/student24/dissertation/barn_ros2/src/The-Barn-Challenge-Ros2/experiment_runs/fault_campaigns/lidar_dropout_tuned_clean_campaign2/worlds/world_008/logs/world_008_baseline_r005.log,/home/student24/dissertation/barn_ros2/src/The-Barn-Challenge-Ros2/experiment_runs/fault_campaigns/lidar_dropout_tuned_clean_campaign2/worlds/world_008/logs/resource_logs/world_008_baseline_r005.csv,/home/student24/dissertation/barn_ros2/src/The-Barn-Challenge-Ros2/experiment_runs/fault_campaigns/lidar_dropout_tuned_clean_campaign2/worlds/world_008/meta/world_008_baseline_r005.json,2026-08-05T14:45:57.562453,2026-08-05T14:49:01.531032
lidar_dropout_tuned_clean,lidar_dropout,86,5,fault,1,True,valid,succeeded,179.4051,0,True,False,/home/student24/dissertation/barn_ros2/src/The-Barn-Challenge-Ros2/experiment_runs/fault_campaigns/lidar_dropout_tuned_clean_campaign2/worlds/world_086/logs/world_086_fault_r005.log,/home/student24/dissertation/barn_ros2/src/The-Barn-Challenge-Ros2/experiment_runs/fault_campaigns/lidar_dropout_tuned_clean_campaign2/worlds/world_086/logs/resource_logs/world_086_fault_r005.csv,/home/student24/dissertation/barn_ros2/src/The-Barn-Challenge-Ros2/experiment_runs/fault_campaigns/lidar_dropout_tuned_clean_campaign2/worlds/world_086/meta/world_086_fault_r005.json,2026-08-05T14:49:11.056153,2026-08-05T14:53:01.264528
lidar_dropout_tuned_clean,lidar_dropout,86,5,baseline,1,True,valid,succeeded,183.4152,0,True,False,/home/student24/dissertation/barn_ros2/src/The-Barn-Challenge-Ros2/experiment_runs/fault_campaigns/lidar_dropout_tuned_clean_campaign2/worlds/world_086/logs/world_086_baseline_r005.log,/home/student24/dissertation/barn_ros2/src/The-Barn-Challenge-Ros2/experiment_runs/fault_campaigns/lidar_dropout_tuned_clean_campaign2/worlds/world_086/logs/resource_logs/world_086_baseline_r005.csv,/home/student24/dissertation/barn_ros2/src/The-Barn-Challenge-Ros2/experiment_runs/fault_campaigns/lidar_dropout_tuned_clean_campaign2/worlds/world_086/meta/world_086_baseline_r005.json,2026-08-05T14:53:09.275324,2026-08-05T14:56:54.677195
lidar_dropout_tuned_clean,lidar_dropout,173,5,fault,1,True,valid,succeeded,235.028,0,True,False,/home/student24/dissertation/barn_ros2/src/The-Barn-Challenge-Ros2/experiment_runs/fault_campaigns/lidar_dropout_tuned_clean_campaign2/worlds/world_173/logs/world_173_fault_r005.log,/home/student24/dissertation/barn_ros2/src/The-Barn-Challenge-Ros2/experiment_runs/fault_campaigns/lidar_dropout_tuned_clean_campaign2/worlds/world_173/logs/resource_logs/world_173_fault_r005.csv,/home/student24/dissertation/barn_ros2/src/The-Barn-Challenge-Ros2/experiment_runs/fault_campaigns/lidar_dropout_tuned_clean_campaign2/worlds/world_173/meta/world_173_fault_r005.json,2026-08-05T14:57:04.163148,2026-08-05T15:01:51.597064
lidar_dropout_tuned_clean,lidar_dropout,173,5,baseline,1,True,valid,succeeded,226.7397,0,True,False,/home/student24/dissertation/barn_ros2/src/The-Barn-Challenge-Ros2/experiment_runs/fault_campaigns/lidar_dropout_tuned_clean_campaign2/worlds/world_173/logs/world_173_baseline_r005.log,/home/student24/dissertation/barn_ros2/src/The-Barn-Challenge-Ros2/experiment_runs/fault_campaigns/lidar_dropout_tuned_clean_campaign2/worlds/world_173/logs/resource_logs/world_173_baseline_r005.csv,/home/student24/dissertation/barn_ros2/src/The-Barn-Challenge-Ros2/experiment_runs/fault_campaigns/lidar_dropout_tuned_clean_campaign2/worlds/world_173/meta/world_173_baseline_r005.json,2026-08-05T15:01:59.610493,2026-08-05T15:06:30.479482
lidar_dropout_tuned_clean,lidar_dropout,76,5,fault,1,True,valid,succeeded,172.9202,0,True,False,/home/student24/dissertation/barn_ros2/src/The-Barn-Challenge-Ros2/experiment_runs/fault_campaigns/lidar_dropout_tuned_clean_campaign2/worlds/world_076/logs/world_076_fault_r005.log,/home/student24/dissertation/barn_ros2/src/The-Barn-Challenge-Ros2/experiment_runs/fault_campaigns/lidar_dropout_tuned_clean_campaign2/worlds/world_076/logs/resource_logs/world_076_fault_r005.csv,/home/student24/dissertation/barn_ros2/src/The-Barn-Challenge-Ros2/experiment_runs/fault_campaigns/lidar_dropout_tuned_clean_campaign2/worlds/world_076/meta/world_076_fault_r005.json,2026-08-05T15:06:40.069467,2026-08-05T15:10:15.747153
lidar_dropout_tuned_clean,lidar_dropout,76,5,baseline,1,True,valid,succeeded,173.3884,0,True,False,/home/student24/dissertation/barn_ros2/src/The-Barn-Challenge-Ros2/experiment_runs/fault_campaigns/lidar_dropout_tuned_clean_campaign2/worlds/world_076/logs/world_076_baseline_r005.log,/home/student24/dissertation/barn_ros2/src/The-Barn-Challenge-Ros2/experiment_runs/fault_campaigns/lidar_dropout_tuned_clean_campaign2/worlds/world_076/logs/resource_logs/world_076_baseline_r005.csv,/home/student24/dissertation/barn_ros2/src/The-Barn-Challenge-Ros2/experiment_runs/fault_campaigns/lidar_dropout_tuned_clean_campaign2/worlds/world_076/meta/world_076_baseline_r005.json,2026-08-05T15:10:23.761368,2026-08-05T15:14:04.271935
lidar_dropout_tuned_clean,lidar_dropout,239,5,fault,1,True,valid,timeout,300.0173,0,True,False,/home/student24/dissertation/barn_ros2/src/The-Barn-Challenge-Ros2/experiment_runs/fault_campaigns/lidar_dropout_tuned_clean_campaign2/worlds/world_239/logs/world_239_fault_r005.log,/home/student24/dissertation/barn_ros2/src/The-Barn-Challenge-Ros2/experiment_runs/fault_campaigns/lidar_dropout_tuned_clean_campaign2/worlds/world_239/logs/resource_logs/world_239_fault_r005.csv,/home/student24/dissertation/barn_ros2/src/The-Barn-Challenge-Ros2/experiment_runs/fault_campaigns/lidar_dropout_tuned_clean_campaign2/worlds/world_239/meta/world_239_fault_r005.json,2026-08-05T15:14:13.848416,2026-08-05T15:19:56.292072
lidar_dropout_tuned_clean,lidar_dropout,239,5,baseline,1,True,valid,timeout,300.0082,0,True,False,/home/student24/dissertation/barn_ros2/src/The-Barn-Challenge-Ros2/experiment_runs/fault_campaigns/lidar_dropout_tuned_clean_campaign2/worlds/world_239/logs/world_239_baseline_r005.log,/home/student24/dissertation/barn_ros2/src/The-Barn-Challenge-Ros2/experiment_runs/fault_campaigns/lidar_dropout_tuned_clean_campaign2/worlds/world_239/logs/resource_logs/world_239_baseline_r005.csv,/home/student24/dissertation/barn_ros2/src/The-Barn-Challenge-Ros2/experiment_runs/fault_campaigns/lidar_dropout_tuned_clean_campaign2/worlds/world_239/meta/world_239_baseline_r005.json,2026-08-05T15:20:04.306200,2026-08-05T15:25:44.718349
lidar_dropout_tuned_clean,lidar_dropout,250,5,baseline,1,False,nonzero_returncode,unknown,nan,124,False,True,/home/student24/dissertation/barn_ros2/src/The-Barn-Challenge-Ros2/experiment_runs/fault_campaigns/lidar_dropout_tuned_clean_campaign2/worlds/world_250/logs/world_250_baseline_r005.log,/home/student24/dissertation/barn_ros2/src/The-Barn-Challenge-Ros2/experiment_runs/fault_campaigns/lidar_dropout_tuned_clean_campaign2/worlds/world_250/logs/resource_logs/world_250_baseline_r005.csv,/home/student24/dissertation/barn_ros2/src/The-Barn-Challenge-Ros2/experiment_runs/fault_campaigns/lidar_dropout_tuned_clean_campaign2/worlds/world_250/meta/world_250_baseline_r005.json,2026-08-05T17:58:47.524932,2026-08-05T18:07:17.787456
lidar_dropout_tuned_clean,lidar_dropout,240,6,fault,1,True,valid,succeeded,161.9259,0,True,False,/home/student24/dissertation/barn_ros2/src/The-Barn-Challenge-Ros2/experiment_runs/fault_campaigns/lidar_dropout_tuned_clean_campaign2/worlds/world_240/logs/world_240_fault_r006.log,/home/student24/dissertation/barn_ros2/src/The-Barn-Challenge-Ros2/experiment_runs/fault_campaigns/lidar_dropout_tuned_clean_campaign2/worlds/world_240/logs/resource_logs/world_240_fault_r006.csv,/home/student24/dissertation/barn_ros2/src/The-Barn-Challenge-Ros2/experiment_runs/fault_campaigns/lidar_dropout_tuned_clean_campaign2/worlds/world_240/meta/world_240_fault_r006.json,2026-08-05T18:07:19.552659,2026-08-05T18:10:42.739425
lidar_dropout_tuned_clean,lidar_dropout,240,6,baseline,1,True,valid,succeeded,157.0093,0,True,False,/home/student24/dissertation/barn_ros2/src/The-Barn-Challenge-Ros2/experiment_runs/fault_campaigns/lidar_dropout_tuned_clean_campaign2/worlds/world_240/logs/world_240_baseline_r006.log,/home/student24/dissertation/barn_ros2/src/The-Barn-Challenge-Ros2/experiment_runs/fault_campaigns/lidar_dropout_tuned_clean_campaign2/worlds/world_240/logs/resource_logs/world_240_baseline_r006.csv,/home/student24/dissertation/barn_ros2/src/The-Barn-Challenge-Ros2/experiment_runs/fault_campaigns/lidar_dropout_tuned_clean_campaign2/worlds/world_240/meta/world_240_baseline_r006.json,2026-08-05T18:10:50.753642,2026-08-05T18:14:07.589484
lidar_dropout_tuned_clean,lidar_dropout,274,6,baseline,1,True,valid,succeeded,170.31,0,True,False,/home/student24/dissertation/barn_ros2/src/The-Barn-Challenge-Ros2/experiment_runs/fault_campaigns/lidar_dropout_tuned_clean_campaign2/worlds/world_274/logs/world_274_baseline_r006.log,/home/student24/dissertation/barn_ros2/src/The-Barn-Challenge-Ros2/experiment_runs/fault_campaigns/lidar_dropout_tuned_clean_campaign2/worlds/world_274/logs/resource_logs/world_274_baseline_r006.csv,/home/student24/dissertation/barn_ros2/src/The-Barn-Challenge-Ros2/experiment_runs/fault_campaigns/lidar_dropout_tuned_clean_campaign2/worlds/world_274/meta/world_274_baseline_r006.json,2026-08-05T18:14:17.280688,2026-08-05T18:17:47.203338
lidar_dropout_tuned_clean,lidar_dropout,274,6,fault,1,True,valid,succeeded,172.8454,0,True,False,/home/student24/dissertation/barn_ros2/src/The-Barn-Challenge-Ros2/experiment_runs/fault_campaigns/lidar_dropout_tuned_clean_campaign2/worlds/world_274/logs/world_274_fault_r006.log,/home/student24/dissertation/barn_ros2/src/The-Barn-Challenge-Ros2/experiment_runs/fault_campaigns/lidar_dropout_tuned_clean_campaign2/worlds/world_274/logs/resource_logs/world_274_fault_r006.csv,/home/student24/dissertation/barn_ros2/src/The-Barn-Challenge-Ros2/experiment_runs/fault_campaigns/lidar_dropout_tuned_clean_campaign2/worlds/world_274/meta/world_274_fault_r006.json,2026-08-05T18:17:55.216352,2026-08-05T18:21:28.017923
lidar_dropout_tuned_clean,lidar_dropout,94,6,baseline,1,True,valid,succeeded,172.3318,0,True,False,/home/student24/dissertation/barn_ros2/src/The-Barn-Challenge-Ros2/experiment_runs/fault_campaigns/lidar_dropout_tuned_clean_campaign2/worlds/world_094/logs/world_094_baseline_r006.log,/home/student24/dissertation/barn_ros2/src/The-Barn-Challenge-Ros2/experiment_runs/fault_campaigns/lidar_dropout_tuned_clean_campaign2/worlds/world_094/logs/resource_logs/world_094_baseline_r006.csv,/home/student24/dissertation/barn_ros2/src/The-Barn-Challenge-Ros2/experiment_runs/fault_campaigns/lidar_dropout_tuned_clean_campaign2/worlds/world_094/meta/world_094_baseline_r006.json,2026-08-05T18:21:37.734928,2026-08-05T18:25:13.258539
lidar_dropout_tuned_clean,lidar_dropout,94,6,fault,1,True,valid,succeeded,177.2798,0,True,False,/home/student24/dissertation/barn_ros2/src/The-Barn-Challenge-Ros2/experiment_runs/fault_campaigns/lidar_dropout_tuned_clean_campaign2/worlds/world_094/logs/world_094_fault_r006.log,/home/student24/dissertation/barn_ros2/src/The-Barn-Challenge-Ros2/experiment_runs/fault_campaigns/lidar_dropout_tuned_clean_campaign2/worlds/world_094/logs/resource_logs/world_094_fault_r006.csv,/home/student24/dissertation/barn_ros2/src/The-Barn-Challenge-Ros2/experiment_runs/fault_campaigns/lidar_dropout_tuned_clean_campaign2/worlds/world_094/meta/world_094_fault_r006.json,2026-08-05T18:25:21.273409,2026-08-05T18:28:59.127273
lidar_dropout_tuned_clean,lidar_dropout,8,6,baseline,1,True,valid,succeeded,153.7662,0,True,False,/home/student24/dissertation/barn_ros2/src/The-Barn-Challenge-Ros2/experiment_runs/fault_campaigns/lidar_dropout_tuned_clean_campaign2/worlds/world_008/logs/world_008_baseline_r006.log,/home/student24/dissertation/barn_ros2/src/The-Barn-Challenge-Ros2/experiment_runs/fault_campaigns/lidar_dropout_tuned_clean_campaign2/worlds/world_008/logs/resource_logs/world_008_baseline_r006.csv,/home/student24/dissertation/barn_ros2/src/The-Barn-Challenge-Ros2/experiment_runs/fault_campaigns/lidar_dropout_tuned_clean_campaign2/worlds/world_008/meta/world_008_baseline_r006.json,2026-08-05T18:29:08.857818,2026-08-05T18:32:23.352826
lidar_dropout_tuned_clean,lidar_dropout,8,6,fault,1,True,valid,succeeded,158.1049,0,True,False,/home/student24/dissertation/barn_ros2/src/The-Barn-Challenge-Ros2/experiment_runs/fault_campaigns/lidar_dropout_tuned_clean_campaign2/worlds/world_008/logs/world_008_fault_r006.log,/home/student24/dissertation/barn_ros2/src/The-Barn-Challenge-Ros2/experiment_runs/fault_campaigns/lidar_dropout_tuned_clean_campaign2/worlds/world_008/logs/resource_logs/world_008_fault_r006.csv,/home/student24/dissertation/barn_ros2/src/The-Barn-Challenge-Ros2/experiment_runs/fault_campaigns/lidar_dropout_tuned_clean_campaign2/worlds/world_008/meta/world_008_fault_r006.json,2026-08-05T18:32:31.366803,2026-08-05T18:35:49.784580
lidar_dropout_tuned_clean,lidar_dropout,86,6,baseline,1,True,valid,succeeded,186.5881,0,True,False,/home/student24/dissertation/barn_ros2/src/The-Barn-Challenge-Ros2/experiment_runs/fault_campaigns/lidar_dropout_tuned_clean_campaign2/worlds/world_086/logs/world_086_baseline_r006.log,/home/student24/dissertation/barn_ros2/src/The-Barn-Challenge-Ros2/experiment_runs/fault_campaigns/lidar_dropout_tuned_clean_campaign2/worlds/world_086/logs/resource_logs/world_086_baseline_r006.csv,/home/student24/dissertation/barn_ros2/src/The-Barn-Challenge-Ros2/experiment_runs/fault_campaigns/lidar_dropout_tuned_clean_campaign2/worlds/world_086/meta/world_086_baseline_r006.json,2026-08-05T18:35:59.552012,2026-08-05T18:39:48.261818
lidar_dropout_tuned_clean,lidar_dropout,86,6,fault,1,False,nonzero_returncode,unknown,nan,124,False,True,/home/student24/dissertation/barn_ros2/src/The-Barn-Challenge-Ros2/experiment_runs/fault_campaigns/lidar_dropout_tuned_clean_campaign2/worlds/world_086/logs/world_086_fault_r006.log,/home/student24/dissertation/barn_ros2/src/The-Barn-Challenge-Ros2/experiment_runs/fault_campaigns/lidar_dropout_tuned_clean_campaign2/worlds/world_086/logs/resource_logs/world_086_fault_r006.csv,/home/student24/dissertation/barn_ros2/src/The-Barn-Challenge-Ros2/experiment_runs/fault_campaigns/lidar_dropout_tuned_clean_campaign2/worlds/world_086/meta/world_086_fault_r006.json,2026-08-05T18:39:56.273345,2026-08-05T18:48:26.570333
lidar_dropout_tuned_clean,lidar_dropout,173,6,baseline,1,False,nonzero_returncode,unknown,nan,124,False,True,/home/student24/dissertation/barn_ros2/src/The-Barn-Challenge-Ros2/experiment_runs/fault_campaigns/lidar_dropout_tuned_clean_campaign2/worlds/world_173/logs/world_173_baseline_r006.log,/home/student24/dissertation/barn_ros2/src/The-Barn-Challenge-Ros2/experiment_runs/fault_campaigns/lidar_dropout_tuned_clean_campaign2/worlds/world_173/logs/resource_logs/world_173_baseline_r006.csv,/home/student24/dissertation/barn_ros2/src/The-Barn-Challenge-Ros2/experiment_runs/fault_campaigns/lidar_dropout_tuned_clean_campaign2/worlds/world_173/meta/world_173_baseline_r006.json,2026-08-05T18:48:28.430551,2026-08-05T18:56:58.705466
lidar_dropout_tuned_clean,lidar_dropout,76,6,fault,1,True,valid,succeeded,179.8801,0,True,False,/home/student24/dissertation/barn_ros2/src/The-Barn-Challenge-Ros2/experiment_runs/fault_campaigns/lidar_dropout_tuned_clean_campaign2/worlds/world_076/logs/world_076_fault_r006.log,/home/student24/dissertation/barn_ros2/src/The-Barn-Challenge-Ros2/experiment_runs/fault_campaigns/lidar_dropout_tuned_clean_campaign2/worlds/world_076/logs/resource_logs/world_076_fault_r006.csv,/home/student24/dissertation/barn_ros2/src/The-Barn-Challenge-Ros2/experiment_runs/fault_campaigns/lidar_dropout_tuned_clean_campaign2/worlds/world_076/meta/world_076_fault_r006.json,2026-08-05T18:57:00.568504,2026-08-05T19:00:41.921610
lidar_dropout_tuned_clean,lidar_dropout,76,6,baseline,1,True,valid,succeeded,174.9044,0,True,False,/home/student24/dissertation/barn_ros2/src/The-Barn-Challenge-Ros2/experiment_runs/fault_campaigns/lidar_dropout_tuned_clean_campaign2/worlds/world_076/logs/world_076_baseline_r006.log,/home/student24/dissertation/barn_ros2/src/The-Barn-Challenge-Ros2/experiment_runs/fault_campaigns/lidar_dropout_tuned_clean_campaign2/worlds/world_076/logs/resource_logs/world_076_baseline_r006.csv,/home/student24/dissertation/barn_ros2/src/The-Barn-Challenge-Ros2/experiment_runs/fault_campaigns/lidar_dropout_tuned_clean_campaign2/worlds/world_076/meta/world_076_baseline_r006.json,2026-08-05T19:00:49.935266,2026-08-05T19:04:25.541813
lidar_dropout_tuned_clean,lidar_dropout,239,6,fault,1,True,valid,timeout,300.0193,0,True,False,/home/student24/dissertation/barn_ros2/src/The-Barn-Challenge-Ros2/experiment_runs/fault_campaigns/lidar_dropout_tuned_clean_campaign2/worlds/world_239/logs/world_239_fault_r006.log,/home/student24/dissertation/barn_ros2/src/The-Barn-Challenge-Ros2/experiment_runs/fault_campaigns/lidar_dropout_tuned_clean_campaign2/worlds/world_239/logs/resource_logs/world_239_fault_r006.csv,/home/student24/dissertation/barn_ros2/src/The-Barn-Challenge-Ros2/experiment_runs/fault_campaigns/lidar_dropout_tuned_clean_campaign2/worlds/world_239/meta/world_239_fault_r006.json,2026-08-05T19:04:35.375953,2026-08-05T19:10:17.448282
lidar_dropout_tuned_clean,lidar_dropout,239,6,baseline,1,True,valid,succeeded,246.2345,0,True,False,/home/student24/dissertation/barn_ros2/src/The-Barn-Challenge-Ros2/experiment_runs/fault_campaigns/lidar_dropout_tuned_clean_campaign2/worlds/world_239/logs/world_239_baseline_r006.log,/home/student24/dissertation/barn_ros2/src/The-Barn-Challenge-Ros2/experiment_runs/fault_campaigns/lidar_dropout_tuned_clean_campaign2/worlds/world_239/logs/resource_logs/world_239_baseline_r006.csv,/home/student24/dissertation/barn_ros2/src/The-Barn-Challenge-Ros2/experiment_runs/fault_campaigns/lidar_dropout_tuned_clean_campaign2/worlds/world_239/meta/world_239_baseline_r006.json,2026-08-05T19:10:25.468743,2026-08-05T19:15:14.699037
lidar_dropout_tuned_clean,lidar_dropout,250,5,baseline,2,True,valid,succeeded,249.6876,0,True,False,/home/student24/dissertation/barn_ros2/src/The-Barn-Challenge-Ros2/experiment_runs/fault_campaigns/lidar_dropout_tuned_clean_campaign2/worlds/world_250/logs/world_250_baseline_r005.log,/home/student24/dissertation/barn_ros2/src/The-Barn-Challenge-Ros2/experiment_runs/fault_campaigns/lidar_dropout_tuned_clean_campaign2/worlds/world_250/logs/resource_logs/world_250_baseline_r005.csv,/home/student24/dissertation/barn_ros2/src/The-Barn-Challenge-Ros2/experiment_runs/fault_campaigns/lidar_dropout_tuned_clean_campaign2/worlds/world_250/meta/world_250_baseline_r005.json,2026-08-05T19:52:06.223673,2026-08-05T19:56:58.640946
lidar_dropout_tuned_clean,lidar_dropout,250,5,fault,1,True,valid,succeeded,247.2328,0,True,False,/home/student24/dissertation/barn_ros2/src/The-Barn-Challenge-Ros2/experiment_runs/fault_campaigns/lidar_dropout_tuned_clean_campaign2/worlds/world_250/logs/world_250_fault_r005.log,/home/student24/dissertation/barn_ros2/src/The-Barn-Challenge-Ros2/experiment_runs/fault_campaigns/lidar_dropout_tuned_clean_campaign2/worlds/world_250/logs/resource_logs/world_250_fault_r005.csv,/home/student24/dissertation/barn_ros2/src/The-Barn-Challenge-Ros2/experiment_runs/fault_campaigns/lidar_dropout_tuned_clean_campaign2/worlds/world_250/meta/world_250_fault_r005.json,2026-08-05T19:57:06.656042,2026-08-05T20:01:58.979950
lidar_dropout_tuned_clean,lidar_dropout,86,6,fault,2,True,valid,succeeded,192.7404,0,True,False,/home/student24/dissertation/barn_ros2/src/The-Barn-Challenge-Ros2/experiment_runs/fault_campaigns/lidar_dropout_tuned_clean_campaign2/worlds/world_086/logs/world_086_fault_r006.log,/home/student24/dissertation/barn_ros2/src/The-Barn-Challenge-Ros2/experiment_runs/fault_campaigns/lidar_dropout_tuned_clean_campaign2/worlds/world_086/logs/resource_logs/world_086_fault_r006.csv,/home/student24/dissertation/barn_ros2/src/The-Barn-Challenge-Ros2/experiment_runs/fault_campaigns/lidar_dropout_tuned_clean_campaign2/worlds/world_086/meta/world_086_fault_r006.json,2026-08-05T20:02:16.481721,2026-08-05T20:06:12.724161
lidar_dropout_tuned_clean,lidar_dropout,173,6,baseline,2,True,valid,succeeded,245.0968,0,True,False,/home/student24/dissertation/barn_ros2/src/The-Barn-Challenge-Ros2/experiment_runs/fault_campaigns/lidar_dropout_tuned_clean_campaign2/worlds/world_173/logs/world_173_baseline_r006.log,/home/student24/dissertation/barn_ros2/src/The-Barn-Challenge-Ros2/experiment_runs/fault_campaigns/lidar_dropout_tuned_clean_campaign2/worlds/world_173/logs/resource_logs/world_173_baseline_r006.csv,/home/student24/dissertation/barn_ros2/src/The-Barn-Challenge-Ros2/experiment_runs/fault_campaigns/lidar_dropout_tuned_clean_campaign2/worlds/world_173/meta/world_173_baseline_r006.json,2026-08-05T20:06:22.554429,2026-08-05T20:11:10.778395
lidar_dropout_tuned_clean,lidar_dropout,173,6,fault,1,True,valid,succeeded,238.0134,0,True,False,/home/student24/dissertation/barn_ros2/src/The-Barn-Challenge-Ros2/experiment_runs/fault_campaigns/lidar_dropout_tuned_clean_campaign2/worlds/world_173/logs/world_173_fault_r006.log,/home/student24/dissertation/barn_ros2/src/The-Barn-Challenge-Ros2/experiment_runs/fault_campaigns/lidar_dropout_tuned_clean_campaign2/worlds/world_173/logs/resource_logs/world_173_fault_r006.csv,/home/student24/dissertation/barn_ros2/src/The-Barn-Challenge-Ros2/experiment_runs/fault_campaigns/lidar_dropout_tuned_clean_campaign2/worlds/world_173/meta/world_173_fault_r006.json,2026-08-05T20:11:18.799192,2026-08-05T20:15:59.295975
lidar_dropout_tuned_clean,lidar_dropout,250,6,fault,1,True,valid,succeeded,251.7466,0,True,False,/home/student24/dissertation/barn_ros2/src/The-Barn-Challenge-Ros2/experiment_runs/fault_campaigns/lidar_dropout_tuned_clean_campaign2/worlds/world_250/logs/world_250_fault_r006.log,/home/student24/dissertation/barn_ros2/src/The-Barn-Challenge-Ros2/experiment_runs/fault_campaigns/lidar_dropout_tuned_clean_campaign2/worlds/world_250/logs/resource_logs/world_250_fault_r006.csv,/home/student24/dissertation/barn_ros2/src/The-Barn-Challenge-Ros2/experiment_runs/fault_campaigns/lidar_dropout_tuned_clean_campaign2/worlds/world_250/meta/world_250_fault_r006.json,2026-08-05T20:16:13.929416,2026-08-05T20:21:08.961263
lidar_dropout_tuned_clean,lidar_dropout,250,6,baseline,1,True,valid,succeeded,252.6898,0,True,False,/home/student24/dissertation/barn_ros2/src/The-Barn-Challenge-Ros2/experiment_runs/fault_campaigns/lidar_dropout_tuned_clean_campaign2/worlds/world_250/logs/world_250_baseline_r006.log,/home/student24/dissertation/barn_ros2/src/The-Barn-Challenge-Ros2/experiment_runs/fault_campaigns/lidar_dropout_tuned_clean_campaign2/worlds/world_250/logs/resource_logs/world_250_baseline_r006.csv,/home/student24/dissertation/barn_ros2/src/The-Barn-Challenge-Ros2/experiment_runs/fault_campaigns/lidar_dropout_tuned_clean_campaign2/worlds/world_250/meta/world_250_baseline_r006.json,2026-08-05T20:21:16.977439,2026-08-05T20:26:16.523997
