fault_label,metric,world_idx,effect_orientation,unit,meaningful_threshold,n_pairs,observed_world_mean_degradation,observed_world_sd_degradation,posterior_mean,posterior_median,credible_interval_95_lower,credible_interval_95_upper,p_world_degradation,p_world_meaningful_degradation,shrinkage_from_observed_mean,interpretation
frontal_masking,actual_path_length_m,173,positive values mean degradation,m,0.1,6,1.2566052655662758,3.0534945421407116,0.8895023311228691,0.8860770015351555,0.14778447984951223,1.6389419723374,0.991,0.981,-0.3705282640311204,strong evidence of practically meaningful degradation
frontal_masking,actual_path_length_m,250,positive values mean degradation,m,0.1,6,0.531019911188729,1.2850863253055411,0.4206085134791323,0.4206545541222497,-0.2844885590429251,1.1493438024800129,0.879,0.808,-0.11036535706647932,moderate evidence of degradation
frontal_masking,actual_path_length_m,76,positive values mean degradation,m,0.1,6,0.025724577416722443,0.07464943572560201,0.09133260828598072,0.09522579888497651,-0.6476568807286575,0.8186378021368925,0.60525,0.494875,0.06950122146825406,uncertain / mixed effect
frontal_masking,actual_path_length_m,8,positive values mean degradation,m,0.1,6,0.033231180245177384,0.0602468743600339,0.0926500155452178,0.09453161782079819,-0.6358017319941753,0.8181332136496302,0.604,0.494125,0.06130043757562081,uncertain / mixed effect
frontal_masking,actual_path_length_m,86,positive values mean degradation,m,0.1,6,0.010339338040952661,0.031115475393995055,0.08203358135700868,0.08302159622096703,-0.6406672080453356,0.7864204185565046,0.58925,0.483375,0.07268225818001436,uncertain / mixed effect
frontal_masking,actual_path_length_m,94,positive values mean degradation,m,0.1,6,0.018843128677115868,0.046062952877985716,0.0840473848108026,0.08286519871546058,-0.6116978936361159,0.7980372458377135,0.594,0.481,0.06402207003834472,uncertain / mixed effect
frontal_masking,actual_path_length_m,274,positive values mean degradation,m,0.1,6,0.00327786649968953,0.09977069189723521,0.07447646067563797,0.07309328256834774,-0.6453404623255009,0.7988304841188033,0.584,0.47175,0.06981541606865821,uncertain / mixed effect
frontal_masking,actual_path_length_m,239,positive values mean degradation,m,0.1,6,-0.016793880462498006,0.16080469650837073,0.06097576547361969,0.06049267357241496,-0.6634265292078179,0.7926950754680681,0.569,0.4535,0.07728655403491297,uncertain / mixed effect
frontal_masking,actual_path_length_m,240,positive values mean degradation,m,0.1,6,-0.020563250867688804,0.0693182485851666,0.054032069704465856,0.055540923814056425,-0.6536010173944016,0.7641472476543869,0.5595,0.45125,0.07610417468174523,uncertain / mixed effect
frontal_masking,completion_time_s,173,positive values mean degradation,s,5.0,6,44.94606666666668,93.93958537729804,32.20370345870011,32.14534349952734,7.58756458935865,57.3077982309775,0.995375,0.984375,-12.800723167139338,strong evidence of practically meaningful degradation
frontal_masking,completion_time_s,86,positive values mean degradation,s,5.0,6,8.145616666666669,9.841802584977346,8.265272629829301,8.189849938447578,-15.26382726268902,31.377616514412363,0.76125,0.609625,0.04423327178090908,moderate evidence of degradation
frontal_masking,completion_time_s,274,positive values mean degradation,s,5.0,6,7.568100000000001,5.3597875428042965,8.103635382170417,8.162949301785817,-15.810462929646587,31.476783677337984,0.755125,0.607375,0.5948493017858159,moderate evidence of degradation
frontal_masking,completion_time_s,8,positive values mean degradation,s,5.0,6,6.80865,3.848335528381058,7.503831174457776,7.429832879760514,-15.576401647720028,31.317499027290573,0.731125,0.584125,0.6211828797605143,uncertain / mixed effect
frontal_masking,completion_time_s,76,positive values mean degradation,s,5.0,6,5.157716666666668,5.787738452078378,6.587472243482137,6.538295258406224,-17.262753280651594,30.186292110668322,0.706,0.553875,1.3805785917395559,uncertain / mixed effect
frontal_masking,completion_time_s,240,positive values mean degradation,s,5.0,6,3.942199999999995,3.2699189867640444,6.034493251129735,6.173907335352955,-17.73369836777051,29.486101420823434,0.69625,0.540375,2.23170733535296,uncertain / mixed effect
frontal_masking,completion_time_s,250,positive values mean degradation,s,5.0,6,4.521149999999977,9.66186809074725,6.111757681919872,6.123576943300144,-17.976189407083222,29.732272017232173,0.6915,0.536625,1.6024269433001663,uncertain / mixed effect
frontal_masking,completion_time_s,94,positive values mean degradation,s,5.0,6,1.0147333333333393,9.327820344467762,4.00895477833891,4.251004387017414,-20.849154024439972,28.02553303923617,0.636625,0.4745,3.2362710536840744,uncertain / mixed effect
frontal_masking,completion_time_s,239,positive values mean degradation,s,5.0,6,0.7819333333333182,54.79590489270769,3.892532959462285,4.107786777990336,-19.86960731682797,27.38010565402333,0.63025,0.468125,3.325853444657018,uncertain / mixed effect
frontal_masking,controller_new_path_count,173,positive values mean degradation,count,5.0,6,43.833333333333336,91.7047799553909,31.58745505178468,31.51854105692511,9.61851980753838,53.244542201974625,0.998875,0.993125,-12.314792276408227,strong evidence of practically meaningful degradation
frontal_masking,controller_new_path_count,86,positive values mean degradation,count,5.0,6,7.5,9.60728889958036,8.020798622977788,8.122698014310867,-12.308474379621247,28.804609330320762,0.78025,0.619625,0.6226980143108669,moderate evidence of degradation
frontal_masking,controller_new_path_count,274,positive values mean degradation,count,5.0,6,7.166666666666667,5.382068994974579,7.969031096570126,8.02490053461116,-12.67683070990117,28.777803986175723,0.778,0.61025,0.8582338679444925,moderate evidence of degradation
frontal_masking,controller_new_path_count,8,positive values mean degradation,count,5.0,6,6.666666666666667,4.412104562073146,7.455046483670965,7.545148990408191,-13.368914288321394,27.812086747819276,0.766875,0.59625,0.8784823237415242,moderate evidence of degradation
frontal_masking,controller_new_path_count,76,positive values mean degradation,count,5.0,6,5.166666666666667,5.913261931173578,6.689719261387681,6.618841084546748,-14.417812021204236,28.224163917854128,0.73675,0.562375,1.452174417880081,uncertain / mixed effect
frontal_masking,controller_new_path_count,239,positive values mean degradation,count,5.0,6,4.666666666666667,10.65207335060488,6.291658542091402,6.428205617336069,-14.138020213021047,26.395909276639436,0.73025,0.552875,1.7615389506694017,uncertain / mixed effect
frontal_masking,controller_new_path_count,240,positive values mean degradation,count,5.0,6,4.5,3.082207001484488,6.154038525644285,6.053985832528995,-14.26825158568801,26.320388933069378,0.722625,0.5385,1.553985832528995,uncertain / mixed effect
frontal_masking,controller_new_path_count,250,positive values mean degradation,count,5.0,6,2.8333333333333335,12.967909109284607,4.750942623161064,4.717442946225534,-15.807523933435952,25.334279351912212,0.6775,0.48875,1.8841096128922001,uncertain / mixed effect
frontal_masking,controller_new_path_count,94,positive values mean degradation,count,5.0,6,1.5,9.439279633531363,3.9483779061418813,4.243695770625793,-17.433791410103378,24.860623378593765,0.65675,0.471,2.743695770625793,uncertain / mixed effect
frontal_masking,whole_max_stop_streak_s,173,positive values mean degradation,s,5.0,6,45.11666666666666,93.73867903201256,34.111317444642,33.875369039528096,10.836444847235912,57.80571360414421,0.998,0.99275,-11.241297627138565,strong evidence of practically meaningful degradation
frontal_masking,whole_max_stop_streak_s,86,positive values mean degradation,s,5.0,6,23.416666666666668,15.406564401795306,20.14142544635307,20.11359785910226,-2.8727623524123382,43.83105940815269,0.95625,0.900125,-3.303068807564408,strong evidence of practically meaningful degradation
frontal_masking,whole_max_stop_streak_s,76,positive values mean degradation,s,5.0,6,19.201666666666664,13.944791739809766,17.401694056263022,17.468888124449578,-5.671713338038649,40.449325299156285,0.93075,0.861875,-1.732778542217087,strong evidence of directional degradation
frontal_masking,whole_max_stop_streak_s,239,positive values mean degradation,s,5.0,6,11.733333333333334,38.9151721911476,12.586234808245528,12.620065102978739,-10.582144639943381,35.41425495822946,0.863125,0.746375,0.8867317696454045,moderate evidence of degradation
frontal_masking,whole_max_stop_streak_s,94,positive values mean degradation,s,5.0,6,10.853333333333335,11.597718166375085,12.0686217066157,12.182414611840569,-10.734906079566356,35.28275527000551,0.848375,0.725125,1.3290812785072337,moderate evidence of degradation
frontal_masking,whole_max_stop_streak_s,274,positive values mean degradation,s,5.0,6,7.516666666666667,18.133478063147912,9.738314634638915,9.752283205684439,-13.414577785243699,32.84288251909697,0.80025,0.65675,2.235616539017772,moderate evidence of degradation
frontal_masking,whole_max_stop_streak_s,250,positive values mean degradation,s,5.0,6,4.986666666666679,9.004949009665003,8.268761445886451,8.269589079354077,-14.865508633741715,31.49954993976057,0.757,0.6095,3.282922412687398,moderate evidence of degradation
frontal_masking,whole_max_stop_streak_s,8,positive values mean degradation,s,5.0,6,2.514999999999995,9.362172290659904,6.660063596766472,6.7926496302526544,-16.941469242636337,29.224226742049034,0.72,0.561625,4.277649630252659,uncertain / mixed effect
frontal_masking,whole_max_stop_streak_s,240,positive values mean degradation,s,5.0,6,0.8216666666666663,3.7723118464234475,5.403874758368308,5.44434636532531,-17.61550266628609,28.47966112096427,0.68025,0.517125,4.622679698658644,uncertain / mixed effect
frontal_masking,whole_mean_speed_mps,8,positive values mean degradation,m/s decrease,0.005,6,0.0021642402319376314,0.0012120678766957284,0.0018716246500835975,0.0018756628172618606,-0.0005857337823541773,0.004313275900044063,0.935,0.006,-0.00028857741467577087,strong evidence of directional degradation
frontal_masking,whole_mean_speed_mps,173,positive values mean degradation,m/s decrease,0.005,6,0.0019873484837289353,0.0030651963171022616,0.0017487272739875471,0.0017464595844743406,-0.0007551143707017854,0.004262242906460614,0.91575,0.004875,-0.0002408888992545947,strong evidence of directional degradation
frontal_masking,whole_mean_speed_mps,274,positive values mean degradation,m/s decrease,0.005,6,0.0019185013010142211,0.0014291409788321349,0.0016879866178667311,0.0016808301812453973,-0.0007223270944389377,0.00418203660483819,0.911125,0.004625,-0.00023767111976882383,strong evidence of directional degradation
frontal_masking,whole_mean_speed_mps,86,positive values mean degradation,m/s decrease,0.005,6,0.0016669745029896609,0.0020977162239786385,0.0015041880090003786,0.0014909864420154803,-0.00095174528524222,0.003997280891797767,0.893375,0.004,-0.00017598806097418053,moderate evidence of degradation
frontal_masking,whole_mean_speed_mps,76,positive values mean degradation,m/s decrease,0.005,6,0.0013001332331216559,0.0013707572455949454,0.001230939903511832,0.0012389214927601808,-0.001182387178770444,0.00368033525882224,0.838875,0.001125,-6.121174036147507e-05,moderate evidence of degradation
frontal_masking,whole_mean_speed_mps,240,positive values mean degradation,m/s decrease,0.005,6,0.001081781549649589,0.0011332033948673365,0.0010501766611111687,0.001054711620240047,-0.0014262269588821155,0.0034934493528055305,0.801,0.00075,-2.7069929409541957e-05,moderate evidence of degradation
frontal_masking,whole_mean_speed_mps,94,positive values mean degradation,m/s decrease,0.005,6,0.00028304557046501116,0.0020920704133207983,0.0004761245179733058,0.00047755618841746074,-0.001988345483755439,0.0028904280592798185,0.64975,0.0005,0.00019451061795244958,uncertain / mixed effect
frontal_masking,whole_mean_speed_mps,239,positive values mean degradation,m/s decrease,0.005,6,7.45894485871014e-05,0.007566168452636924,0.00030903864842506617,0.00030886850039975967,-0.0021224151978876124,0.0027780024542262698,0.600125,0.000125,0.00023427905181265827,uncertain / mixed effect
frontal_masking,whole_mean_speed_mps,250,positive values mean degradation,m/s decrease,0.005,6,-0.0011811022568045699,0.005196929026486104,-0.0006052716602274208,-0.0006237142203051073,-0.0030619767923478866,0.001900467700798115,0.312375,0.000125,0.0005573880364994625,uncertain / mixed effect
frontal_masking,whole_stop_ratio,86,positive values mean degradation,ratio,0.05,6,0.12754125050636614,0.058767449916201156,0.1065734655254763,0.10669351976528202,0.0566056978431728,0.1561736570657831,1.0,0.987,-0.02084773074108412,strong evidence of practically meaningful degradation
frontal_masking,whole_stop_ratio,76,positive values mean degradation,ratio,0.05,6,0.11004765628287176,0.10092725929666549,0.09358448159560362,0.09388401000610899,0.04439937267501064,0.14191736548182435,0.999875,0.95675,-0.01616364627676277,strong evidence of practically meaningful degradation
frontal_masking,whole_stop_ratio,239,positive values mean degradation,ratio,0.05,6,0.06861263041463062,0.09598131547538624,0.06338426920024916,0.06352369135622418,0.015323952651388006,0.11248628612282584,0.993375,0.706375,-0.005088939058406433,strong evidence of directional degradation
frontal_masking,whole_stop_ratio,274,positive values mean degradation,ratio,0.05,6,0.060179552489471815,0.10119611146039921,0.05776000725443186,0.05768606174804464,0.009381674051984076,0.10665391756355813,0.989625,0.61575,-0.0024934907414271776,strong evidence of directional degradation
frontal_masking,whole_stop_ratio,8,positive values mean degradation,ratio,0.05,6,0.035452109247166845,0.06559346511674272,0.03920426108553381,0.03914041887922538,-0.010410874730868325,0.08893314671364926,0.938875,0.33225,0.003688309632058538,strong evidence of directional degradation
frontal_masking,whole_stop_ratio,240,positive values mean degradation,ratio,0.05,6,0.02232356010325941,0.05865572591931555,0.02964643501358075,0.029762803717805975,-0.01924537618348943,0.07918355309362521,0.878875,0.209875,0.007439243614546565,moderate evidence of degradation
frontal_masking,whole_stop_ratio,94,positive values mean degradation,ratio,0.05,6,0.020882309134430326,0.05369492552241956,0.028814766275472734,0.028640256235444365,-0.020259138333493822,0.07840011350123942,0.877875,0.19475,0.0077579471010140386,moderate evidence of degradation
frontal_masking,whole_stop_ratio,250,positive values mean degradation,ratio,0.05,6,0.0,0.0,0.013251637838173111,0.013282437531739754,-0.03502739151208985,0.06234027262911922,0.701125,0.06925,0.013282437531739754,uncertain / mixed effect
frontal_masking,whole_stop_ratio,173,positive values mean degradation,ratio,0.05,6,0.0,0.0,0.013505608502252391,0.013552303463499601,-0.036344128409773434,0.06250312895218804,0.707,0.06875,0.013552303463499601,uncertain / mixed effect
lidar_dropout,actual_path_length_m,76,positive values mean degradation,m,0.1,6,1.2351208998245975,3.0752385735520993,0.8491840943527464,0.84498203272569,0.14189385292920698,1.570700389698559,0.98975,0.981,-0.39013886709890755,strong evidence of practically meaningful degradation
lidar_dropout,actual_path_length_m,8,positive values mean degradation,m,0.1,6,0.13783875316742952,0.2756952167840522,0.13963583097835208,0.139025800366543,-0.5511361957084664,0.8293803065032711,0.66275,0.544875,0.0011870471991134723,uncertain / mixed effect
lidar_dropout,actual_path_length_m,274,positive values mean degradation,m,0.1,6,0.04770326420411871,0.10352924445658038,0.07571829912643994,0.07143837241549571,-0.5701561560218131,0.768433396640084,0.577,0.468125,0.023735108211376997,uncertain / mixed effect
lidar_dropout,actual_path_length_m,94,positive values mean degradation,m,0.1,6,0.045646120704637916,0.07308355478892029,0.07300718594648141,0.07057703899851187,-0.5963574175360581,0.7564626161747474,0.582875,0.467,0.02493091829387395,uncertain / mixed effect
lidar_dropout,actual_path_length_m,240,positive values mean degradation,m,0.1,6,0.020424102536413653,0.05669938106659537,0.06151039390051306,0.05862290552179365,-0.6220052159504604,0.7379387999279047,0.57025,0.453125,0.038198802985380004,uncertain / mixed effect
lidar_dropout,actual_path_length_m,86,positive values mean degradation,m,0.1,6,-0.009061037912000044,0.06471246487756917,0.04887456049202468,0.05015348625926066,-0.633039339924908,0.7334395273727908,0.55575,0.440625,0.059214524171260705,uncertain / mixed effect
lidar_dropout,actual_path_length_m,250,positive values mean degradation,m,0.1,6,-0.0590999247986006,0.20758965790321965,0.015410175927577577,0.015497801456019762,-0.6672262805267964,0.6977529407781489,0.51925,0.4055,0.07459772625462036,uncertain / mixed effect
lidar_dropout,actual_path_length_m,239,positive values mean degradation,m,0.1,6,-0.1056731367733968,0.3083329429525877,-0.02620926982486947,-0.02662302993055439,-0.7259771069658901,0.6590810021890966,0.46975,0.355125,0.07905010684284242,uncertain / mixed effect
lidar_dropout,actual_path_length_m,173,positive values mean degradation,m,0.1,6,-0.18330420672563452,0.23010033522005505,-0.07495179097793553,-0.07934707275691039,-0.7449250326714467,0.5975693179390728,0.411375,0.309875,0.10395713396872414,uncertain / mixed effect
lidar_dropout,completion_time_s,76,positive values mean degradation,s,5.0,6,35.60366666666666,78.27641428314577,25.46955652101964,25.294584878655417,4.982556779940964,46.45641061806988,0.992375,0.974875,-10.309081788011245,strong evidence of practically meaningful degradation
lidar_dropout,completion_time_s,239,positive values mean degradation,s,5.0,6,10.72471666666666,21.512791314231322,9.160644581622151,9.162919362350959,-10.765341832659892,28.97287933762919,0.817625,0.662625,-1.5617973043157019,moderate evidence of degradation
lidar_dropout,completion_time_s,94,positive values mean degradation,s,5.0,6,8.19286666666668,7.726615543086541,7.697610343552917,7.8412203732722965,-12.477076582500274,27.62261237078719,0.781,0.60725,-0.35164629339438314,moderate evidence of degradation
lidar_dropout,completion_time_s,240,positive values mean degradation,s,5.0,6,6.4719666666666695,4.019788504220911,6.70699325750295,6.853486097460037,-13.690144477224125,26.537348134221144,0.744,0.575125,0.38151943079336714,uncertain / mixed effect
lidar_dropout,completion_time_s,274,positive values mean degradation,s,5.0,6,6.000016666666663,3.7848807602970274,6.109308190805812,6.241972734076262,-13.572703474203072,25.746486368700822,0.730125,0.544875,0.24195606740959885,uncertain / mixed effect
lidar_dropout,completion_time_s,86,positive values mean degradation,s,5.0,6,3.7196,5.455837551100657,4.616563864559122,4.551123540604896,-15.545816572838529,24.26635554472344,0.675875,0.4835,0.8315235406048966,uncertain / mixed effect
lidar_dropout,completion_time_s,173,positive values mean degradation,s,5.0,6,0.20426666666665008,4.87073951209328,2.402188390935052,2.3199527489808647,-17.798879548524685,22.352336409847126,0.59025,0.397875,2.1156860823142147,uncertain / mixed effect
lidar_dropout,completion_time_s,250,positive values mean degradation,s,5.0,6,-2.0309166666666507,3.4478754022827833,1.0006008388830314,0.9607157444208563,-18.76277540323606,20.915468656221684,0.53625,0.34725,2.991632411087507,uncertain / mixed effect
lidar_dropout,completion_time_s,8,positive values mean degradation,s,5.0,6,-11.007883333333345,40.14198046596191,-4.949482028675336,-4.875554574256817,-25.507788234210963,14.633996433975259,0.313375,0.164625,6.132328759076527,uncertain / mixed effect
lidar_dropout,controller_new_path_count,76,positive values mean degradation,count,5.0,6,34.833333333333336,76.06159784455403,24.795299879193173,24.74171528325943,5.1926495988154375,45.028508162875816,0.9935,0.97675,-10.091618050073905,strong evidence of practically meaningful degradation
lidar_dropout,controller_new_path_count,94,positive values mean degradation,count,5.0,6,7.833333333333333,8.109665015687558,7.053620377167102,7.109198984728282,-12.447622691679882,25.74195328397032,0.769875,0.58625,-0.7241343486050509,moderate evidence of degradation
lidar_dropout,controller_new_path_count,240,positive values mean degradation,count,5.0,6,6.5,3.9370039370059056,6.218572716930327,6.333916426250035,-13.082040019232318,25.048319609674763,0.7435,0.554125,-0.1660835737499653,uncertain / mixed effect
lidar_dropout,controller_new_path_count,274,positive values mean degradation,count,5.0,6,6.5,3.391164991562634,6.213802526549313,6.219618581701665,-13.036194413553229,25.051729971350706,0.7445,0.553875,-0.28038141829833485,uncertain / mixed effect
lidar_dropout,controller_new_path_count,239,positive values mean degradation,count,5.0,6,4.0,14.352700094407323,4.612812810379397,4.641589831568995,-14.51244920285573,23.721618726062307,0.68525,0.486125,0.6415898315689947,uncertain / mixed effect
lidar_dropout,controller_new_path_count,86,positive values mean degradation,count,5.0,6,3.5,5.089204259999789,4.417126863721298,4.491461430437962,-14.63574917266937,23.497509275987902,0.680375,0.47975,0.9914614304379619,uncertain / mixed effect
lidar_dropout,controller_new_path_count,173,positive values mean degradation,count,5.0,6,1.1666666666666667,4.792355023020171,2.595708105279926,2.54647124506542,-16.280663542453276,21.667223520299537,0.605625,0.3995,1.3798045783987531,uncertain / mixed effect
lidar_dropout,controller_new_path_count,250,positive values mean degradation,count,5.0,6,-2.1666666666666665,2.9268868558020253,0.5024171983105159,0.4977850466164738,-18.606844651918134,19.690582813508797,0.51975,0.324125,2.6644517132831402,uncertain / mixed effect
lidar_dropout,controller_new_path_count,8,positive values mean degradation,count,5.0,6,-11.0,39.35987804859156,-5.277710755357171,-5.021954882439752,-24.809117623891233,13.513446725435488,0.299875,0.146375,5.978045117560248,uncertain / mixed effect
lidar_dropout,whole_max_stop_streak_s,76,positive values mean degradation,s,5.0,6,39.25333333333333,91.33338046227495,28.896104057290714,28.60825457150475,-2.0356801379771965,60.903156750358875,0.967125,0.93875,-10.645078761828579,strong evidence of practically meaningful degradation
lidar_dropout,whole_max_stop_streak_s,274,positive values mean degradation,s,5.0,6,25.038333333333338,21.966931890154036,19.69658870862874,19.612881779138966,-10.553252942421391,50.34549844690839,0.900625,0.836375,-5.425451554194371,strong evidence of directional degradation
lidar_dropout,whole_max_stop_streak_s,94,positive values mean degradation,s,5.0,6,21.748333333333328,38.38658328982492,18.168463226703434,17.946649136654017,-11.899320175309107,48.753770799237245,0.8875,0.808375,-3.801684196679311,moderate evidence of degradation
lidar_dropout,whole_max_stop_streak_s,86,positive values mean degradation,s,5.0,6,15.895000000000001,34.18669492653538,14.148754902886651,13.945985582498956,-15.470375164465123,44.5517587760399,0.83075,0.725125,-1.9490144175010453,moderate evidence of degradation
lidar_dropout,whole_max_stop_streak_s,240,positive values mean degradation,s,5.0,6,15.04833333333334,22.634218711205094,13.962923721200765,14.052061268246181,-16.00828906692681,43.77455887337663,0.820375,0.72075,-0.9962720650871582,moderate evidence of degradation
lidar_dropout,whole_max_stop_streak_s,239,positive values mean degradation,s,5.0,6,4.2066666666666634,6.612889434027044,6.933170881170824,6.908342423206118,-23.574413890932483,37.1221723447667,0.676625,0.545375,2.701675756539455,uncertain / mixed effect
lidar_dropout,whole_max_stop_streak_s,173,positive values mean degradation,s,5.0,6,0.05999999999998806,3.1878017504230307,4.513923630208662,4.5641134206804415,-26.144223708856895,35.24403029652125,0.618125,0.4885,4.504113420680453,uncertain / mixed effect
lidar_dropout,whole_max_stop_streak_s,250,positive values mean degradation,s,5.0,6,-1.6750000000000067,4.161724402215976,3.1593390905268164,3.2437266412058463,-27.289616154325277,33.483692629040576,0.580375,0.4555,4.918726641205853,uncertain / mixed effect
lidar_dropout,whole_max_stop_streak_s,8,positive values mean degradation,s,5.0,6,-16.691666666666663,90.34862199650122,-6.18301665079195,-6.063075869672396,-37.866830352400584,24.428460702868488,0.34925,0.2415,10.628590796994267,uncertain / mixed effect
lidar_dropout,whole_mean_speed_mps,76,positive values mean degradation,m/s decrease,0.005,6,0.0026601465503699787,0.004652931845728133,0.0022598304795763773,0.0022544149652926533,-0.0001071123887260217,0.0046092920902737035,0.96875,0.0115,-0.00040573158507732545,strong evidence of directional degradation
lidar_dropout,whole_mean_speed_mps,240,positive values mean degradation,m/s decrease,0.005,6,0.0015421418564740667,0.0008709482120114281,0.001391537240001295,0.001394771488708605,-0.0009466372719023781,0.003685100503422878,0.882375,0.001875,-0.0001473703677654617,moderate evidence of degradation
lidar_dropout,whole_mean_speed_mps,239,positive values mean degradation,m/s decrease,0.005,6,0.001813018778303929,0.002783843763106775,0.0016157802432160164,0.0016279098720243666,-0.0007019415243952885,0.003960209658145257,0.9125,0.00175,-0.00018510890627956226,strong evidence of directional degradation
lidar_dropout,whole_mean_speed_mps,94,positive values mean degradation,m/s decrease,0.005,6,0.0014185112058942573,0.0012007644232234931,0.001309084451309608,0.0013116751960844664,-0.0009999020012776548,0.003618353848298797,0.86675,0.00125,-0.00010683600980979091,moderate evidence of degradation
lidar_dropout,whole_mean_speed_mps,274,positive values mean degradation,m/s decrease,0.005,6,0.0013465077455132556,0.0006522694861544501,0.0012629482347302843,0.0012593212454370443,-0.0010205024715833893,0.003600109329024673,0.859625,0.00075,-8.718650007621129e-05,moderate evidence of degradation
lidar_dropout,whole_mean_speed_mps,173,positive values mean degradation,m/s decrease,0.005,6,0.0006504976708272039,0.0010558388890213484,0.0007292835461702553,0.0007275410748608592,-0.001560851993138506,0.0030389178141305862,0.73175,0.00025,7.704340403365533e-05,uncertain / mixed effect
lidar_dropout,whole_mean_speed_mps,86,positive values mean degradation,m/s decrease,0.005,6,0.0005568716861620119,0.0011570018981902055,0.0006367259769000085,0.0006267450226734074,-0.001690598239445372,0.0029214940271427557,0.70725,0.00025,6.987333651139549e-05,uncertain / mixed effect
lidar_dropout,whole_mean_speed_mps,250,positive values mean degradation,m/s decrease,0.005,6,-7.263900386940646e-05,0.000992794402237126,0.0001782168838495483,0.000188503724752803,-0.00216380955326188,0.002442342333939606,0.568375,0.000125,0.00026114272862220946,uncertain / mixed effect
lidar_dropout,whole_mean_speed_mps,8,positive values mean degradation,m/s decrease,0.005,6,-0.0013358341172830974,0.007432119618938418,-0.0008211667759363194,-0.0008104245063923182,-0.0032160564052544274,0.001563217520889584,0.2415,0.0,0.0005254096108907793,little evidence of degradation
lidar_dropout,whole_stop_ratio,76,positive values mean degradation,ratio,0.05,6,0.13249981971489683,0.2858286165176679,0.09519051117763785,0.09466153877909848,0.014698218140123863,0.17788661497818342,0.990625,0.862125,-0.037838280935798344,strong evidence of directional degradation
lidar_dropout,whole_stop_ratio,274,positive values mean degradation,ratio,0.05,6,0.06229395425794409,0.039661120390847376,0.050540309027023354,0.05066581392576867,-0.027651043963531772,0.12937120359520965,0.896875,0.5075,-0.011628140332175421,moderate evidence of degradation
lidar_dropout,whole_stop_ratio,240,positive values mean degradation,ratio,0.05,6,0.051361815255280656,0.04739357846424475,0.042506493636546565,0.042342992057598325,-0.03609054711382242,0.12194538351303365,0.854375,0.42625,-0.009018823197682331,moderate evidence of degradation
lidar_dropout,whole_stop_ratio,8,positive values mean degradation,ratio,0.05,6,0.030717050638927174,0.15782605192041999,0.029167098621297537,0.028811321933250346,-0.05005125585038502,0.10772107476489047,0.77,0.301,-0.0019057287056768284,moderate evidence of degradation
lidar_dropout,whole_stop_ratio,94,positive values mean degradation,ratio,0.05,6,0.011805454240404356,0.06648720112455878,0.01723223611559532,0.017321387815738765,-0.0609795305362296,0.09680070584504047,0.66725,0.20575,0.005515933575334409,uncertain / mixed effect
lidar_dropout,whole_stop_ratio,250,positive values mean degradation,ratio,0.05,6,0.0,0.0,0.00950745286025311,0.009212105476255096,-0.06591537132779811,0.08956172499382621,0.58925,0.159125,0.009212105476255096,uncertain / mixed effect
lidar_dropout,whole_stop_ratio,173,positive values mean degradation,ratio,0.05,6,0.0,0.0,0.008736063485656535,0.008592615558798304,-0.07040128728943526,0.08856917428732809,0.586125,0.15325,0.008592615558798304,uncertain / mixed effect
lidar_dropout,whole_stop_ratio,86,positive values mean degradation,ratio,0.05,6,-0.012625840778841371,0.06494295379416497,0.001004708454170796,0.0011650628632883953,-0.07685267735606818,0.08011347030429798,0.511125,0.104625,0.013790903642129766,uncertain / mixed effect
lidar_dropout,whole_stop_ratio,239,positive values mean degradation,ratio,0.05,6,-0.04288542815141849,0.10497243891539076,-0.019530142303793883,-0.0193867005637358,-0.10045762126749962,0.06031517516224601,0.317,0.045125,0.02349872758768269,uncertain / mixed effect
